Ariyalur,4820,4735,36,49,01/04/2021
Chengalpattu,56602,53965,1817,820,01/04/2021
Chennai,250000,239056,6695,4249,01/04/2021
Coimbatore,59247,56836,1717,694,01/04/2021
Cuddalore,25746,25162,292,292,01/04/2021
Dharmapuri,6783,6677,51,55,01/04/2021
Dindigul,11906,11540,164,202,01/04/2021
Erode,15384,15037,197,150,01/04/2021
Kallakurichi,10961,10829,24,108,01/04/2021
Kancheepuram,30704,29743,501,460,01/04/2021
Kanyakumari,17568,17089,216,263,01/04/2021
Karur,5658,5546,60,52,01/04/2021
Krishnagiri,8499,8217,163,119,01/04/2021
Madurai,21859,21075,318,466,01/04/2021
Nagapattinam,9213,8724,347,142,01/04/2021
Namakkal,12131,11866,154,111,01/04/2021
Nilgiris,8686,8498,138,50,01/04/2021
Perambalur,2308,2280,7,21,01/04/2021
Pudukottai,11891,11627,104,160,01/04/2021
Ramanathapuram,6562,6382,42,138,01/04/2021
Ranipet,16490,16156,144,190,01/04/2021
Salem,33539,32765,306,468,01/04/2021
Sivagangai,7016,6770,119,127,01/04/2021
Tenkasi,8731,8476,94,161,01/04/2021
Thanjavur,19856,19015,569,272,01/04/2021
Theni,17312,17049,56,207,01/04/2021
Thirupathur,7821,7607,86,128,01/04/2021
Thiruvallur,46223,44847,663,713,01/04/2021
Thiruvannamalai,19706,19342,79,285,01/04/2021
Thiruvarur,12064,11565,384,115,01/04/2021
Thoothukudi,16571,16310,118,143,01/04/2021
Tirunelveli,16156,15719,221,216,01/04/2021
Tiruppur,19384,18762,396,226,01/04/2021
Trichy,15684,15115,384,185,01/04/2021
Vellore,21532,20971,207,354,01/04/2021
Villupuram,15533,15309,111,113,01/04/2021
Virudhunagar,16885,16607,46,232,01/04/2021
AirportSurveillance(International),974,966,7,1,01/04/2021
AirportSurveillance(Domestic),1057,1046,10,1,01/04/2021
RailwaySurveillance,428,428,0,0,01/04/2021
Ariyalur,4829,4742,38,49,02/04/2021
Chengalpattu,56891,54123,1948,820,02/04/2021
Chennai,251141,239724,7161,4256,02/04/2021
Coimbatore,59529,56972,1863,694,02/04/2021
Cuddalore,25805,25194,319,292,02/04/2021
Dharmapuri,6789,6682,52,55,02/04/2021
Dindigul,11955,11558,195,202,02/04/2021
Erode,15425,15062,213,150,02/04/2021
Kallakurichi,10973,10836,29,108,02/04/2021
Kancheepuram,30818,29844,513,461,02/04/2021
Kanyakumari,17609,17112,233,264,02/04/2021
Karur,5670,5553,65,52,02/04/2021
Krishnagiri,8546,8233,194,119,02/04/2021
Madurai,21964,21108,390,466,02/04/2021
Nagapattinam,9271,8741,388,142,02/04/2021
Namakkal,12149,11880,158,111,02/04/2021
Nilgiris,8708,8514,144,50,02/04/2021
Perambalur,2309,2281,7,21,02/04/2021
Pudukottai,11910,11634,116,160,02/04/2021
Ramanathapuram,6575,6387,50,138,02/04/2021
Ranipet,16517,16165,162,190,02/04/2021
Salem,33590,32819,303,468,02/04/2021
Sivagangai,7045,6780,138,127,02/04/2021
Tenkasi,8749,8483,104,162,02/04/2021
Thanjavur,19976,19065,639,272,02/04/2021
Theni,17322,17055,60,207,02/04/2021
Thirupathur,7846,7616,102,128,02/04/2021
Thiruvallur,46416,44955,748,713,02/04/2021
Thiruvannamalai,19726,19357,83,286,02/04/2021
Thiruvarur,12136,11597,424,115,02/04/2021
Thoothukudi,16592,16314,135,143,02/04/2021
Tirunelveli,16236,15725,295,216,02/04/2021
Tiruppur,19465,18801,438,226,02/04/2021
Trichy,15811,15145,480,186,02/04/2021
Vellore,21569,20996,219,354,02/04/2021
Villupuram,15561,15314,134,113,02/04/2021
Virudhunagar,16897,16617,48,232,02/04/2021
AirportSurveillance(International),975,966,8,1,02/04/2021
AirportSurveillance(Domestic),1057,1046,10,1,02/04/2021
RailwaySurveillance,428,428,0,0,02/04/2021
Ariyalur,4838,4748,41,49,03/04/2021
Chengalpattu,57176,54290,2064,822,03/04/2021
Chennai,252431,240454,7713,4264,03/04/2021
Coimbatore,59821,57120,2007,694,03/04/2021
Cuddalore,25880,25237,351,292,03/04/2021
Dharmapuri,6806,6686,65,55,03/04/2021
Dindigul,11973,11584,187,202,03/04/2021
Erode,15474,15088,236,150,03/04/2021
Kallakurichi,10982,10838,36,108,03/04/2021
Kancheepuram,30959,29938,559,462,03/04/2021
Kanyakumari,17644,17139,241,264,03/04/2021
Karur,5688,5562,74,52,03/04/2021
Krishnagiri,8593,8245,229,119,03/04/2021
Madurai,22030,21134,429,467,03/04/2021
Nagapattinam,9334,8769,422,143,03/04/2021
Namakkal,12176,11896,169,111,03/04/2021
Nilgiris,8727,8528,149,50,03/04/2021
Perambalur,2311,2281,9,21,03/04/2021
Pudukottai,11925,11647,118,160,03/04/2021
Ramanathapuram,6584,6393,53,138,03/04/2021
Ranipet,16541,16172,179,190,03/04/2021
Salem,33652,32843,341,468,03/04/2021
Sivagangai,7063,6792,144,127,03/04/2021
Tenkasi,8766,8487,118,161,03/04/2021
Thanjavur,20114,19128,713,273,03/04/2021
Theni,17334,17058,69,207,03/04/2021
Thirupathur,7869,7627,114,128,03/04/2021
Thiruvallur,46617,45058,845,714,03/04/2021
Thiruvannamalai,19763,19369,108,286,03/04/2021
Thiruvarur,12209,11649,445,115,03/04/2021
Thoothukudi,16614,16322,149,143,03/04/2021
Tirunelveli,16274,15733,325,216,03/04/2021
Tiruppur,19544,18851,467,226,03/04/2021
Trichy,15953,15185,582,186,03/04/2021
Vellore,21601,21023,224,354,03/04/2021
Villupuram,15587,15322,152,113,03/04/2021
Virudhunagar,16912,16622,58,232,03/04/2021
AirportSurveillance(International),975,966,8,1,03/04/2021
AirportSurveillance(Domestic),1058,1046,11,1,03/04/2021
RailwaySurveillance,428,428,0,0,03/04/2021
Ariyalur,4845,4753,43,49,04/04/2021
Chengalpattu,57509,54499,2183,827,04/04/2021
Chennai,253760,241246,8246,4268,04/04/2021
Coimbatore,60153,57266,2193,694,04/04/2021
Cuddalore,25959,25268,399,292,04/04/2021
Dharmapuri,6818,6689,74,55,04/04/2021
Dindigul,12016,11613,201,202,04/04/2021
Erode,15501,15102,249,150,04/04/2021
Kallakurichi,10991,10839,44,108,04/04/2021
Kancheepuram,31058,29993,601,464,04/04/2021
Kanyakumari,17677,17166,246,265,04/04/2021
Karur,5707,5568,87,52,04/04/2021
Krishnagiri,8637,8268,250,119,04/04/2021
Madurai,22086,21141,478,467,04/04/2021
Nagapattinam,9414,8806,465,143,04/04/2021
Namakkal,12211,11913,187,111,04/04/2021
Nilgiris,8742,8544,148,50,04/04/2021
Perambalur,2321,2281,19,21,04/04/2021
Pudukottai,11959,11661,138,160,04/04/2021
Ramanathapuram,6594,6395,61,138,04/04/2021
Ranipet,16563,16174,199,190,04/04/2021
Salem,33722,32884,370,468,04/04/2021
Sivagangai,7086,6809,150,127,04/04/2021
Tenkasi,8802,8494,147,161,04/04/2021
Thanjavur,20244,19170,801,273,04/04/2021
Theni,17353,17063,83,207,04/04/2021
Thirupathur,7879,7640,111,128,04/04/2021
Thiruvallur,46768,45119,934,715,04/04/2021
Thiruvannamalai,19801,19379,136,286,04/04/2021
Thiruvarur,12289,11698,476,115,04/04/2021
Thoothukudi,16628,16340,145,143,04/04/2021
Tirunelveli,16311,15735,360,216,04/04/2021
Tiruppur,19653,18893,533,227,04/04/2021
Trichy,16094,15227,681,186,04/04/2021
Vellore,21644,21041,249,354,04/04/2021
Villupuram,15609,15324,172,113,04/04/2021
Virudhunagar,16941,16630,79,232,04/04/2021
AirportSurveillance(International),976,966,9,1,04/04/2021
AirportSurveillance(Domestic),1058,1046,11,1,04/04/2021
RailwaySurveillance,428,428,0,0,04/04/2021
Ariyalur,4853,4756,48,49,05/04/2021
Chengalpattu,57859,54709,2322,828,05/04/2021
Chennai,255074,241808,8991,4275,05/04/2021
Coimbatore,60534,57404,2436,694,05/04/2021
Cuddalore,26030,25318,420,292,05/04/2021
Dharmapuri,6840,6694,91,55,05/04/2021
Dindigul,12073,11635,236,202,05/04/2021
Erode,15537,15149,238,150,05/04/2021
Kallakurichi,11015,10840,67,108,05/04/2021
Kancheepuram,31148,30090,594,464,05/04/2021
Kanyakumari,17718,17184,269,265,05/04/2021
Karur,5718,5577,89,52,05/04/2021
Krishnagiri,8686,8290,277,119,05/04/2021
Madurai,22173,21161,544,468,05/04/2021
Nagapattinam,9481,8832,505,144,05/04/2021
Namakkal,12251,11933,207,111,05/04/2021
Nilgiris,8766,8563,153,50,05/04/2021
Perambalur,2323,2285,17,21,05/04/2021
Pudukottai,11982,11672,150,160,05/04/2021
Ramanathapuram,6613,6399,76,138,05/04/2021
Ranipet,16600,16174,236,190,05/04/2021
Salem,33794,32934,392,468,05/04/2021
Sivagangai,7097,6822,148,127,05/04/2021
Tenkasi,8824,8499,164,161,05/04/2021
Thanjavur,20373,19280,820,273,05/04/2021
Theni,17372,17075,90,207,05/04/2021
Thirupathur,7890,7656,106,128,05/04/2021
Thiruvallur,46928,45221,992,715,05/04/2021
Thiruvannamalai,19839,19391,162,286,05/04/2021
Thiruvarur,12352,11750,487,115,05/04/2021
Thoothukudi,16662,16352,167,143,05/04/2021
Tirunelveli,16344,15743,385,216,05/04/2021
Tiruppur,19757,18939,591,227,05/04/2021
Trichy,16225,15279,760,186,05/04/2021
Vellore,21678,21066,257,355,05/04/2021
Villupuram,15655,15342,200,113,05/04/2021
Virudhunagar,16950,16651,67,232,05/04/2021
AirportSurveillance(International),979,966,12,1,05/04/2021
AirportSurveillance(Domestic),1058,1046,11,1,05/04/2021
RailwaySurveillance,428,428,0,0,05/04/2021
Ariyalur,4855,4765,41,49,06/04/2021
Chengalpattu,58226,54912,2481,833,06/04/2021
Chennai,256359,242324,9755,4280,06/04/2021
Coimbatore,60821,57549,2577,695,06/04/2021
Cuddalore,26077,25344,441,292,06/04/2021
Dharmapuri,6864,6698,111,55,06/04/2021
Dindigul,12126,11659,265,202,06/04/2021
Erode,15575,15172,253,150,06/04/2021
Kallakurichi,11026,10841,77,108,06/04/2021
Kancheepuram,31234,30157,613,464,06/04/2021
Kanyakumari,17758,17205,288,265,06/04/2021
Karur,5735,5584,99,52,06/04/2021
Krishnagiri,8720,8311,290,119,06/04/2021
Madurai,22290,21173,649,468,06/04/2021
Nagapattinam,9562,8877,541,144,06/04/2021
Namakkal,12286,11956,219,111,06/04/2021
Nilgiris,8791,8584,157,50,06/04/2021
Perambalur,2323,2286,16,21,06/04/2021
Pudukottai,12005,11688,157,160,06/04/2021
Ramanathapuram,6634,6402,94,138,06/04/2021
Ranipet,16623,16174,259,190,06/04/2021
Salem,33864,33014,382,468,06/04/2021
Sivagangai,7126,6834,165,127,06/04/2021
Tenkasi,8843,8503,179,161,06/04/2021
Thanjavur,20494,19395,824,275,06/04/2021
Theni,17397,17080,110,207,06/04/2021
Thirupathur,7914,7670,116,128,06/04/2021
Thiruvallur,47087,45327,1044,716,06/04/2021
Thiruvannamalai,19883,19408,188,287,06/04/2021
Thiruvarur,12419,11808,496,115,06/04/2021
Thoothukudi,16678,16367,168,143,06/04/2021
Tirunelveli,16436,15793,427,216,06/04/2021
Tiruppur,19860,18982,651,227,06/04/2021
Trichy,16347,15330,831,186,06/04/2021
Vellore,21772,21094,323,355,06/04/2021
Villupuram,15668,15356,199,113,06/04/2021
Virudhunagar,16980,16660,88,232,06/04/2021
AirportSurveillance(International),980,966,13,1,06/04/2021
AirportSurveillance(Domestic),1058,1046,11,1,06/04/2021
RailwaySurveillance,428,428,0,0,06/04/2021
Ariyalur,4872,4766,57,49,07/04/2021
Chengalpattu,58642,55128,2679,835,07/04/2021
Chennai,257851,242880,10685,4286,07/04/2021
Coimbatore,61162,57699,2767,696,07/04/2021
Cuddalore,26147,25378,477,292,07/04/2021
Dharmapuri,6899,6707,137,55,07/04/2021
Dindigul,12217,11677,338,202,07/04/2021
Erode,15634,15189,295,150,07/04/2021
Kallakurichi,11050,10843,99,108,07/04/2021
Kancheepuram,31287,30221,602,464,07/04/2021
Kanyakumari,17776,17221,290,265,07/04/2021
Karur,5752,5595,105,52,07/04/2021
Krishnagiri,8769,8334,316,119,07/04/2021
Madurai,22364,21188,707,469,07/04/2021
Nagapattinam,9624,8931,548,145,07/04/2021
Namakkal,12317,11978,228,111,07/04/2021
Nilgiris,8816,8598,168,50,07/04/2021
Perambalur,2326,2286,19,21,07/04/2021
Pudukottai,12031,11696,175,160,07/04/2021
Ramanathapuram,6653,6405,110,138,07/04/2021
Ranipet,16658,16206,262,190,07/04/2021
Salem,33959,33071,419,469,07/04/2021
Sivagangai,7136,6855,154,127,07/04/2021
Tenkasi,8868,8509,198,161,07/04/2021
Thanjavur,20597,19498,823,276,07/04/2021
Theni,17408,17091,110,207,07/04/2021
Thirupathur,7939,7679,132,128,07/04/2021
Thiruvallur,47303,45418,1169,716,07/04/2021
Thiruvannamalai,19922,19417,217,288,07/04/2021
Thiruvarur,12472,11861,496,115,07/04/2021
Thoothukudi,16721,16381,197,143,07/04/2021
Tirunelveli,16477,15816,444,217,07/04/2021
Tiruppur,20001,19038,735,228,07/04/2021
Trichy,16430,15388,855,187,07/04/2021
Vellore,21838,21125,358,355,07/04/2021
Villupuram,15721,15370,238,113,07/04/2021
Virudhunagar,17004,16663,109,232,07/04/2021
AirportSurveillance(International),981,966,14,1,07/04/2021
AirportSurveillance(Domestic),1058,1046,11,1,07/04/2021
RailwaySurveillance,428,428,0,0,07/04/2021
Ariyalur,4880,4775,56,49,08/04/2021
Chengalpattu,59048,55365,2845,838,08/04/2021
Chennai,259320,243395,11633,4292,08/04/2021
Coimbatore,61597,57840,3059,698,08/04/2021
Cuddalore,26192,25422,478,292,08/04/2021
Dharmapuri,6919,6716,148,55,08/04/2021
Dindigul,12265,11695,368,202,08/04/2021
Erode,15680,15200,330,150,08/04/2021
Kallakurichi,11056,10846,102,108,08/04/2021
Kancheepuram,31402,30271,667,464,08/04/2021
Kanyakumari,17837,17240,332,265,08/04/2021
Karur,5769,5607,110,52,08/04/2021
Krishnagiri,8830,8360,351,119,08/04/2021
Madurai,22475,21217,789,469,08/04/2021
Nagapattinam,9743,8986,612,145,08/04/2021
Namakkal,12337,11994,232,111,08/04/2021
Nilgiris,8840,8610,180,50,08/04/2021
Perambalur,2330,2288,21,21,08/04/2021
Pudukottai,12052,11714,178,160,08/04/2021
Ramanathapuram,6665,6409,118,138,08/04/2021
Ranipet,16684,16252,242,190,08/04/2021
Salem,34063,33136,458,469,08/04/2021
Sivagangai,7181,6870,184,127,08/04/2021
Tenkasi,8889,8520,208,161,08/04/2021
Thanjavur,20723,19612,832,279,08/04/2021
Theni,17441,17099,135,207,08/04/2021
Thirupathur,7959,7692,139,128,08/04/2021
Thiruvallur,47509,45514,1276,719,08/04/2021
Thiruvannamalai,19972,19430,254,288,08/04/2021
Thiruvarur,12543,11909,518,116,08/04/2021
Thoothukudi,16768,16397,228,143,08/04/2021
Tirunelveli,16555,15832,506,217,08/04/2021
Tiruppur,20155,19093,834,228,08/04/2021
Trichy,16568,15442,938,188,08/04/2021
Vellore,21912,21157,400,355,08/04/2021
Villupuram,15739,15396,230,113,08/04/2021
Virudhunagar,17021,16674,115,232,08/04/2021
AirportSurveillance(International),981,966,14,1,08/04/2021
AirportSurveillance(Domestic),1058,1046,11,1,08/04/2021
RailwaySurveillance,428,428,0,0,08/04/2021
Ariyalur,4895,4777,69,49,09/04/2021
Chengalpattu,59513,55591,3083,839,09/04/2021
Chennai,261072,243909,12861,4302,09/04/2021
Coimbatore,62070,57982,3389,699,09/04/2021
Cuddalore,26340,25465,583,292,09/04/2021
Dharmapuri,6977,6722,200,55,09/04/2021
Dindigul,12317,11736,379,202,09/04/2021
Erode,15750,15227,373,150,09/04/2021
Kallakurichi,11081,10848,125,108,09/04/2021
Kancheepuram,31555,30296,794,465,09/04/2021
Kanyakumari,17891,17264,362,265,09/04/2021
Karur,5791,5619,120,52,09/04/2021
Krishnagiri,8926,8390,417,119,09/04/2021
Madurai,22617,21252,895,470,09/04/2021
Nagapattinam,9867,9018,703,146,09/04/2021
Namakkal,12388,12011,266,111,09/04/2021
Nilgiris,8869,8628,191,50,09/04/2021
Perambalur,2335,2290,24,21,09/04/2021
Pudukottai,12096,11731,205,160,09/04/2021
Ramanathapuram,6693,6415,140,138,09/04/2021
Ranipet,16779,16285,304,190,09/04/2021
Salem,34189,33158,562,469,09/04/2021
Sivagangai,7239,6873,239,127,09/04/2021
Tenkasi,8930,8544,225,161,09/04/2021
Thanjavur,20867,19712,874,281,09/04/2021
Theni,17479,17108,164,207,09/04/2021
Thirupathur,7970,7708,134,128,09/04/2021
Thiruvallur,47704,45651,1332,721,09/04/2021
Thiruvannamalai,20041,19443,310,288,09/04/2021
Thiruvarur,12629,11954,559,116,09/04/2021
Thoothukudi,16847,16407,296,144,09/04/2021
Tirunelveli,16669,15840,612,217,09/04/2021
Tiruppur,20303,19163,912,228,09/04/2021
Trichy,16781,15508,1083,190,09/04/2021
Vellore,22021,21233,433,355,09/04/2021
Villupuram,15820,15422,285,113,09/04/2021
Virudhunagar,17044,16680,131,233,09/04/2021
AirportSurveillance(International),985,966,18,1,09/04/2021
AirportSurveillance(Domestic),1059,1051,7,1,09/04/2021
RailwaySurveillance,428,428,0,0,09/04/2021
Ariyalur,4919,4780,90,49,10/04/2021
Chengalpattu,60122,55863,3416,843,10/04/2021
Chennai,263129,244435,14382,4312,10/04/2021
Coimbatore,62575,58199,3677,699,10/04/2021
Cuddalore,26462,25504,666,292,10/04/2021
Dharmapuri,7016,6729,232,55,10/04/2021
Dindigul,12367,11755,409,203,10/04/2021
Erode,15831,15236,445,150,10/04/2021
Kallakurichi,11096,10852,136,108,10/04/2021
Kancheepuram,31720,30360,893,467,10/04/2021
Kanyakumari,17988,17289,434,265,10/04/2021
Karur,5826,5626,148,52,10/04/2021
Krishnagiri,9022,8424,479,119,10/04/2021
Madurai,22813,21294,1049,470,10/04/2021
Nagapattinam,10011,9066,797,148,10/04/2021
Namakkal,12447,12034,302,111,10/04/2021
Nilgiris,8901,8647,203,51,10/04/2021
Perambalur,2341,2290,30,21,10/04/2021
Pudukottai,12121,11753,208,160,10/04/2021
Ramanathapuram,6720,6420,162,138,10/04/2021
Ranipet,16868,16285,393,190,10/04/2021
Salem,34328,33176,682,470,10/04/2021
Sivagangai,7278,6886,265,127,10/04/2021
Tenkasi,8980,8551,268,161,10/04/2021
Thanjavur,20981,19790,910,281,10/04/2021
Theni,17503,17116,180,207,10/04/2021
Thirupathur,7995,7720,147,128,10/04/2021
Thiruvallur,47894,45743,1430,721,10/04/2021
Thiruvannamalai,20117,19464,365,288,10/04/2021
Thiruvarur,12717,12020,581,116,10/04/2021
Thoothukudi,16949,16421,384,144,10/04/2021
Tirunelveli,16784,15873,694,217,10/04/2021
Tiruppur,20457,19227,1001,229,10/04/2021
Trichy,16970,15595,1185,190,10/04/2021
Vellore,22107,21252,499,356,10/04/2021
Villupuram,15889,15448,328,113,10/04/2021
Virudhunagar,17100,16689,178,233,10/04/2021
AirportSurveillance(International),985,966,18,1,10/04/2021
AirportSurveillance(Domestic),1059,1051,7,1,10/04/2021
RailwaySurveillance,428,428,0,0,10/04/2021
Ariyalur,4933,4785,99,49,11/04/2021
Chengalpattu,60792,56170,3778,844,11/04/2021
Chennai,265126,245041,15761,4324,11/04/2021
Coimbatore,63197,58447,4051,699,11/04/2021
Cuddalore,26559,25537,730,292,11/04/2021
Dharmapuri,7060,6731,274,55,11/04/2021
Dindigul,12448,11768,477,203,11/04/2021
Erode,15940,15273,517,150,11/04/2021
Kallakurichi,11142,10854,180,108,11/04/2021
Kancheepuram,31943,30446,1030,467,11/04/2021
Kanyakumari,18082,17315,502,265,11/04/2021
Karur,5868,5635,181,52,11/04/2021
Krishnagiri,9156,8459,578,119,11/04/2021
Madurai,22986,21339,1176,471,11/04/2021
Nagapattinam,10174,9131,895,148,11/04/2021
Namakkal,12532,12055,366,111,11/04/2021
Nilgiris,8937,8666,220,51,11/04/2021
Perambalur,2346,2295,29,22,11/04/2021
Pudukottai,12164,11766,238,160,11/04/2021
Ramanathapuram,6741,6425,178,138,11/04/2021
Ranipet,16959,16316,453,190,11/04/2021
Salem,34460,33196,793,471,11/04/2021
Sivagangai,7338,6911,299,128,11/04/2021
Tenkasi,9012,8556,294,162,11/04/2021
Thanjavur,21158,19848,1029,281,11/04/2021
Theni,17548,17124,217,207,11/04/2021
Thirupathur,8027,7735,164,128,11/04/2021
Thiruvallur,48200,45898,1579,723,11/04/2021
Thiruvannamalai,20194,19485,421,288,11/04/2021
Thiruvarur,12818,12095,607,116,11/04/2021
Thoothukudi,17099,16432,523,144,11/04/2021
Tirunelveli,16940,15982,741,217,11/04/2021
Tiruppur,20639,19304,1106,229,11/04/2021
Trichy,17134,15665,1279,190,11/04/2021
Vellore,22201,21272,572,357,11/04/2021
Villupuram,15952,15474,365,113,11/04/2021
Virudhunagar,17152,16695,223,234,11/04/2021
AirportSurveillance(International),990,966,23,1,11/04/2021
AirportSurveillance(Domestic),1059,1051,7,1,11/04/2021
RailwaySurveillance,428,428,0,0,11/04/2021
Ariyalur,4955,4787,119,49,12/04/2021
Chengalpattu,61409,56478,4085,846,12/04/2021
Chennai,267181,245751,17098,4332,12/04/2021
Coimbatore,63808,58730,4378,700,12/04/2021
Cuddalore,26726,25588,846,292,12/04/2021
Dharmapuri,7156,6738,363,55,12/04/2021
Dindigul,12526,11775,548,203,12/04/2021
Erode,16049,15292,607,150,12/04/2021
Kallakurichi,11184,10873,203,108,12/04/2021
Kancheepuram,32230,30500,1263,467,12/04/2021
Kanyakumari,18139,17395,479,265,12/04/2021
Karur,5912,5646,214,52,12/04/2021
Krishnagiri,9275,8483,673,119,12/04/2021
Madurai,23208,21392,1345,471,12/04/2021
Nagapattinam,10301,9190,961,150,12/04/2021
Namakkal,12606,12081,414,111,12/04/2021
Nilgiris,8966,8681,234,51,12/04/2021
Perambalur,2349,2295,32,22,12/04/2021
Pudukottai,12209,11770,279,160,12/04/2021
Ramanathapuram,6759,6456,165,138,12/04/2021
Ranipet,17029,16345,494,190,12/04/2021
Salem,34621,33212,938,471,12/04/2021
Sivagangai,7410,6929,353,128,12/04/2021
Tenkasi,9087,8577,348,162,12/04/2021
Thanjavur,21285,19912,1092,281,12/04/2021
Theni,17578,17135,236,207,12/04/2021
Thirupathur,8058,7744,186,128,12/04/2021
Thiruvallur,48548,46002,1821,725,12/04/2021
Thiruvannamalai,20307,19512,507,288,12/04/2021
Thiruvarur,12916,12103,697,116,12/04/2021
Thoothukudi,17238,16450,644,144,12/04/2021
Tirunelveli,17023,16022,784,217,12/04/2021
Tiruppur,20803,19340,1233,230,12/04/2021
Trichy,17320,15768,1360,192,12/04/2021
Vellore,22271,21294,619,358,12/04/2021
Villupuram,15999,15493,393,113,12/04/2021
Virudhunagar,17224,16711,279,234,12/04/2021
AirportSurveillance(International),993,975,17,1,12/04/2021
AirportSurveillance(Domestic),1059,1057,1,1,12/04/2021
RailwaySurveillance,428,428,0,0,12/04/2021
Ariyalur,4964,4794,121,49,13/04/2021
Chengalpattu,62280,56788,4643,849,13/04/2021
Chennai,269614,246604,18673,4337,13/04/2021
Coimbatore,64319,59099,4520,700,13/04/2021
Cuddalore,26798,25619,885,294,13/04/2021
Dharmapuri,7197,6755,387,55,13/04/2021
Dindigul,12618,11821,594,203,13/04/2021
Erode,16136,15361,624,151,13/04/2021
Kallakurichi,11211,10886,217,108,13/04/2021
Kancheepuram,32350,30526,1356,468,13/04/2021
Kanyakumari,18266,17447,553,266,13/04/2021
Karur,5950,5653,245,52,13/04/2021
Krishnagiri,9330,8547,664,119,13/04/2021
Madurai,23451,21483,1496,472,13/04/2021
Nagapattinam,10423,9257,1016,150,13/04/2021
Namakkal,12667,12106,450,111,13/04/2021
Nilgiris,8987,8703,233,51,13/04/2021
Perambalur,2353,2298,33,22,13/04/2021
Pudukottai,12250,11792,298,160,13/04/2021
Ramanathapuram,6801,6474,189,138,13/04/2021
Ranipet,17086,16399,497,190,13/04/2021
Salem,34763,33257,1035,471,13/04/2021
Sivagangai,7435,6954,353,128,13/04/2021
Tenkasi,9199,8588,449,162,13/04/2021
Thanjavur,21499,20100,1117,282,13/04/2021
Theni,17615,17149,259,207,13/04/2021
Thirupathur,8093,7755,210,128,13/04/2021
Thiruvallur,48851,46151,1974,726,13/04/2021
Thiruvannamalai,20361,19540,533,288,13/04/2021
Thiruvarur,13018,12243,659,116,13/04/2021
Thoothukudi,17326,16470,712,144,13/04/2021
Tirunelveli,17242,16060,963,219,13/04/2021
Tiruppur,20968,19420,1318,230,13/04/2021
Trichy,17526,15919,1415,192,13/04/2021
Vellore,22383,21406,619,358,13/04/2021
Villupuram,16025,15539,373,113,13/04/2021
Virudhunagar,17292,16776,282,234,13/04/2021
AirportSurveillance(International),994,975,18,1,13/04/2021
AirportSurveillance(Domestic),1060,1057,2,1,13/04/2021
RailwaySurveillance,428,428,0,0,13/04/2021
Ariyalur,4988,4807,132,49,14/04/2021
Chengalpattu,63093,57152,5089,852,14/04/2021
Chennai,272118,247630,20144,4344,14/04/2021
Coimbatore,64867,59620,4544,703,14/04/2021
Cuddalore,26977,25660,1021,296,14/04/2021
Dharmapuri,7289,6764,470,55,14/04/2021
Dindigul,12726,11833,690,203,14/04/2021
Erode,16293,15435,707,151,14/04/2021
Kallakurichi,11244,10896,240,108,14/04/2021
Kancheepuram,32485,30579,1437,469,14/04/2021
Kanyakumari,18354,17501,586,267,14/04/2021
Karur,6002,5665,285,52,14/04/2021
Krishnagiri,9486,8594,773,119,14/04/2021
Madurai,23645,21582,1591,472,14/04/2021
Nagapattinam,10581,9327,1103,151,14/04/2021
Namakkal,12740,12131,498,111,14/04/2021
Nilgiris,9026,8727,248,51,14/04/2021
Perambalur,2356,2300,34,22,14/04/2021
Pudukottai,12300,11817,323,160,14/04/2021
Ramanathapuram,6842,6490,214,138,14/04/2021
Ranipet,17177,16399,588,190,14/04/2021
Salem,34941,33352,1116,473,14/04/2021
Sivagangai,7474,6966,380,128,14/04/2021
Tenkasi,9273,8596,515,162,14/04/2021
Thanjavur,21659,20228,1149,282,14/04/2021
Theni,17661,17179,275,207,14/04/2021
Thirupathur,8176,7765,283,128,14/04/2021
Thiruvallur,49223,46322,2173,728,14/04/2021
Thiruvannamalai,20440,19577,575,288,14/04/2021
Thiruvarur,13123,12308,698,117,14/04/2021
Thoothukudi,17570,16490,936,144,14/04/2021
Tirunelveli,17439,16103,1117,219,14/04/2021
Tiruppur,21197,19509,1457,231,14/04/2021
Trichy,17738,16044,1502,192,14/04/2021
Vellore,22494,21468,667,359,14/04/2021
Villupuram,16125,15581,431,113,14/04/2021
Virudhunagar,17341,16806,301,234,14/04/2021
AirportSurveillance(International),996,975,20,1,14/04/2021
AirportSurveillance(Domestic),1061,1057,3,1,14/04/2021
RailwaySurveillance,428,428,0,0,14/04/2021
Ariyalur,5015,4813,153,49,15/04/2021
Chengalpattu,63790,57521,5415,854,15/04/2021
Chennai,274734,248990,21391,4353,15/04/2021
Coimbatore,65406,60263,4438,705,15/04/2021
Cuddalore,27157,25775,1084,298,15/04/2021
Dharmapuri,7372,6789,527,56,15/04/2021
Dindigul,12838,11889,746,203,15/04/2021
Erode,16437,15465,820,152,15/04/2021
Kallakurichi,11280,10906,266,108,15/04/2021
Kancheepuram,32677,30712,1492,473,15/04/2021
Kanyakumari,18450,17520,663,267,15/04/2021
Karur,6057,5679,326,52,15/04/2021
Krishnagiri,9649,8616,914,119,15/04/2021
Madurai,23880,21688,1719,473,15/04/2021
Nagapattinam,10717,9410,1153,154,15/04/2021
Namakkal,12832,12187,534,111,15/04/2021
Nilgiris,9065,8748,266,51,15/04/2021
Perambalur,2367,2304,41,22,15/04/2021
Pudukottai,12363,11822,381,160,15/04/2021
Ramanathapuram,6885,6508,239,138,15/04/2021
Ranipet,17273,16437,646,190,15/04/2021
Salem,35135,33418,1243,474,15/04/2021
Sivagangai,7529,6997,404,128,15/04/2021
Tenkasi,9340,8645,532,163,15/04/2021
Thanjavur,21817,20337,1199,281,15/04/2021
Theni,17719,17193,319,207,15/04/2021
Thirupathur,8244,7782,334,128,15/04/2021
Thiruvallur,49671,46601,2342,728,15/04/2021
Thiruvannamalai,20531,19595,648,288,15/04/2021
Thiruvarur,13245,12359,769,117,15/04/2021
Thoothukudi,17739,16502,1093,144,15/04/2021
Tirunelveli,17607,16205,1181,221,15/04/2021
Tiruppur,21427,19623,1573,231,15/04/2021
Trichy,17981,16161,1628,192,15/04/2021
Vellore,22624,21500,765,359,15/04/2021
Villupuram,16173,15598,461,114,15/04/2021
Virudhunagar,17420,16821,365,234,15/04/2021
AirportSurveillance(International),996,975,20,1,15/04/2021
AirportSurveillance(Domestic),1065,1057,7,1,15/04/2021
RailwaySurveillance,428,428,0,0,15/04/2021
Ariyalur,5036,4824,163,49,16/04/2021
Chengalpattu,64617,57911,5850,856,16/04/2021
Chennai,277300,250516,22420,4364,16/04/2021
Coimbatore,65993,60885,4402,706,16/04/2021
Cuddalore,27254,25895,1060,299,16/04/2021
Dharmapuri,7460,6814,589,57,16/04/2021
Dindigul,12931,11952,776,203,16/04/2021
Erode,16572,15528,892,152,16/04/2021
Kallakurichi,11337,10920,309,108,16/04/2021
Kancheepuram,32990,30849,1666,475,16/04/2021
Kanyakumari,18576,17579,729,268,16/04/2021
Karur,6091,5697,342,52,16/04/2021
Krishnagiri,9820,8662,1038,120,16/04/2021
Madurai,24051,21804,1773,474,16/04/2021
Nagapattinam,10847,9502,1189,156,16/04/2021
Namakkal,12941,12236,594,111,16/04/2021
Nilgiris,9113,8776,286,51,16/04/2021
Perambalur,2384,2309,53,22,16/04/2021
Pudukottai,12410,11845,405,160,16/04/2021
Ramanathapuram,6913,6520,255,138,16/04/2021
Ranipet,17449,16481,778,190,16/04/2021
Salem,35350,33559,1314,477,16/04/2021
Sivagangai,7570,7029,412,129,16/04/2021
Tenkasi,9412,8706,543,163,16/04/2021
Thanjavur,21971,20606,1084,281,16/04/2021
Theni,17771,17213,350,208,16/04/2021
Thirupathur,8315,7806,381,128,16/04/2021
Thiruvallur,50123,46894,2498,731,16/04/2021
Thiruvannamalai,20661,19643,730,288,16/04/2021
Thiruvarur,13365,12430,818,117,16/04/2021
Thoothukudi,18021,16523,1354,144,16/04/2021
Tirunelveli,17822,16317,1284,221,16/04/2021
Tiruppur,21647,19721,1695,231,16/04/2021
Trichy,18263,16253,1818,192,16/04/2021
Vellore,22786,21642,784,360,16/04/2021
Villupuram,16229,15617,498,114,16/04/2021
Virudhunagar,17503,16835,433,235,16/04/2021
AirportSurveillance(International),997,975,21,1,16/04/2021
AirportSurveillance(Domestic),1065,1057,7,1,16/04/2021
RailwaySurveillance,428,428,0,0,16/04/2021
Ariyalur,5070,4840,181,49,17/04/2021
Chengalpattu,65424,58302,6263,859,17/04/2021
Chennai,280184,252173,23625,4386,17/04/2021
Coimbatore,66645,61500,4438,707,17/04/2021
Cuddalore,27444,25964,1180,300,17/04/2021
Dharmapuri,7554,6846,651,57,17/04/2021
Dindigul,13052,12025,824,203,17/04/2021
Erode,16715,15608,955,152,17/04/2021
Kallakurichi,11369,10929,332,108,17/04/2021
Kancheepuram,33238,31004,1758,476,17/04/2021
Kanyakumari,18767,17643,854,270,17/04/2021
Karur,6166,5713,401,52,17/04/2021
Krishnagiri,10014,8725,1169,120,17/04/2021
Madurai,24286,21942,1868,476,17/04/2021
Nagapattinam,10925,9604,1165,156,17/04/2021
Namakkal,13067,12288,668,111,17/04/2021
Nilgiris,9160,8801,308,51,17/04/2021
Perambalur,2395,2314,59,22,17/04/2021
Pudukottai,12471,11870,441,160,17/04/2021
Ramanathapuram,6981,6533,310,138,17/04/2021
Ranipet,17642,16529,923,190,17/04/2021
Salem,35639,33708,1452,479,17/04/2021
Sivagangai,7633,7069,435,129,17/04/2021
Tenkasi,9509,8779,567,163,17/04/2021
Thanjavur,22092,20794,1016,282,17/04/2021
Theni,17857,17236,413,208,17/04/2021
Thirupathur,8396,7831,437,128,17/04/2021
Thiruvallur,50512,47206,2575,731,17/04/2021
Thiruvannamalai,20783,19702,793,288,17/04/2021
Thiruvarur,13479,12515,847,117,17/04/2021
Thoothukudi,18282,16555,1583,144,17/04/2021
Tirunelveli,18068,16440,1407,221,17/04/2021
Tiruppur,21922,19825,1866,231,17/04/2021
Trichy,18586,16378,2013,195,17/04/2021
Vellore,22961,21791,809,361,17/04/2021
Villupuram,16335,15700,521,114,17/04/2021
Virudhunagar,17615,16880,500,235,17/04/2021
AirportSurveillance(International),997,975,21,1,17/04/2021
AirportSurveillance(Domestic),1065,1057,7,1,17/04/2021
RailwaySurveillance,428,428,0,0,17/04/2021
Ariyalur,5103,4860,194,49,18/04/2021
Chengalpattu,66440,58696,6878,866,18/04/2021
Chennai,283436,254025,25011,4400,18/04/2021
Coimbatore,67394,62108,4579,707,18/04/2021
Cuddalore,27624,26052,1270,302,18/04/2021
Dharmapuri,7663,6920,686,57,18/04/2021
Dindigul,13247,12113,930,204,18/04/2021
Erode,16922,15679,1091,152,18/04/2021
Kallakurichi,11435,10976,351,108,18/04/2021
Kancheepuram,33544,31179,1885,480,18/04/2021
Kanyakumari,18923,17820,831,272,18/04/2021
Karur,6251,5736,463,52,18/04/2021
Krishnagiri,10247,8787,1340,120,18/04/2021
Madurai,24560,22072,2010,478,18/04/2021
Nagapattinam,11153,9725,1270,158,18/04/2021
Namakkal,13217,12348,758,111,18/04/2021
Nilgiris,9203,8830,322,51,18/04/2021
Perambalur,2398,2326,50,22,18/04/2021
Pudukottai,12532,11894,478,160,18/04/2021
Ramanathapuram,7038,6564,336,138,18/04/2021
Ranipet,17752,16623,939,190,18/04/2021
Salem,35919,33894,1546,479,18/04/2021
Sivagangai,7680,7103,448,129,18/04/2021
Tenkasi,9634,8793,677,164,18/04/2021
Thanjavur,22261,21022,956,283,18/04/2021
Theni,17953,17284,461,208,18/04/2021
Thirupathur,8457,7860,469,128,18/04/2021
Thiruvallur,51024,47522,2768,734,18/04/2021
Thiruvannamalai,20944,19751,905,288,18/04/2021
Thiruvarur,13601,12607,877,117,18/04/2021
Thoothukudi,18520,16645,1730,145,18/04/2021
Tirunelveli,18381,16531,1628,222,18/04/2021
Tiruppur,22217,19956,2030,231,18/04/2021
Trichy,18884,16605,2083,196,18/04/2021
Vellore,23190,21870,959,361,18/04/2021
Villupuram,16473,15768,591,114,18/04/2021
Virudhunagar,17740,16939,566,235,18/04/2021
AirportSurveillance(International),997,979,17,1,18/04/2021
AirportSurveillance(Domestic),1066,1057,8,1,18/04/2021
RailwaySurveillance,428,428,0,0,18/04/2021
Ariyalur,5125,4883,193,49,19/04/2021
Chengalpattu,67480,59421,7187,872,19/04/2021
Chennai,286569,255960,26194,4415,19/04/2021
Coimbatore,68137,62726,4703,708,19/04/2021
Cuddalore,27828,26099,1424,305,19/04/2021
Dharmapuri,7810,7007,746,57,19/04/2021
Dindigul,13408,12260,944,204,19/04/2021
Erode,17163,15785,1226,152,19/04/2021
Kallakurichi,11554,10999,447,108,19/04/2021
Kancheepuram,33800,31279,2038,483,19/04/2021
Kanyakumari,19078,17872,932,274,19/04/2021
Karur,6327,5774,501,52,19/04/2021
Krishnagiri,10537,8917,1500,120,19/04/2021
Madurai,24891,22179,2233,479,19/04/2021
Nagapattinam,11281,9869,1254,158,19/04/2021
Namakkal,13344,12429,804,111,19/04/2021
Nilgiris,9233,8863,319,51,19/04/2021
Perambalur,2409,2335,52,22,19/04/2021
Pudukottai,12618,11936,522,160,19/04/2021
Ramanathapuram,7084,6587,359,138,19/04/2021
Ranipet,17928,16715,1023,190,19/04/2021
Salem,36283,34058,1744,481,19/04/2021
Sivagangai,7719,7145,445,129,19/04/2021
Tenkasi,9799,8806,828,165,19/04/2021
Thanjavur,22480,21232,963,285,19/04/2021
Theni,18033,17323,502,208,19/04/2021
Thirupathur,8563,7897,537,129,19/04/2021
Thiruvallur,51603,47835,3033,735,19/04/2021
Thiruvannamalai,21121,19824,1007,290,19/04/2021
Thiruvarur,13692,12705,870,117,19/04/2021
Thoothukudi,18823,16725,1953,145,19/04/2021
Tirunelveli,18650,16550,1876,224,19/04/2021
Tiruppur,22516,20103,2182,231,19/04/2021
Trichy,19202,16793,2212,197,19/04/2021
Vellore,23356,21941,1054,361,19/04/2021
Villupuram,16591,15821,656,114,19/04/2021
Virudhunagar,17863,17002,625,236,19/04/2021
AirportSurveillance(International),999,979,19,1,19/04/2021
AirportSurveillance(Domestic),1067,1057,9,1,19/04/2021
RailwaySurveillance,428,428,0,0,19/04/2021
Ariyalur,5145,4903,193,49,20/04/2021
Chengalpattu,68526,60077,7574,875,20/04/2021
Chennai,290364,257927,28005,4432,20/04/2021
Coimbatore,68835,63285,4842,708,20/04/2021
Cuddalore,27985,26306,1371,308,20/04/2021
Dharmapuri,7988,7104,826,58,20/04/2021
Dindigul,13546,12321,1020,205,20/04/2021
Erode,17376,15860,1364,152,20/04/2021
Kallakurichi,11580,11021,451,108,20/04/2021
Kancheepuram,34075,31407,2182,486,20/04/2021
Kanyakumari,19282,17906,1100,276,20/04/2021
Karur,6395,5815,528,52,20/04/2021
Krishnagiri,10719,9050,1549,120,20/04/2021
Madurai,25262,22412,2369,481,20/04/2021
Nagapattinam,11393,10015,1218,160,20/04/2021
Namakkal,13536,12502,922,112,20/04/2021
Nilgiris,9274,8899,324,51,20/04/2021
Perambalur,2413,2340,51,22,20/04/2021
Pudukottai,12708,12004,544,160,20/04/2021
Ramanathapuram,7127,6612,377,138,20/04/2021
Ranipet,18039,16798,1051,190,20/04/2021
Salem,36667,34166,2019,482,20/04/2021
Sivagangai,7761,7201,431,129,20/04/2021
Tenkasi,9903,8835,903,165,20/04/2021
Thanjavur,22668,21392,989,287,20/04/2021
Theni,18196,17371,617,208,20/04/2021
Thirupathur,8650,7932,589,129,20/04/2021
Thiruvallur,52080,47921,3419,740,20/04/2021
Thiruvannamalai,21224,19962,971,291,20/04/2021
Thiruvarur,13816,12799,900,117,20/04/2021
Thoothukudi,18994,16842,2007,145,20/04/2021
Tirunelveli,18918,16739,1954,225,20/04/2021
Tiruppur,22729,20262,2235,232,20/04/2021
Trichy,19488,16954,2337,197,20/04/2021
Vellore,23570,22045,1163,362,20/04/2021
Villupuram,16642,15887,641,114,20/04/2021
Virudhunagar,18009,17021,751,237,20/04/2021
AirportSurveillance(International),1000,990,9,1,20/04/2021
AirportSurveillance(Domestic),1067,1058,8,1,20/04/2021
RailwaySurveillance,428,428,0,0,20/04/2021
Ariyalur,5184,4923,210,51,21/04/2021
Chengalpattu,69464,60789,7795,880,21/04/2021
Chennai,294073,260367,29256,4450,21/04/2021
Coimbatore,69563,63742,5112,709,21/04/2021
Cuddalore,28138,26469,1358,311,21/04/2021
Dharmapuri,8071,7147,866,58,21/04/2021
Dindigul,13721,12409,1107,205,21/04/2021
Erode,17651,15947,1552,152,21/04/2021
Kallakurichi,11615,11062,445,108,21/04/2021
Kancheepuram,34330,31753,2085,492,21/04/2021
Kanyakumari,19454,17995,1179,280,21/04/2021
Karur,6485,5858,575,52,21/04/2021
Krishnagiri,10978,9165,1692,121,21/04/2021
Madurai,25723,22694,2547,482,21/04/2021
Nagapattinam,11492,10152,1179,161,21/04/2021
Namakkal,13737,12561,1064,112,21/04/2021
Nilgiris,9339,8928,360,51,21/04/2021
Perambalur,2423,2340,61,22,21/04/2021
Pudukottai,12771,12049,562,160,21/04/2021
Ramanathapuram,7187,6636,413,138,21/04/2021
Ranipet,18239,16871,1178,190,21/04/2021
Salem,37072,34312,2276,484,21/04/2021
Sivagangai,7821,7270,422,129,21/04/2021
Tenkasi,10021,8857,998,166,21/04/2021
Thanjavur,22839,21494,1058,287,21/04/2021
Theni,18344,17410,725,209,21/04/2021
Thirupathur,8749,7962,658,129,21/04/2021
Thiruvallur,52643,48170,3733,740,21/04/2021
Thiruvannamalai,21367,20114,962,291,21/04/2021
Thiruvarur,13916,12904,895,117,21/04/2021
Thoothukudi,19274,17039,2090,145,21/04/2021
Tirunelveli,19327,16814,2287,226,21/04/2021
Tiruppur,22973,20506,2234,233,21/04/2021
Trichy,19852,17141,2512,199,21/04/2021
Vellore,23860,22152,1343,365,21/04/2021
Villupuram,16753,15914,725,114,21/04/2021
Virudhunagar,18114,17048,829,237,21/04/2021
AirportSurveillance(International),1000,990,9,1,21/04/2021
AirportSurveillance(Domestic),1068,1058,9,1,21/04/2021
RailwaySurveillance,428,428,0,0,21/04/2021
Ariyalur,5232,4943,238,51,22/04/2021
Chengalpattu,70437,61602,7950,885,22/04/2021
Chennai,297814,262939,30401,4474,22/04/2021
Coimbatore,70262,64202,5350,710,22/04/2021
Cuddalore,28308,26546,1450,312,22/04/2021
Dharmapuri,8154,7236,857,61,22/04/2021
Dindigul,13928,12537,1185,206,22/04/2021
Erode,17874,16033,1689,152,22/04/2021
Kallakurichi,11693,11097,488,108,22/04/2021
Kancheepuram,34694,32081,2121,492,22/04/2021
Kanyakumari,19674,18061,1331,282,22/04/2021
Karur,6573,5897,624,52,22/04/2021
Krishnagiri,11297,9254,1921,122,22/04/2021
Madurai,26225,22960,2778,487,22/04/2021
Nagapattinam,11690,10249,1278,163,22/04/2021
Namakkal,13961,12638,1211,112,22/04/2021
Nilgiris,9387,8949,387,51,22/04/2021
Perambalur,2440,2343,74,23,22/04/2021
Pudukottai,12851,12092,599,160,22/04/2021
Ramanathapuram,7274,6668,468,138,22/04/2021
Ranipet,18414,16986,1238,190,22/04/2021
Salem,37489,34472,2532,485,22/04/2021
Sivagangai,7866,7309,428,129,22/04/2021
Tenkasi,10300,8931,1202,167,22/04/2021
Thanjavur,23121,21561,1272,288,22/04/2021
Theni,18494,17445,840,209,22/04/2021
Thirupathur,8891,7999,762,130,22/04/2021
Thiruvallur,53158,48522,3892,744,22/04/2021
Thiruvannamalai,21576,20236,1048,292,22/04/2021
Thiruvarur,14020,13009,894,117,22/04/2021
Thoothukudi,19633,17237,2250,146,22/04/2021
Tirunelveli,19779,17013,2539,227,22/04/2021
Tiruppur,23191,20771,2186,234,22/04/2021
Trichy,20217,17334,2684,199,22/04/2021
Vellore,24151,22268,1517,366,22/04/2021
Villupuram,16907,16000,793,114,22/04/2021
Virudhunagar,18240,17070,933,237,22/04/2021
AirportSurveillance(International),1000,990,9,1,22/04/2021
AirportSurveillance(Domestic),1068,1058,9,1,22/04/2021
RailwaySurveillance,428,428,0,0,22/04/2021
Ariyalur,5280,4956,273,51,23/04/2021
Chengalpattu,71474,62393,8186,895,23/04/2021
Chennai,301541,265859,31170,4512,23/04/2021
Coimbatore,71161,64621,5830,710,23/04/2021
Cuddalore,28516,26736,1466,314,23/04/2021
Dharmapuri,8274,7320,892,62,23/04/2021
Dindigul,14167,12648,1312,207,23/04/2021
Erode,18197,16126,1918,153,23/04/2021
Kallakurichi,11764,11122,534,108,23/04/2021
Kancheepuram,35059,32263,2300,496,23/04/2021
Kanyakumari,19879,18142,1451,286,23/04/2021
Karur,6677,5949,676,52,23/04/2021
Krishnagiri,11669,9384,2162,123,23/04/2021
Madurai,26728,23180,3062,486,23/04/2021
Nagapattinam,11867,10405,1299,163,23/04/2021
Namakkal,14158,12733,1313,112,23/04/2021
Nilgiris,9439,8988,400,51,23/04/2021
Perambalur,2449,2346,80,23,23/04/2021
Pudukottai,12957,12143,654,160,23/04/2021
Ramanathapuram,7370,6720,510,140,23/04/2021
Ranipet,18642,17067,1385,190,23/04/2021
Salem,37980,34607,2886,487,23/04/2021
Sivagangai,7945,7345,471,129,23/04/2021
Tenkasi,10478,9051,1258,169,23/04/2021
Thanjavur,23455,21643,1522,290,23/04/2021
Theni,18680,17476,994,210,23/04/2021
Thirupathur,9039,8056,852,131,23/04/2021
Thiruvallur,54012,48999,4266,747,23/04/2021
Thiruvannamalai,21757,20288,1177,292,23/04/2021
Thiruvarur,14145,13135,893,117,23/04/2021
Thoothukudi,20036,17426,2464,146,23/04/2021
Tirunelveli,20266,17194,2845,227,23/04/2021
Tiruppur,23478,21074,2170,234,23/04/2021
Trichy,20541,17549,2792,200,23/04/2021
Vellore,24451,22362,1721,368,23/04/2021
Villupuram,17069,16056,898,115,23/04/2021
Virudhunagar,18391,17204,950,237,23/04/2021
AirportSurveillance(International),1000,991,8,1,23/04/2021
AirportSurveillance(Domestic),1068,1059,8,1,23/04/2021
RailwaySurveillance,428,428,0,0,23/04/2021
Ariyalur,5311,4989,271,51,24/04/2021
Chengalpattu,72706,63096,8708,902,24/04/2021
Chennai,305570,269526,31506,4538,24/04/2021
Coimbatore,72174,65024,6437,713,24/04/2021
Cuddalore,28721,26914,1493,314,24/04/2021
Dharmapuri,8462,7404,995,63,24/04/2021
Dindigul,14430,12748,1474,208,24/04/2021
Erode,18587,16314,2120,153,24/04/2021
Kallakurichi,11841,11197,536,108,24/04/2021
Kancheepuram,35500,32363,2639,498,24/04/2021
Kanyakumari,20105,18330,1486,289,24/04/2021
Karur,6797,6001,743,53,24/04/2021
Krishnagiri,11990,9548,2319,123,24/04/2021
Madurai,27332,23416,3425,491,24/04/2021
Nagapattinam,11987,10580,1242,165,24/04/2021
Namakkal,14379,12846,1420,113,24/04/2021
Nilgiris,9525,9029,445,51,24/04/2021
Perambalur,2468,2359,86,23,24/04/2021
Pudukottai,13051,12208,683,160,24/04/2021
Ramanathapuram,7476,6771,565,140,24/04/2021
Ranipet,18893,17117,1584,192,24/04/2021
Salem,38474,34806,3179,489,24/04/2021
Sivagangai,8019,7401,488,130,24/04/2021
Tenkasi,10651,9221,1259,171,24/04/2021
Thanjavur,23765,21713,1762,290,24/04/2021
Theni,18817,17540,1066,211,24/04/2021
Thirupathur,9145,8128,883,134,24/04/2021
Thiruvallur,54790,49474,4562,754,24/04/2021
Thiruvannamalai,22149,20382,1474,293,24/04/2021
Thiruvarur,14305,13260,928,117,24/04/2021
Thoothukudi,20444,17664,2633,147,24/04/2021
Tirunelveli,20750,17424,3097,229,24/04/2021
Tiruppur,23798,21271,2293,234,24/04/2021
Trichy,20823,17792,2829,202,24/04/2021
Vellore,24755,22427,1957,371,24/04/2021
Villupuram,17277,16119,1042,116,24/04/2021
Virudhunagar,18565,17299,1029,237,24/04/2021
AirportSurveillance(International),1000,993,6,1,24/04/2021
AirportSurveillance(Domestic),1069,1064,4,1,24/04/2021
RailwaySurveillance,428,428,0,0,24/04/2021
Ariyalur,5357,5019,287,51,25/04/2021
Chengalpattu,73861,64124,8826,911,25/04/2021
Chennai,309899,273797,31535,4567,25/04/2021
Coimbatore,73219,65748,6757,714,25/04/2021
Cuddalore,28932,27104,1513,315,25/04/2021
Dharmapuri,8568,7497,1008,63,25/04/2021
Dindigul,14653,12869,1576,208,25/04/2021
Erode,18900,16526,2220,154,25/04/2021
Kallakurichi,11970,11254,608,108,25/04/2021
Kancheepuram,36058,32655,2904,499,25/04/2021
Kanyakumari,20406,18536,1581,289,25/04/2021
Karur,6910,6046,811,53,25/04/2021
Krishnagiri,12261,9719,2417,125,25/04/2021
Madurai,27936,23720,3720,496,25/04/2021
Nagapattinam,12171,10711,1294,166,25/04/2021
Namakkal,14588,12973,1501,114,25/04/2021
Nilgiris,9604,9075,478,51,25/04/2021
Perambalur,2484,2371,90,23,25/04/2021
Pudukottai,13167,12283,724,160,25/04/2021
Ramanathapuram,7595,6847,607,141,25/04/2021
Ranipet,19180,17292,1694,194,25/04/2021
Salem,38985,35094,3401,490,25/04/2021
Sivagangai,8089,7466,493,130,25/04/2021
Tenkasi,10912,9333,1407,172,25/04/2021
Thanjavur,24068,21832,1944,292,25/04/2021
Theni,18997,17625,1161,211,25/04/2021
Thirupathur,9244,8225,884,135,25/04/2021
Thiruvallur,55646,49907,4978,761,25/04/2021
Thiruvannamalai,22518,20516,1707,295,25/04/2021
Thiruvarur,14455,13361,976,118,25/04/2021
Thoothukudi,20879,17918,2812,149,25/04/2021
Tirunelveli,21299,17599,3471,229,25/04/2021
Tiruppur,24174,21536,2404,234,25/04/2021
Trichy,21168,18068,2894,206,25/04/2021
Vellore,25100,22536,2190,374,25/04/2021
Villupuram,17480,16220,1142,118,25/04/2021
Virudhunagar,18758,17363,1156,239,25/04/2021
AirportSurveillance(International),1000,994,5,1,25/04/2021
AirportSurveillance(Domestic),1069,1064,4,1,25/04/2021
RailwaySurveillance,428,428,0,0,25/04/2021
Ariyalur,5399,5046,302,51,26/04/2021
Chengalpattu,75032,65269,8848,915,26/04/2021
Chennai,314074,278330,31142,4602,26/04/2021
Coimbatore,74288,66883,6689,716,26/04/2021
Cuddalore,29173,27284,1573,316,26/04/2021
Dharmapuri,8721,7612,1045,64,26/04/2021
Dindigul,14849,13056,1585,208,26/04/2021
Erode,19404,16765,2483,156,26/04/2021
Kallakurichi,12141,11334,698,109,26/04/2021
Kancheepuram,36491,33190,2793,508,26/04/2021
Kanyakumari,20674,18696,1687,291,26/04/2021
Karur,7027,6199,774,54,26/04/2021
Krishnagiri,12745,10046,2574,125,26/04/2021
Madurai,28460,24031,3929,500,26/04/2021
Nagapattinam,12354,10981,1206,167,26/04/2021
Namakkal,14852,13123,1615,114,26/04/2021
Nilgiris,9661,9122,488,51,26/04/2021
Perambalur,2508,2384,100,24,26/04/2021
Pudukottai,13291,12376,755,160,26/04/2021
Ramanathapuram,7748,6920,687,141,26/04/2021
Ranipet,19410,17543,1673,194,26/04/2021
Salem,39414,35475,3444,495,26/04/2021
Sivagangai,8191,7541,520,130,26/04/2021
Tenkasi,11156,9482,1500,174,26/04/2021
Thanjavur,24368,22004,2068,296,26/04/2021
Theni,19160,17757,1192,211,26/04/2021
Thirupathur,9398,8337,925,136,26/04/2021
Thiruvallur,56480,50453,5262,765,26/04/2021
Thiruvannamalai,22856,20704,1855,297,26/04/2021
Thiruvarur,14534,13492,922,120,26/04/2021
Thoothukudi,21390,18327,2912,151,26/04/2021
Tirunelveli,21738,17854,3654,230,26/04/2021
Tiruppur,24562,21813,2515,234,26/04/2021
Trichy,21563,18392,2962,209,26/04/2021
Vellore,25397,22756,2264,377,26/04/2021
Villupuram,17680,16353,1208,119,26/04/2021
Virudhunagar,18986,17454,1293,239,26/04/2021
AirportSurveillance(International),1000,997,2,1,26/04/2021
AirportSurveillance(Domestic),1069,1067,1,1,26/04/2021
RailwaySurveillance,428,428,0,0,26/04/2021
Ariyalur,5427,5077,298,52,27/04/2021
Chengalpattu,76275,66744,8608,923,27/04/2021
Chennai,318614,282849,31136,4629,27/04/2021
Coimbatore,75293,67628,6948,717,27/04/2021
Cuddalore,29363,27594,1450,319,27/04/2021
Dharmapuri,8899,7757,1078,64,27/04/2021
Dindigul,15030,13206,1616,208,27/04/2021
Erode,19811,16998,2656,157,27/04/2021
Kallakurichi,12227,11469,649,109,27/04/2021
Kancheepuram,36790,33465,2810,515,27/04/2021
Kanyakumari,20995,18852,1849,294,27/04/2021
Karur,7121,6280,786,55,27/04/2021
Krishnagiri,13174,10428,2620,126,27/04/2021
Madurai,29005,24430,4073,502,27/04/2021
Nagapattinam,12705,11143,1395,167,27/04/2021
Namakkal,15095,13251,1730,114,27/04/2021
Nilgiris,9704,9194,459,51,27/04/2021
Perambalur,2540,2392,124,24,27/04/2021
Pudukottai,13363,12461,742,160,27/04/2021
Ramanathapuram,7815,6966,707,142,27/04/2021
Ranipet,19684,17773,1715,196,27/04/2021
Salem,39873,35837,3536,500,27/04/2021
Sivagangai,8264,7569,565,130,27/04/2021
Tenkasi,11281,9638,1469,174,27/04/2021
Thanjavur,24578,22217,2063,298,27/04/2021
Theni,19371,17838,1321,212,27/04/2021
Thirupathur,9559,8447,974,138,27/04/2021
Thiruvallur,57189,51011,5407,771,27/04/2021
Thiruvannamalai,23163,20876,1988,299,27/04/2021
Thiruvarur,14666,13583,963,120,27/04/2021
Thoothukudi,21629,18688,2790,151,27/04/2021
Tirunelveli,22428,18360,3836,232,27/04/2021
Tiruppur,25111,22281,2595,235,27/04/2021
Trichy,22028,18958,2860,210,27/04/2021
Vellore,25807,23031,2403,373,27/04/2021
Villupuram,17887,16474,1293,120,27/04/2021
Virudhunagar,19239,17662,1338,239,27/04/2021
AirportSurveillance(International),1000,997,2,1,27/04/2021
AirportSurveillance(Domestic),1071,1067,3,1,27/04/2021
RailwaySurveillance,428,428,0,0,27/04/2021
Ariyalur,5485,5105,328,52,28/04/2021
Chengalpattu,77483,68182,8370,931,28/04/2021
Chennai,323452,287496,31295,4661,28/04/2021
Coimbatore,76259,68619,6921,719,28/04/2021
Cuddalore,29586,27806,1459,321,28/04/2021
Dharmapuri,9095,7965,1066,64,28/04/2021
Dindigul,15254,13434,1612,208,28/04/2021
Erode,20253,17295,2799,159,28/04/2021
Kallakurichi,12275,11512,654,109,28/04/2021
Kancheepuram,37218,33786,2911,521,28/04/2021
Kanyakumari,21237,19108,1832,297,28/04/2021
Karur,7249,6353,840,56,28/04/2021
Krishnagiri,13629,10707,2795,127,28/04/2021
Madurai,29494,24952,4038,504,28/04/2021
Nagapattinam,12989,11297,1525,167,28/04/2021
Namakkal,15354,13541,1695,118,28/04/2021
Nilgiris,9743,9261,431,51,28/04/2021
Perambalur,2558,2401,133,24,28/04/2021
Pudukottai,13461,12580,719,162,28/04/2021
Ramanathapuram,7960,7037,780,143,28/04/2021
Ranipet,19984,18011,1776,197,28/04/2021
Salem,40365,36327,3533,505,28/04/2021
Sivagangai,8340,7647,563,130,28/04/2021
Tenkasi,11464,9795,1495,174,28/04/2021
Thanjavur,24864,22478,2087,299,28/04/2021
Theni,19623,18002,1409,212,28/04/2021
Thirupathur,9666,8562,965,139,28/04/2021
Thiruvallur,57908,51735,5394,779,28/04/2021
Thiruvannamalai,23371,21029,2042,300,28/04/2021
Thiruvarur,14822,13737,965,120,28/04/2021
Thoothukudi,22228,18997,3079,152,28/04/2021
Tirunelveli,23130,18832,4065,233,28/04/2021
Tiruppur,25612,22687,2689,236,28/04/2021
Trichy,22511,19463,2837,211,28/04/2021
Vellore,26169,23346,2441,382,28/04/2021
Villupuram,18182,16586,1475,121,28/04/2021
Virudhunagar,19393,17870,1283,240,28/04/2021
AirportSurveillance(International),1000,997,2,1,28/04/2021
AirportSurveillance(Domestic),1073,1067,5,1,28/04/2021
RailwaySurveillance,428,428,0,0,28/04/2021
Ariyalur,5529,5143,334,52,29/04/2021
Chengalpattu,78757,69677,8142,938,29/04/2021
Chennai,328520,292511,31308,4701,29/04/2021
Coimbatore,77280,69638,6922,720,29/04/2021
Cuddalore,29845,27942,1578,325,29/04/2021
Dharmapuri,9250,8066,1119,65,29/04/2021
Dindigul,15505,13655,1642,208,29/04/2021
Erode,20729,17603,2966,160,29/04/2021
Kallakurichi,12495,11560,826,109,29/04/2021
Kancheepuram,37578,34142,2904,532,29/04/2021
Kanyakumari,21445,19381,1762,302,29/04/2021
Karur,7388,6438,894,56,29/04/2021
Krishnagiri,14004,10975,2902,127,29/04/2021
Madurai,30117,25520,4085,512,29/04/2021
Nagapattinam,13254,11449,1638,167,29/04/2021
Namakkal,15645,13837,1688,120,29/04/2021
Nilgiris,9792,9331,410,51,29/04/2021
Perambalur,2588,2411,153,24,29/04/2021
Pudukottai,13569,12674,732,163,29/04/2021
Ramanathapuram,8170,7120,907,143,29/04/2021
Ranipet,20323,18225,1901,197,29/04/2021
Salem,40885,36857,3518,510,29/04/2021
Sivagangai,8441,7711,600,130,29/04/2021
Tenkasi,11695,10002,1519,174,29/04/2021
Thanjavur,25185,22762,2121,302,29/04/2021
Theni,19905,18197,1496,212,29/04/2021
Thirupathur,9844,8723,982,139,29/04/2021
Thiruvallur,58801,52505,5510,786,29/04/2021
Thiruvannamalai,23601,21246,2054,301,29/04/2021
Thiruvarur,15019,13880,1017,122,29/04/2021
Thoothukudi,22805,19364,3288,153,29/04/2021
Tirunelveli,23987,19314,4439,234,29/04/2021
Tiruppur,25979,22870,2871,238,29/04/2021
Trichy,22922,19918,2792,212,29/04/2021
Vellore,26533,23683,2466,384,29/04/2021
Villupuram,18551,16718,1711,122,29/04/2021
Virudhunagar,19627,18035,1352,240,29/04/2021
AirportSurveillance(International),1000,997,2,1,29/04/2021
AirportSurveillance(Domestic),1073,1067,5,1,29/04/2021
RailwaySurveillance,428,428,0,0,29/04/2021
Ariyalur,5606,5191,362,53,30/04/2021
Chengalpattu,80038,71008,8087,943,30/04/2021
Chennai,333804,297838,31222,4744,30/04/2021
Coimbatore,78410,70745,6943,722,30/04/2021
Cuddalore,30147,28170,1650,327,30/04/2021
Dharmapuri,9492,8204,1223,65,30/04/2021
Dindigul,15800,13927,1663,210,30/04/2021
Erode,21239,17880,3198,161,30/04/2021
Kallakurichi,12571,11607,854,110,30/04/2021
Kancheepuram,38065,34522,3008,535,30/04/2021
Kanyakumari,21615,19657,1656,302,30/04/2021
Karur,7565,6522,986,57,30/04/2021
Krishnagiri,14517,11244,3145,128,30/04/2021
Madurai,30819,26095,4207,517,30/04/2021
Nagapattinam,13418,11610,1640,168,30/04/2021
Namakkal,15981,14065,1794,122,30/04/2021
Nilgiris,9847,9378,418,51,30/04/2021
Perambalur,2627,2425,178,24,30/04/2021
Pudukottai,13718,12744,811,163,30/04/2021
Ramanathapuram,8417,7206,1065,146,30/04/2021
Ranipet,20671,18407,2055,209,30/04/2021
Salem,41439,37416,3503,520,30/04/2021
Sivagangai,8567,7750,685,132,30/04/2021
Tenkasi,11831,10232,1424,175,30/04/2021
Thanjavur,25536,23063,2168,305,30/04/2021
Theni,20203,18384,1606,213,30/04/2021
Thirupathur,10041,8890,1010,141,30/04/2021
Thiruvallur,59702,53345,5564,793,30/04/2021
Thiruvannamalai,23819,21523,1994,302,30/04/2021
Thiruvarur,15186,14032,1032,122,30/04/2021
Thoothukudi,23406,19706,3547,153,30/04/2021
Tirunelveli,24597,19736,4627,234,30/04/2021
Tiruppur,26409,23138,3032,239,30/04/2021
Trichy,23366,20340,2815,211,30/04/2021
Vellore,26917,24022,2512,383,30/04/2021
Villupuram,18935,16923,1889,123,30/04/2021
Virudhunagar,19934,18145,1548,241,30/04/2021
AirportSurveillance(International),1000,997,2,1,30/04/2021
AirportSurveillance(Domestic),1073,1067,5,1,30/04/2021
RailwaySurveillance,428,428,0,0,30/04/2021
