Ariyalur,15794,15343,215,236,01/08/2021
Chengalpattu,162096,158550,1143,2403,01/08/2021
Chennai,538326,528333,1675,8318,01/08/2021
Coimbatore,229583,225444,1961,2178,01/08/2021
Cuddalore,60514,58956,747,811,01/08/2021
Dharmapuri,26137,25549,353,235,01/08/2021
Dindigul,32206,31385,199,622,01/08/2021
Erode,93873,91717,1523,633,01/08/2021
Kallakurichi,29117,28428,491,198,01/08/2021
Kancheepuram,71751,70112,435,1204,01/08/2021
Kanyakumari,60131,58742,369,1020,01/08/2021
Karur,22655,22148,156,351,01/08/2021
Krishnagiri,41393,40747,324,322,01/08/2021
Madurai,73516,72094,277,1145,01/08/2021
Mayiladuthurai,21058,20493,296,269,01/08/2021
Nagapattinam,18698,18008,401,289,01/08/2021
Namakkal,47264,46218,595,451,01/08/2021
Nilgiris,30573,29852,542,179,01/08/2021
Perambalur,11490,11152,115,223,01/08/2021
Pudukottai,28156,27455,336,365,01/08/2021
Ramanathapuram,20044,19557,138,349,01/08/2021
Ranipet,41982,40981,259,742,01/08/2021
Salem,93478,90826,1094,1558,01/08/2021
Sivagangai,18812,18305,310,197,01/08/2021
Tenkasi,26861,26231,150,480,01/08/2021
Thanjavur,67981,66048,1085,848,01/08/2021
Theni,42937,42270,153,514,01/08/2021
Thirupathur,28262,27409,252,601,01/08/2021
Thiruvallur,113535,111024,758,1753,01/08/2021
Thiruvannamalai,52099,50837,624,638,01/08/2021
Thiruvarur,37878,37148,363,367,01/08/2021
Thoothukudi,55095,54467,233,395,01/08/2021
Tirunelveli,47917,47157,332,428,01/08/2021
Tiruppur,87895,86095,964,836,01/08/2021
Trichy,72491,70811,714,966,01/08/2021
Vellore,48081,46653,333,1095,01/08/2021
Villupuram,43878,43139,398,341,01/08/2021
Virudhunagar,45511,44764,207,540,01/08/2021
AirportSurveillance(International),1013,1010,2,1,01/08/2021
AirportSurveillance(Domestic),1078,1075,2,1,01/08/2021
RailwaySurveillance,428,428,0,0,01/08/2021
Ariyalur,15817,15362,219,236,02/08/2021
Chengalpattu,162215,158647,1163,2405,02/08/2021
Chennai,538521,528465,1735,8321,02/08/2021
Coimbatore,229804,225618,2008,2178,02/08/2021
Cuddalore,60573,59031,731,811,02/08/2021
Dharmapuri,26165,25575,355,235,02/08/2021
Dindigul,32222,31407,192,623,02/08/2021
Erode,94042,91841,1568,633,02/08/2021
Kallakurichi,29160,28481,481,198,02/08/2021
Kancheepuram,71797,70154,439,1204,02/08/2021
Kanyakumari,60158,58788,350,1020,02/08/2021
Karur,22669,22169,149,351,02/08/2021
Krishnagiri,41424,40787,315,322,02/08/2021
Madurai,73540,72130,265,1145,02/08/2021
Mayiladuthurai,21088,20531,288,269,02/08/2021
Nagapattinam,18729,18043,397,289,02/08/2021
Namakkal,47315,46283,581,451,02/08/2021
Nilgiris,30617,29905,532,180,02/08/2021
Perambalur,11497,11166,108,223,02/08/2021
Pudukottai,28180,27494,319,367,02/08/2021
Ramanathapuram,20052,19570,132,350,02/08/2021
Ranipet,41998,41010,246,742,02/08/2021
Salem,93562,90939,1061,1562,02/08/2021
Sivagangai,18836,18353,286,197,02/08/2021
Tenkasi,26868,26242,146,480,02/08/2021
Thanjavur,68102,66190,1064,848,02/08/2021
Theni,42952,42285,153,514,02/08/2021
Thirupathur,28289,27437,251,601,02/08/2021
Thiruvallur,113622,111092,774,1756,02/08/2021
Thiruvannamalai,52140,50899,603,638,02/08/2021
Thiruvarur,37921,37172,379,370,02/08/2021
Thoothukudi,55118,54494,228,396,02/08/2021
Tirunelveli,47935,47188,319,428,02/08/2021
Tiruppur,87985,86211,933,841,02/08/2021
Trichy,72567,70899,700,968,02/08/2021
Vellore,48111,46685,331,1095,02/08/2021
Villupuram,43907,43183,383,341,02/08/2021
Virudhunagar,45525,44790,195,540,02/08/2021
AirportSurveillance(International),1015,1010,4,1,02/08/2021
AirportSurveillance(Domestic),1078,1075,2,1,02/08/2021
RailwaySurveillance,428,428,0,0,02/08/2021
Ariyalur,15834,15377,221,236,03/08/2021
Chengalpattu,162336,158746,1183,2407,03/08/2021
Chennai,538727,528603,1802,8322,03/08/2021
Coimbatore,230012,225787,2043,2182,03/08/2021
Cuddalore,60652,59099,740,813,03/08/2021
Dharmapuri,26188,25604,349,235,03/08/2021
Dindigul,32235,31431,180,624,03/08/2021
Erode,94217,91971,1612,634,03/08/2021
Kallakurichi,29199,28527,474,198,03/08/2021
Kancheepuram,71839,70188,445,1206,03/08/2021
Kanyakumari,60176,58835,321,1020,03/08/2021
Karur,22691,22181,159,351,03/08/2021
Krishnagiri,41446,40810,314,322,03/08/2021
Madurai,73562,72158,259,1145,03/08/2021
Mayiladuthurai,21116,20573,274,269,03/08/2021
Nagapattinam,18769,18080,400,289,03/08/2021
Namakkal,47365,46352,562,451,03/08/2021
Nilgiris,30657,29963,514,180,03/08/2021
Perambalur,11507,11182,101,224,03/08/2021
Pudukottai,28210,27529,314,367,03/08/2021
Ramanathapuram,20058,19584,124,350,03/08/2021
Ranipet,42013,41036,235,742,03/08/2021
Salem,93643,91073,1004,1566,03/08/2021
Sivagangai,18862,18396,268,198,03/08/2021
Tenkasi,26876,26250,145,481,03/08/2021
Thanjavur,68218,66319,1050,849,03/08/2021
Theni,42962,42302,146,514,03/08/2021
Thirupathur,28310,27470,239,601,03/08/2021
Thiruvallur,113707,111162,788,1757,03/08/2021
Thiruvannamalai,52175,50965,572,638,03/08/2021
Thiruvarur,37952,37199,382,371,03/08/2021
Thoothukudi,55139,54526,216,397,03/08/2021
Tirunelveli,47958,47224,306,428,03/08/2021
Tiruppur,88072,86335,891,846,03/08/2021
Trichy,72635,70975,692,968,03/08/2021
Vellore,48136,46716,325,1095,03/08/2021
Villupuram,43933,43222,370,341,03/08/2021
Virudhunagar,45541,44812,189,540,03/08/2021
AirportSurveillance(International),1018,1010,7,1,03/08/2021
AirportSurveillance(Domestic),1078,1076,1,1,03/08/2021
RailwaySurveillance,428,428,0,0,03/08/2021
Ariyalur,15858,15391,231,236,04/08/2021
Chengalpattu,162449,158849,1191,2409,04/08/2021
Chennai,538908,528745,1840,8323,04/08/2021
Coimbatore,230241,225971,2085,2185,04/08/2021
Cuddalore,60714,59180,719,815,04/08/2021
Dharmapuri,26214,25636,343,235,04/08/2021
Dindigul,32251,31452,174,625,04/08/2021
Erode,94364,92103,1625,636,04/08/2021
Kallakurichi,29245,28579,468,198,04/08/2021
Kancheepuram,71878,70226,446,1206,04/08/2021
Kanyakumari,60211,58872,318,1021,04/08/2021
Karur,22713,22192,170,351,04/08/2021
Krishnagiri,41474,40830,322,322,04/08/2021
Madurai,73588,72189,254,1145,04/08/2021
Mayiladuthurai,21139,20614,255,270,04/08/2021
Nagapattinam,18798,18114,393,291,04/08/2021
Namakkal,47421,46405,563,453,04/08/2021
Nilgiris,30708,30024,503,181,04/08/2021
Perambalur,11515,11192,99,224,04/08/2021
Pudukottai,28252,27568,316,368,04/08/2021
Ramanathapuram,20075,19596,129,350,04/08/2021
Ranipet,42028,41060,225,743,04/08/2021
Salem,93727,91204,955,1568,04/08/2021
Sivagangai,18880,18424,257,199,04/08/2021
Tenkasi,26885,26259,143,483,04/08/2021
Thanjavur,68320,66437,1032,851,04/08/2021
Theni,42970,42315,141,514,04/08/2021
Thirupathur,28327,27496,230,601,04/08/2021
Thiruvallur,113808,111236,810,1762,04/08/2021
Thiruvannamalai,52214,51034,542,638,04/08/2021
Thiruvarur,38005,37240,391,374,04/08/2021
Thoothukudi,55157,54551,208,398,04/08/2021
Tirunelveli,47982,47270,283,429,04/08/2021
Tiruppur,88161,86441,873,847,04/08/2021
Trichy,72717,71038,711,968,04/08/2021
Vellore,48159,46746,318,1095,04/08/2021
Villupuram,43967,43263,363,341,04/08/2021
Virudhunagar,45554,44831,183,540,04/08/2021
AirportSurveillance(International),1018,1010,7,1,04/08/2021
AirportSurveillance(Domestic),1078,1076,1,1,04/08/2021
RailwaySurveillance,428,428,0,0,04/08/2021
Ariyalur,15877,15407,234,236,05/08/2021
Chengalpattu,162584,158947,1228,2409,05/08/2021
Chennai,539105,528891,1887,8327,05/08/2021
Coimbatore,230463,226158,2117,2188,05/08/2021
Cuddalore,60787,59255,717,815,05/08/2021
Dharmapuri,26242,25672,335,235,05/08/2021
Dindigul,32261,31466,170,625,05/08/2021
Erode,94521,92241,1643,637,05/08/2021
Kallakurichi,29287,28626,463,198,05/08/2021
Kancheepuram,71919,70271,441,1207,05/08/2021
Kanyakumari,60243,58904,317,1022,05/08/2021
Karur,22730,22208,171,351,05/08/2021
Krishnagiri,41497,40847,326,324,05/08/2021
Madurai,73615,72223,246,1146,05/08/2021
Mayiladuthurai,21171,20647,253,271,05/08/2021
Nagapattinam,18828,18144,393,291,05/08/2021
Namakkal,47469,46451,563,455,05/08/2021
Nilgiris,30755,30083,490,182,05/08/2021
Perambalur,11526,11200,102,224,05/08/2021
Pudukottai,28292,27612,310,370,05/08/2021
Ramanathapuram,20084,19605,129,350,05/08/2021
Ranipet,42051,41087,221,743,05/08/2021
Salem,93804,91332,900,1572,05/08/2021
Sivagangai,18902,18450,253,199,05/08/2021
Tenkasi,26893,26265,145,483,05/08/2021
Thanjavur,68434,66541,1039,854,05/08/2021
Theni,42981,42325,142,514,05/08/2021
Thirupathur,28342,27520,221,601,05/08/2021
Thiruvallur,113910,111307,840,1763,05/08/2021
Thiruvannamalai,52278,51098,542,638,05/08/2021
Thiruvarur,38046,37283,389,374,05/08/2021
Thoothukudi,55178,54574,206,398,05/08/2021
Tirunelveli,47995,47308,257,430,05/08/2021
Tiruppur,88261,86535,874,852,05/08/2021
Trichy,72795,71095,732,968,05/08/2021
Vellore,48176,46781,300,1095,05/08/2021
Villupuram,44005,43305,359,341,05/08/2021
Virudhunagar,45565,44852,173,540,05/08/2021
AirportSurveillance(International),1018,1010,7,1,05/08/2021
AirportSurveillance(Domestic),1080,1076,3,1,05/08/2021
RailwaySurveillance,428,428,0,0,05/08/2021
Ariyalur,15939,15446,256,237,07/08/2021
Chengalpattu,162821,159205,1206,2410,07/08/2021
Chennai,539487,529191,1959,8337,07/08/2021
Coimbatore,230928,226558,2180,2190,07/08/2021
Cuddalore,60921,59388,715,818,07/08/2021
Dharmapuri,26300,25737,327,236,07/08/2021
Dindigul,32277,31489,162,626,07/08/2021
Erode,94879,92523,1718,638,07/08/2021
Kallakurichi,29372,28708,465,199,07/08/2021
Kancheepuram,71993,70353,430,1210,07/08/2021
Kanyakumari,60320,58972,326,1022,07/08/2021
Karur,22766,22239,176,351,07/08/2021
Krishnagiri,41547,40889,334,324,07/08/2021
Madurai,73655,72271,237,1147,07/08/2021
Mayiladuthurai,21220,20704,245,271,07/08/2021
Nagapattinam,18913,18207,414,292,07/08/2021
Namakkal,47590,46547,588,455,07/08/2021
Nilgiris,30859,30176,498,185,07/08/2021
Perambalur,11541,11215,101,225,07/08/2021
Pudukottai,28381,27690,321,370,07/08/2021
Ramanathapuram,20091,19624,116,351,07/08/2021
Ranipet,42087,41130,214,743,07/08/2021
Salem,93969,91552,835,1582,07/08/2021
Sivagangai,18944,18496,249,199,07/08/2021
Tenkasi,26904,26288,133,483,07/08/2021
Thanjavur,68626,66748,1023,855,07/08/2021
Theni,43000,42349,137,514,07/08/2021
Thirupathur,28366,27561,203,602,07/08/2021
Thiruvallur,114103,111438,900,1765,07/08/2021
Thiruvannamalai,52388,51204,545,639,07/08/2021
Thiruvarur,38139,37355,410,374,07/08/2021
Thoothukudi,55209,54611,200,398,07/08/2021
Tirunelveli,48047,47365,252,430,07/08/2021
Tiruppur,88441,86714,867,860,07/08/2021
Trichy,72926,71217,737,972,07/08/2021
Vellore,48227,46840,291,1096,07/08/2021
Villupuram,44064,43376,347,341,07/08/2021
Virudhunagar,45586,44887,159,540,07/08/2021
AirportSurveillance(International),1018,1010,7,1,07/08/2021
AirportSurveillance(Domestic),1080,1076,3,1,07/08/2021
RailwaySurveillance,428,428,0,0,07/08/2021
Ariyalur,15968,15467,264,237,08/08/2021
Chengalpattu,162924,159340,1173,2411,08/08/2021
Chennai,539667,529348,1981,8338,08/08/2021
Coimbatore,231170,226760,2217,2193,08/08/2021
Cuddalore,60987,59451,717,819,08/08/2021
Dharmapuri,26332,25765,330,237,08/08/2021
Dindigul,32292,31500,166,626,08/08/2021
Erode,95066,92667,1760,639,08/08/2021
Kallakurichi,29404,28741,464,199,08/08/2021
Kancheepuram,72033,70388,433,1212,08/08/2021
Kanyakumari,60358,59011,325,1022,08/08/2021
Karur,22781,22256,174,351,08/08/2021
Krishnagiri,41571,40915,332,324,08/08/2021
Madurai,73672,72295,230,1147,08/08/2021
Mayiladuthurai,21250,20726,253,271,08/08/2021
Nagapattinam,18957,18238,427,292,08/08/2021
Namakkal,47641,46596,589,456,08/08/2021
Nilgiris,30909,30222,501,186,08/08/2021
Perambalur,11555,11222,108,225,08/08/2021
Pudukottai,28423,27719,333,371,08/08/2021
Ramanathapuram,20097,19632,114,351,08/08/2021
Ranipet,42103,41149,210,744,08/08/2021
Salem,94059,91630,843,1586,08/08/2021
Sivagangai,18963,18521,243,199,08/08/2021
Tenkasi,26908,26297,127,484,08/08/2021
Thanjavur,68712,66849,1007,856,08/08/2021
Theni,43008,42363,131,514,08/08/2021
Thirupathur,28378,27577,199,602,08/08/2021
Thiruvallur,114196,111506,926,1764,08/08/2021
Thiruvannamalai,52435,51263,532,640,08/08/2021
Thiruvarur,38191,37397,419,375,08/08/2021
Thoothukudi,55229,54626,205,398,08/08/2021
Tirunelveli,48082,47392,260,430,08/08/2021
Tiruppur,88520,86793,863,864,08/08/2021
Trichy,72996,71273,749,974,08/08/2021
Vellore,48247,46868,283,1096,08/08/2021
Villupuram,44100,43408,351,341,08/08/2021
Virudhunagar,45598,44899,158,541,08/08/2021
AirportSurveillance(International),1018,1010,7,1,08/08/2021
AirportSurveillance(Domestic),1080,1076,3,1,08/08/2021
RailwaySurveillance,428,428,0,0,08/08/2021
Ariyalur,15995,15502,255,238,09/08/2021
Chengalpattu,163031,159464,1156,2411,09/08/2021
Chennai,539856,529522,1994,8340,09/08/2021
Coimbatore,231405,226983,2228,2194,09/08/2021
Cuddalore,61073,59517,736,820,09/08/2021
Dharmapuri,26363,25799,327,237,09/08/2021
Dindigul,32305,31513,166,626,09/08/2021
Erode,95245,92846,1760,639,09/08/2021
Kallakurichi,29447,28777,471,199,09/08/2021
Kancheepuram,72066,70419,435,1212,09/08/2021
Kanyakumari,60391,59036,333,1022,09/08/2021
Karur,22800,22270,179,351,09/08/2021
Krishnagiri,41590,40937,329,324,09/08/2021
Madurai,73694,72315,232,1147,09/08/2021
Mayiladuthurai,21273,20752,250,271,09/08/2021
Nagapattinam,18997,18273,432,292,09/08/2021
Namakkal,47687,46637,593,457,09/08/2021
Nilgiris,30956,30269,501,186,09/08/2021
Perambalur,11563,11228,110,225,09/08/2021
Pudukottai,28459,27751,337,371,09/08/2021
Ramanathapuram,20101,19641,109,351,09/08/2021
Ranipet,42119,41166,208,745,09/08/2021
Salem,94145,91718,836,1591,09/08/2021
Sivagangai,18980,18545,236,199,09/08/2021
Tenkasi,26914,26308,122,484,09/08/2021
Thanjavur,68802,66946,995,861,09/08/2021
Theni,43016,42378,124,514,09/08/2021
Thirupathur,28387,27595,189,603,09/08/2021
Thiruvallur,114280,111577,939,1764,09/08/2021
Thiruvannamalai,52478,51317,521,640,09/08/2021
Thiruvarur,38244,37436,433,375,09/08/2021
Thoothukudi,55244,54643,203,398,09/08/2021
Tirunelveli,48111,47420,261,430,09/08/2021
Tiruppur,88596,86875,852,869,09/08/2021
Trichy,73065,71338,753,974,09/08/2021
Vellore,48287,46891,300,1096,09/08/2021
Villupuram,44137,43439,357,341,09/08/2021
Virudhunagar,45609,44913,155,541,09/08/2021
AirportSurveillance(International),1018,1010,7,1,09/08/2021
AirportSurveillance(Domestic),1080,1076,3,1,09/08/2021
RailwaySurveillance,428,428,0,0,09/08/2021
Ariyalur,16016,15534,243,239,10/08/2021
Chengalpattu,163135,159592,1130,2413,10/08/2021
Chennai,540063,529716,2005,8342,10/08/2021
Coimbatore,231633,227200,2234,2199,10/08/2021
Cuddalore,61144,59575,748,821,10/08/2021
Dharmapuri,26390,25828,325,237,10/08/2021
Dindigul,32309,31523,160,626,10/08/2021
Erode,95399,93034,1725,640,10/08/2021
Kallakurichi,29490,28812,479,199,10/08/2021
Kancheepuram,72102,70447,443,1212,10/08/2021
Kanyakumari,60421,59062,337,1022,10/08/2021
Karur,22813,22285,177,351,10/08/2021
Krishnagiri,41612,40967,321,324,10/08/2021
Madurai,73714,72336,231,1147,10/08/2021
Mayiladuthurai,21300,20771,258,271,10/08/2021
Nagapattinam,19039,18310,437,292,10/08/2021
Namakkal,47734,46682,594,458,10/08/2021
Nilgiris,31005,30318,501,186,10/08/2021
Perambalur,11569,11235,109,225,10/08/2021
Pudukottai,28494,27782,340,372,10/08/2021
Ramanathapuram,20104,19652,101,351,10/08/2021
Ranipet,42147,41186,216,745,10/08/2021
Salem,94242,91801,847,1594,10/08/2021
Sivagangai,19001,18570,232,199,10/08/2021
Tenkasi,26919,26321,114,484,10/08/2021
Thanjavur,68895,67031,1002,862,10/08/2021
Theni,43025,42390,121,514,10/08/2021
Thirupathur,28400,27609,187,604,10/08/2021
Thiruvallur,114361,111671,925,1765,10/08/2021
Thiruvannamalai,52534,51376,518,640,10/08/2021
Thiruvarur,38287,37481,431,375,10/08/2021
Thoothukudi,55256,54659,199,398,10/08/2021
Tirunelveli,48137,47443,264,430,10/08/2021
Tiruppur,88676,86954,848,874,10/08/2021
Trichy,73135,71407,752,976,10/08/2021
Vellore,48317,46924,297,1096,10/08/2021
Villupuram,44168,43473,354,341,10/08/2021
Virudhunagar,45618,44929,148,541,10/08/2021
AirportSurveillance(International),1018,1010,7,1,10/08/2021
AirportSurveillance(Domestic),1080,1076,3,1,10/08/2021
RailwaySurveillance,428,428,0,0,10/08/2021
Ariyalur,16037,15560,237,240,11/08/2021
Chengalpattu,163274,159709,1152,2413,11/08/2021
Chennai,540300,529907,2048,8345,11/08/2021
Coimbatore,231863,227403,2259,2201,11/08/2021
Cuddalore,61220,59622,777,821,11/08/2021
Dharmapuri,26415,25862,316,237,11/08/2021
Dindigul,32322,31538,157,627,11/08/2021
Erode,95559,93208,1710,641,11/08/2021
Kallakurichi,29521,28854,468,199,11/08/2021
Kancheepuram,72144,70483,448,1213,11/08/2021
Kanyakumari,60451,59090,339,1022,11/08/2021
Karur,22836,22297,188,351,11/08/2021
Krishnagiri,41638,41004,309,325,11/08/2021
Madurai,73729,72354,228,1147,11/08/2021
Mayiladuthurai,21325,20795,259,271,11/08/2021
Nagapattinam,19075,18353,427,295,11/08/2021
Namakkal,47771,46739,574,458,11/08/2021
Nilgiris,31048,30369,493,186,11/08/2021
Perambalur,11579,11245,109,225,11/08/2021
Pudukottai,28533,27805,356,372,11/08/2021
Ramanathapuram,20110,19665,94,351,11/08/2021
Ranipet,42169,41208,216,745,11/08/2021
Salem,94328,91888,843,1597,11/08/2021
Sivagangai,19022,18594,229,199,11/08/2021
Tenkasi,26928,26332,112,484,11/08/2021
Thanjavur,68972,67113,995,864,11/08/2021
Theni,43038,42404,120,514,11/08/2021
Thirupathur,28410,27628,178,604,11/08/2021
Thiruvallur,114461,111754,941,1766,11/08/2021
Thiruvannamalai,52586,51442,503,641,11/08/2021
Thiruvarur,38327,37519,432,376,11/08/2021
Thoothukudi,55274,54680,196,398,11/08/2021
Tirunelveli,48151,47469,252,430,11/08/2021
Tiruppur,88754,87021,857,876,11/08/2021
Trichy,73209,71481,749,979,11/08/2021
Vellore,48356,46951,308,1097,11/08/2021
Villupuram,44205,43506,358,341,11/08/2021
Virudhunagar,45628,44949,137,542,11/08/2021
AirportSurveillance(International),1018,1012,5,1,11/08/2021
AirportSurveillance(Domestic),1080,1076,3,1,11/08/2021
RailwaySurveillance,428,428,0,0,11/08/2021
Ariyalur,16056,15589,227,240,12/08/2021
Chengalpattu,163383,159811,1159,2413,12/08/2021
Chennai,540523,530095,2081,8347,12/08/2021
Coimbatore,232114,227599,2308,2207,12/08/2021
Cuddalore,61293,59676,796,821,12/08/2021
Dharmapuri,26446,25893,315,238,12/08/2021
Dindigul,32332,31557,147,628,12/08/2021
Erode,95726,93367,1718,641,12/08/2021
Kallakurichi,29557,28902,456,199,12/08/2021
Kancheepuram,72188,70529,446,1213,12/08/2021
Kanyakumari,60476,59122,329,1025,12/08/2021
Karur,22852,22311,190,351,12/08/2021
Krishnagiri,41664,41047,291,326,12/08/2021
Madurai,73747,72369,230,1148,12/08/2021
Mayiladuthurai,21349,20823,255,271,12/08/2021
Nagapattinam,19109,18402,412,295,12/08/2021
Namakkal,47830,46801,570,459,12/08/2021
Nilgiris,31094,30417,491,186,12/08/2021
Perambalur,11586,11258,103,225,12/08/2021
Pudukottai,28560,27832,354,374,12/08/2021
Ramanathapuram,20114,19682,81,351,12/08/2021
Ranipet,42189,41234,210,745,12/08/2021
Salem,94427,91981,844,1602,12/08/2021
Sivagangai,19041,18620,222,199,12/08/2021
Tenkasi,26935,26346,105,484,12/08/2021
Thanjavur,69072,67177,1031,864,12/08/2021
Theni,43047,42415,118,514,12/08/2021
Thirupathur,28420,27641,174,605,12/08/2021
Thiruvallur,114541,111832,942,1767,12/08/2021
Thiruvannamalai,52635,51506,488,641,12/08/2021
Thiruvarur,38372,37551,443,378,12/08/2021
Thoothukudi,55288,54703,187,398,12/08/2021
Tirunelveli,48164,47487,247,430,12/08/2021
Tiruppur,88841,87083,878,880,12/08/2021
Trichy,73281,71546,755,980,12/08/2021
Vellore,48386,46973,315,1098,12/08/2021
Villupuram,44234,43546,347,341,12/08/2021
Virudhunagar,45637,44970,125,542,12/08/2021
AirportSurveillance(International),1019,1012,6,1,12/08/2021
AirportSurveillance(Domestic),1080,1076,3,1,12/08/2021
RailwaySurveillance,428,428,0,0,12/08/2021
Ariyalur,16072,15612,219,241,13/08/2021
Chengalpattu,163491,159908,1169,2414,13/08/2021
Chennai,540739,530289,2098,8352,13/08/2021
Coimbatore,232351,227781,2358,2212,13/08/2021
Cuddalore,61364,59744,798,822,13/08/2021
Dharmapuri,26469,25927,304,238,13/08/2021
Dindigul,32341,31577,136,628,13/08/2021
Erode,95900,93513,1745,642,13/08/2021
Kallakurichi,29603,28958,446,199,13/08/2021
Kancheepuram,72220,70578,427,1215,13/08/2021
Kanyakumari,60504,59151,328,1025,13/08/2021
Karur,22866,22324,191,351,13/08/2021
Krishnagiri,41686,41093,267,326,13/08/2021
Madurai,73769,72390,231,1148,13/08/2021
Mayiladuthurai,21369,20849,247,273,13/08/2021
Nagapattinam,19141,18444,401,296,13/08/2021
Namakkal,47884,46874,550,460,13/08/2021
Nilgiris,31142,30471,485,186,13/08/2021
Perambalur,11592,11274,93,225,13/08/2021
Pudukottai,28596,27856,365,375,13/08/2021
Ramanathapuram,20120,19694,75,351,13/08/2021
Ranipet,42206,41261,200,745,13/08/2021
Salem,94551,92067,881,1603,13/08/2021
Sivagangai,19056,18642,215,199,13/08/2021
Tenkasi,26944,26364,96,484,13/08/2021
Thanjavur,69189,67255,1067,867,13/08/2021
Theni,43058,42429,115,514,13/08/2021
Thirupathur,28428,27660,163,605,13/08/2021
Thiruvallur,114614,111908,937,1769,13/08/2021
Thiruvannamalai,52680,51563,476,641,13/08/2021
Thiruvarur,38406,37579,447,380,13/08/2021
Thoothukudi,55300,54724,178,398,13/08/2021
Tirunelveli,48181,47502,249,430,13/08/2021
Tiruppur,88937,87148,906,883,13/08/2021
Trichy,73358,71615,761,982,13/08/2021
Vellore,48423,46990,335,1098,13/08/2021
Villupuram,44249,43582,326,341,13/08/2021
Virudhunagar,45643,44984,117,542,13/08/2021
AirportSurveillance(International),1019,1012,6,1,13/08/2021
AirportSurveillance(Domestic),1080,1076,3,1,13/08/2021
RailwaySurveillance,428,428,0,0,13/08/2021
Ariyalur,16087,15633,212,242,14/08/2021
Chengalpattu,163608,160001,1193,2414,14/08/2021
Chennai,540971,530503,2112,8356,14/08/2021
Coimbatore,232575,227978,2380,2217,14/08/2021
Cuddalore,61434,59828,784,822,14/08/2021
Dharmapuri,26486,25959,289,238,14/08/2021
Dindigul,32350,31592,130,628,14/08/2021
Erode,96087,93645,1800,642,14/08/2021
Kallakurichi,29632,29012,421,199,14/08/2021
Kancheepuram,72248,70629,404,1215,14/08/2021
Kanyakumari,60534,59174,334,1026,14/08/2021
Karur,22885,22334,200,351,14/08/2021
Krishnagiri,41713,41127,259,327,14/08/2021
Madurai,73786,72416,222,1148,14/08/2021
Mayiladuthurai,21399,20874,251,274,14/08/2021
Nagapattinam,19161,18480,385,296,14/08/2021
Namakkal,47938,46941,536,461,14/08/2021
Nilgiris,31189,30520,482,187,14/08/2021
Perambalur,11597,11285,86,226,14/08/2021
Pudukottai,28618,27875,368,375,14/08/2021
Ramanathapuram,20124,19703,70,351,14/08/2021
Ranipet,42229,41283,200,746,14/08/2021
Salem,94688,92161,922,1605,14/08/2021
Sivagangai,19077,18660,218,199,14/08/2021
Tenkasi,26944,26377,83,484,14/08/2021
Thanjavur,69299,67352,1078,869,14/08/2021
Theni,43070,42437,119,514,14/08/2021
Thirupathur,28442,27676,159,607,14/08/2021
Thiruvallur,114684,111987,928,1769,14/08/2021
Thiruvannamalai,52724,51611,470,643,14/08/2021
Thiruvarur,38449,37605,463,381,14/08/2021
Thoothukudi,55306,54744,164,398,14/08/2021
Tirunelveli,48194,47524,240,430,14/08/2021
Tiruppur,89029,87224,920,885,14/08/2021
Trichy,73428,71686,759,983,14/08/2021
Vellore,48447,47004,342,1101,14/08/2021
Villupuram,44280,43613,324,343,14/08/2021
Virudhunagar,45646,44993,111,542,14/08/2021
AirportSurveillance(International),1019,1012,6,1,14/08/2021
AirportSurveillance(Domestic),1080,1076,3,1,14/08/2021
RailwaySurveillance,428,428,0,0,14/08/2021
Ariyalur,16102,15651,209,242,15/08/2021
Chengalpattu,163727,160097,1215,2415,15/08/2021
Chennai,541194,530724,2111,8359,15/08/2021
Coimbatore,232803,228182,2403,2218,15/08/2021
Cuddalore,61495,59909,764,822,15/08/2021
Dharmapuri,26504,25987,279,238,15/08/2021
Dindigul,32358,31608,122,628,15/08/2021
Erode,96258,93791,1825,642,15/08/2021
Kallakurichi,29670,29063,408,199,15/08/2021
Kancheepuram,72279,70677,387,1215,15/08/2021
Kanyakumari,60562,59200,336,1026,15/08/2021
Karur,22904,22348,205,351,15/08/2021
Krishnagiri,41742,41158,257,327,15/08/2021
Madurai,73797,72441,208,1148,15/08/2021
Mayiladuthurai,21447,20903,270,274,15/08/2021
Nagapattinam,19182,18512,374,296,15/08/2021
Namakkal,47993,47015,517,461,15/08/2021
Nilgiris,31233,30561,485,187,15/08/2021
Perambalur,11604,11293,85,226,15/08/2021
Pudukottai,28644,27888,381,375,15/08/2021
Ramanathapuram,20129,19709,69,351,15/08/2021
Ranipet,42252,41300,206,746,15/08/2021
Salem,94817,92258,949,1610,15/08/2021
Sivagangai,19102,18676,227,199,15/08/2021
Tenkasi,26951,26388,79,484,15/08/2021
Thanjavur,69405,67446,1089,870,15/08/2021
Theni,43080,42447,119,514,15/08/2021
Thirupathur,28447,27690,150,607,15/08/2021
Thiruvallur,114759,112055,934,1770,15/08/2021
Thiruvannamalai,52772,51648,481,643,15/08/2021
Thiruvarur,38485,37626,477,382,15/08/2021
Thoothukudi,55311,54759,154,398,15/08/2021
Tirunelveli,48211,47543,238,430,15/08/2021
Tiruppur,89115,87312,913,890,15/08/2021
Trichy,73489,71764,740,985,15/08/2021
Vellore,48462,47016,343,1103,15/08/2021
Villupuram,44314,43640,330,344,15/08/2021
Virudhunagar,45655,45000,113,542,15/08/2021
AirportSurveillance(International),1019,1014,4,1,15/08/2021
AirportSurveillance(Domestic),1080,1077,2,1,15/08/2021
RailwaySurveillance,428,428,0,0,15/08/2021
Ariyalur,16123,15671,209,243,16/08/2021
Chengalpattu,163834,160249,1169,2416,16/08/2021
Chennai,541402,530959,2080,8363,16/08/2021
Coimbatore,233022,228397,2406,2219,16/08/2021
Cuddalore,61554,59996,733,825,16/08/2021
Dharmapuri,26521,26009,273,239,16/08/2021
Dindigul,32363,31618,117,628,16/08/2021
Erode,96417,93942,1833,642,16/08/2021
Kallakurichi,29701,29102,400,199,16/08/2021
Kancheepuram,72312,70709,387,1216,16/08/2021
Kanyakumari,60596,59228,341,1027,16/08/2021
Karur,22917,22363,203,351,16/08/2021
Krishnagiri,41770,41187,256,327,16/08/2021
Madurai,73808,72460,200,1148,16/08/2021
Mayiladuthurai,21483,20928,281,274,16/08/2021
Nagapattinam,19212,18548,368,296,16/08/2021
Namakkal,48049,47079,509,461,16/08/2021
Nilgiris,31272,30603,481,188,16/08/2021
Perambalur,11610,11304,80,226,16/08/2021
Pudukottai,28687,27905,406,376,16/08/2021
Ramanathapuram,20133,19716,65,352,16/08/2021
Ranipet,42275,41318,211,746,16/08/2021
Salem,94946,92344,991,1611,16/08/2021
Sivagangai,19121,18697,225,199,16/08/2021
Tenkasi,26960,26396,80,484,16/08/2021
Thanjavur,69528,67548,1108,872,16/08/2021
Theni,43086,42460,111,515,16/08/2021
Thirupathur,28451,27708,136,607,16/08/2021
Thiruvallur,114822,112126,925,1771,16/08/2021
Thiruvannamalai,52815,51691,481,643,16/08/2021
Thiruvarur,38522,37652,488,382,16/08/2021
Thoothukudi,55319,54773,148,398,16/08/2021
Tirunelveli,48227,47565,232,430,16/08/2021
Tiruppur,89199,87393,912,894,16/08/2021
Trichy,73550,71837,726,987,16/08/2021
Vellore,48486,47034,349,1103,16/08/2021
Villupuram,44348,43671,332,345,16/08/2021
Virudhunagar,45663,45010,111,542,16/08/2021
AirportSurveillance(International),1020,1014,5,1,16/08/2021
AirportSurveillance(Domestic),1080,1077,2,1,16/08/2021
RailwaySurveillance,428,428,0,0,16/08/2021
Ariyalur,16138,15687,208,243,17/08/2021
Chengalpattu,163945,160395,1130,2420,17/08/2021
Chennai,541616,531173,2076,8367,17/08/2021
Coimbatore,233228,228626,2380,2222,17/08/2021
Cuddalore,61614,60072,717,825,17/08/2021
Dharmapuri,26540,26034,267,239,17/08/2021
Dindigul,32372,31631,111,630,17/08/2021
Erode,96592,94086,1864,642,17/08/2021
Kallakurichi,29733,29145,389,199,17/08/2021
Kancheepuram,72342,70747,377,1218,17/08/2021
Kanyakumari,60627,59252,348,1027,17/08/2021
Karur,22931,22380,200,351,17/08/2021
Krishnagiri,41795,41214,254,327,17/08/2021
Madurai,73820,72478,194,1148,17/08/2021
Mayiladuthurai,21517,20957,286,274,17/08/2021
Nagapattinam,19240,18579,363,298,17/08/2021
Namakkal,48105,47131,513,461,17/08/2021
Nilgiris,31307,30647,471,189,17/08/2021
Perambalur,11617,11313,78,226,17/08/2021
Pudukottai,28724,27933,415,376,17/08/2021
Ramanathapuram,20138,19724,62,352,17/08/2021
Ranipet,42297,41338,212,747,17/08/2021
Salem,95065,92422,1030,1613,17/08/2021
Sivagangai,19140,18720,221,199,17/08/2021
Tenkasi,26965,26408,73,484,17/08/2021
Thanjavur,69643,67666,1104,873,17/08/2021
Theni,43096,42471,110,515,17/08/2021
Thirupathur,28449,27724,117,608,17/08/2021
Thiruvallur,114891,112213,906,1772,17/08/2021
Thiruvannamalai,52861,51730,487,644,17/08/2021
Thiruvarur,38556,37684,488,384,17/08/2021
Thoothukudi,55327,54791,138,398,17/08/2021
Tirunelveli,48248,47584,234,430,17/08/2021
Tiruppur,89268,87481,891,896,17/08/2021
Trichy,73607,71916,702,989,17/08/2021
Vellore,48511,47048,359,1104,17/08/2021
Villupuram,44376,43697,334,345,17/08/2021
Virudhunagar,45667,45016,109,542,17/08/2021
AirportSurveillance(International),1020,1014,5,1,17/08/2021
AirportSurveillance(Domestic),1080,1077,2,1,17/08/2021
RailwaySurveillance,428,428,0,0,17/08/2021
Ariyalur,16153,15700,210,243,18/08/2021
Chengalpattu,164059,160519,1119,2421,18/08/2021
Chennai,541809,531379,2061,8369,18/08/2021
Coimbatore,233442,228860,2355,2227,18/08/2021
Cuddalore,61669,60137,706,826,18/08/2021
Dharmapuri,26563,26060,264,239,18/08/2021
Dindigul,32385,31641,114,630,18/08/2021
Erode,96726,94243,1841,642,18/08/2021
Kallakurichi,29762,29187,376,199,18/08/2021
Kancheepuram,72386,70791,375,1220,18/08/2021
Kanyakumari,60654,59280,347,1027,18/08/2021
Karur,22949,22399,199,351,18/08/2021
Krishnagiri,41825,41238,260,327,18/08/2021
Madurai,73834,72494,191,1149,18/08/2021
Mayiladuthurai,21543,20988,281,274,18/08/2021
Nagapattinam,19273,18606,366,301,18/08/2021
Namakkal,48168,47185,522,461,18/08/2021
Nilgiris,31342,30689,463,190,18/08/2021
Perambalur,11623,11324,73,226,18/08/2021
Pudukottai,28756,27970,410,376,18/08/2021
Ramanathapuram,20144,19731,61,352,18/08/2021
Ranipet,42318,41361,210,747,18/08/2021
Salem,95171,92506,1048,1617,18/08/2021
Sivagangai,19160,18741,220,199,18/08/2021
Tenkasi,26972,26417,71,484,18/08/2021
Thanjavur,69749,67772,1104,873,18/08/2021
Theni,43107,42483,109,515,18/08/2021
Thirupathur,28457,27738,111,608,18/08/2021
Thiruvallur,114959,112304,883,1772,18/08/2021
Thiruvannamalai,52898,51773,479,646,18/08/2021
Thiruvarur,38598,37723,490,385,18/08/2021
Thoothukudi,55338,54806,134,398,18/08/2021
Tirunelveli,48263,47608,225,430,18/08/2021
Tiruppur,89363,87567,896,900,18/08/2021
Trichy,73666,71983,692,991,18/08/2021
Vellore,48536,47066,365,1105,18/08/2021
Villupuram,44413,43722,345,346,18/08/2021
Virudhunagar,45672,45030,100,542,18/08/2021
AirportSurveillance(International),1020,1014,5,1,18/08/2021
AirportSurveillance(Domestic),1080,1077,2,1,18/08/2021
RailwaySurveillance,428,428,0,0,18/08/2021
Ariyalur,16171,15719,209,243,19/08/2021
Chengalpattu,164169,160625,1123,2421,19/08/2021
Chennai,542010,531563,2074,8373,19/08/2021
Coimbatore,233641,229106,2303,2232,19/08/2021
Cuddalore,61719,60200,692,827,19/08/2021
Dharmapuri,26589,26088,261,240,19/08/2021
Dindigul,32396,31653,113,630,19/08/2021
Erode,96868,94406,1820,642,19/08/2021
Kallakurichi,29788,29225,364,199,19/08/2021
Kancheepuram,72421,70840,360,1221,19/08/2021
Kanyakumari,60674,59312,334,1028,19/08/2021
Karur,22963,22415,197,351,19/08/2021
Krishnagiri,41851,41264,260,327,19/08/2021
Madurai,73848,72512,187,1149,19/08/2021
Mayiladuthurai,21567,21022,271,274,19/08/2021
Nagapattinam,19303,18628,374,301,19/08/2021
Namakkal,48221,47236,523,462,19/08/2021
Nilgiris,31374,30735,449,190,19/08/2021
Perambalur,11630,11333,71,226,19/08/2021
Pudukottai,28789,28012,401,376,19/08/2021
Ramanathapuram,20147,19739,56,352,19/08/2021
Ranipet,42344,41378,219,747,19/08/2021
Salem,95267,92582,1067,1618,19/08/2021
Sivagangai,19176,18765,211,200,19/08/2021
Tenkasi,26979,26423,72,484,19/08/2021
Thanjavur,69845,67870,1102,873,19/08/2021
Theni,43116,42490,111,515,19/08/2021
Thirupathur,28461,27751,100,610,19/08/2021
Thiruvallur,115024,112397,855,1772,19/08/2021
Thiruvannamalai,52938,51820,472,646,19/08/2021
Thiruvarur,38630,37768,474,388,19/08/2021
Thoothukudi,55350,54820,132,398,19/08/2021
Tirunelveli,48284,47637,217,430,19/08/2021
Tiruppur,89451,87659,889,903,19/08/2021
Trichy,73722,72045,683,994,19/08/2021
Vellore,48558,47085,367,1106,19/08/2021
Villupuram,44447,43749,352,346,19/08/2021
Virudhunagar,45676,45041,92,543,19/08/2021
AirportSurveillance(International),1020,1014,5,1,19/08/2021
AirportSurveillance(Domestic),1080,1077,2,1,19/08/2021
RailwaySurveillance,428,428,0,0,19/08/2021
Ariyalur,16186,15744,199,243,20/08/2021
Chengalpattu,164273,160719,1133,2421,20/08/2021
Chennai,542198,531730,2094,8374,20/08/2021
Coimbatore,233840,229340,2266,2234,20/08/2021
Cuddalore,61777,60268,679,830,20/08/2021
Dharmapuri,26612,26119,253,240,20/08/2021
Dindigul,32405,31666,109,630,20/08/2021
Erode,97016,94574,1800,642,20/08/2021
Kallakurichi,29814,29261,354,199,20/08/2021
Kancheepuram,72452,70888,343,1221,20/08/2021
Kanyakumari,60701,59346,327,1028,20/08/2021
Karur,22974,22433,190,351,20/08/2021
Krishnagiri,41873,41284,261,328,20/08/2021
Madurai,73860,72533,178,1149,20/08/2021
Mayiladuthurai,21589,21054,261,274,20/08/2021
Nagapattinam,19331,18654,374,303,20/08/2021
Namakkal,48283,47289,531,463,20/08/2021
Nilgiris,31413,30784,438,191,20/08/2021
Perambalur,11634,11341,67,226,20/08/2021
Pudukottai,28819,28063,380,376,20/08/2021
Ramanathapuram,20151,19745,54,352,20/08/2021
Ranipet,42366,41390,228,748,20/08/2021
Salem,95352,92646,1088,1618,20/08/2021
Sivagangai,19195,18793,202,200,20/08/2021
Tenkasi,26988,26430,74,484,20/08/2021
Thanjavur,69937,67966,1098,873,20/08/2021
Theni,43122,42499,108,515,20/08/2021
Thirupathur,28469,27761,98,610,20/08/2021
Thiruvallur,115082,112485,824,1773,20/08/2021
Thiruvannamalai,52973,51874,453,646,20/08/2021
Thiruvarur,38663,37812,461,390,20/08/2021
Thoothukudi,55360,54837,125,398,20/08/2021
Tirunelveli,48310,47661,219,430,20/08/2021
Tiruppur,89528,87757,863,908,20/08/2021
Trichy,73779,72112,670,997,20/08/2021
Vellore,48586,47107,373,1106,20/08/2021
Villupuram,44479,43779,353,347,20/08/2021
Virudhunagar,45684,45055,86,543,20/08/2021
AirportSurveillance(International),1020,1015,4,1,20/08/2021
AirportSurveillance(Domestic),1081,1077,3,1,20/08/2021
RailwaySurveillance,428,428,0,0,20/08/2021
Ariyalur,16203,15770,190,243,21/08/2021
Chengalpattu,164373,160817,1135,2421,21/08/2021
Chennai,542378,531883,2120,8375,21/08/2021
Coimbatore,234046,229566,2244,2236,21/08/2021
Cuddalore,61833,60340,663,830,21/08/2021
Dharmapuri,26633,26152,241,240,21/08/2021
Dindigul,32413,31677,106,630,21/08/2021
Erode,97158,94748,1768,642,21/08/2021
Kallakurichi,29838,29300,339,199,21/08/2021
Kancheepuram,72483,70934,328,1221,21/08/2021
Kanyakumari,60726,59382,315,1029,21/08/2021
Karur,22987,22448,188,351,21/08/2021
Krishnagiri,41893,41306,259,328,21/08/2021
Madurai,73872,72550,173,1149,21/08/2021
Mayiladuthurai,21612,21082,256,274,21/08/2021
Nagapattinam,19370,18683,383,304,21/08/2021
Namakkal,48332,47346,521,465,21/08/2021
Nilgiris,31450,30835,423,192,21/08/2021
Perambalur,11640,11347,67,226,21/08/2021
Pudukottai,28844,28117,348,379,21/08/2021
Ramanathapuram,20154,19752,50,352,21/08/2021
Ranipet,42387,41408,230,749,21/08/2021
Salem,95439,92707,1111,1621,21/08/2021
Sivagangai,19217,18816,201,200,21/08/2021
Tenkasi,26996,26439,73,484,21/08/2021
Thanjavur,70027,68054,1099,874,21/08/2021
Theni,43127,42504,108,515,21/08/2021
Thirupathur,28483,27773,98,612,21/08/2021
Thiruvallur,115142,112566,803,1773,21/08/2021
Thiruvannamalai,53005,51922,436,647,21/08/2021
Thiruvarur,38706,37858,458,390,21/08/2021
Thoothukudi,55373,54852,123,398,21/08/2021
Tirunelveli,48325,47691,204,430,21/08/2021
Tiruppur,89606,87844,851,911,21/08/2021
Trichy,73833,72177,658,998,21/08/2021
Vellore,48610,47132,372,1106,21/08/2021
Villupuram,44522,43813,362,347,21/08/2021
Virudhunagar,45690,45067,80,543,21/08/2021
AirportSurveillance(International),1020,1015,4,1,21/08/2021
AirportSurveillance(Domestic),1081,1077,3,1,21/08/2021
RailwaySurveillance,428,428,0,0,21/08/2021
Ariyalur,16217,15793,180,244,22/08/2021
Chengalpattu,164469,160920,1127,2422,22/08/2021
Chennai,542555,532047,2129,8379,22/08/2021
Coimbatore,234244,229778,2229,2237,22/08/2021
Cuddalore,61887,60416,641,830,22/08/2021
Dharmapuri,26656,26183,233,240,22/08/2021
Dindigul,32420,31688,101,631,22/08/2021
Erode,97304,94934,1728,642,22/08/2021
Kallakurichi,29860,29336,325,199,22/08/2021
Kancheepuram,72519,70968,330,1221,22/08/2021
Kanyakumari,60753,59414,310,1029,22/08/2021
Karur,23002,22464,187,351,22/08/2021
Krishnagiri,41911,41320,263,328,22/08/2021
Madurai,73884,72571,164,1149,22/08/2021
Mayiladuthurai,21633,21109,249,275,22/08/2021
Nagapattinam,19415,18707,404,304,22/08/2021
Namakkal,48379,47387,527,465,22/08/2021
Nilgiris,31483,30883,407,193,22/08/2021
Perambalur,11644,11352,65,227,22/08/2021
Pudukottai,28870,28159,331,380,22/08/2021
Ramanathapuram,20156,19756,48,352,22/08/2021
Ranipet,42405,41423,233,749,22/08/2021
Salem,95521,92771,1128,1622,22/08/2021
Sivagangai,19236,18835,201,200,22/08/2021
Tenkasi,27002,26445,73,484,22/08/2021
Thanjavur,70135,68137,1122,876,22/08/2021
Theni,43136,42511,110,515,22/08/2021
Thirupathur,28494,27786,96,612,22/08/2021
Thiruvallur,115207,112661,770,1776,22/08/2021
Thiruvannamalai,53047,51968,432,647,22/08/2021
Thiruvarur,38743,37909,443,391,22/08/2021
Thoothukudi,55384,54870,115,399,22/08/2021
Tirunelveli,48338,47716,192,430,22/08/2021
Tiruppur,89676,87916,847,913,22/08/2021
Trichy,73884,72245,640,999,22/08/2021
Vellore,48636,47171,359,1106,22/08/2021
Villupuram,44556,43857,352,347,22/08/2021
Virudhunagar,45695,45077,75,543,22/08/2021
AirportSurveillance(International),1020,1015,4,1,22/08/2021
AirportSurveillance(Domestic),1081,1079,1,1,22/08/2021
RailwaySurveillance,428,428,0,0,22/08/2021
Ariyalur,16229,15813,170,246,23/08/2021
Chengalpattu,164564,161025,1117,2422,23/08/2021
Chennai,542729,532251,2095,8383,23/08/2021
Coimbatore,234444,229988,2215,2241,23/08/2021
Cuddalore,61939,60495,614,830,23/08/2021
Dharmapuri,26678,26219,219,240,23/08/2021
Dindigul,32428,31693,104,631,23/08/2021
Erode,97438,95123,1673,642,23/08/2021
Kallakurichi,29880,29361,320,199,23/08/2021
Kancheepuram,72553,71000,330,1223,23/08/2021
Kanyakumari,60779,59451,299,1029,23/08/2021
Karur,23017,22475,191,351,23/08/2021
Krishnagiri,41928,41343,257,328,23/08/2021
Madurai,73894,72588,156,1150,23/08/2021
Mayiladuthurai,21654,21131,246,277,23/08/2021
Nagapattinam,19458,18739,415,304,23/08/2021
Namakkal,48423,47435,523,465,23/08/2021
Nilgiris,31515,30925,397,193,23/08/2021
Perambalur,11649,11355,67,227,23/08/2021
Pudukottai,28897,28197,319,381,23/08/2021
Ramanathapuram,20159,19758,49,352,23/08/2021
Ranipet,42429,41444,236,749,23/08/2021
Salem,95606,92857,1127,1622,23/08/2021
Sivagangai,19254,18854,200,200,23/08/2021
Tenkasi,27004,26449,71,484,23/08/2021
Thanjavur,70238,68237,1121,880,23/08/2021
Theni,43140,42521,104,515,23/08/2021
Thirupathur,28504,27794,98,612,23/08/2021
Thiruvallur,115273,112744,751,1778,23/08/2021
Thiruvannamalai,53087,52015,424,648,23/08/2021
Thiruvarur,38781,37958,432,391,23/08/2021
Thoothukudi,55397,54883,116,398,23/08/2021
Tirunelveli,48350,47741,179,430,23/08/2021
Tiruppur,89750,87984,851,915,23/08/2021
Trichy,73925,72309,616,1000,23/08/2021
Vellore,48676,47201,369,1106,23/08/2021
Villupuram,44587,43906,334,347,23/08/2021
Virudhunagar,45704,45084,77,543,23/08/2021
AirportSurveillance(International),1020,1015,4,1,23/08/2021
AirportSurveillance(Domestic),1081,1079,1,1,23/08/2021
RailwaySurveillance,428,428,0,0,23/08/2021
Ariyalur,16241,15830,165,246,24/08/2021
Chengalpattu,164648,161123,1101,2424,24/08/2021
Chennai,542902,532467,2049,8386,24/08/2021
Coimbatore,234637,230211,2181,2245,24/08/2021
Cuddalore,62008,60560,616,832,24/08/2021
Dharmapuri,26698,26243,213,242,24/08/2021
Dindigul,32440,31700,109,631,24/08/2021
Erode,97572,95291,1638,643,24/08/2021
Kallakurichi,29917,29392,326,199,24/08/2021
Kancheepuram,72589,71036,330,1223,24/08/2021
Kanyakumari,60803,59485,289,1029,24/08/2021
Karur,23030,22493,186,351,24/08/2021
Krishnagiri,41940,41364,248,328,24/08/2021
Madurai,73908,72602,156,1150,24/08/2021
Mayiladuthurai,21677,21156,244,277,24/08/2021
Nagapattinam,19493,18778,411,304,24/08/2021
Namakkal,48467,47476,526,465,24/08/2021
Nilgiris,31545,30963,389,193,24/08/2021
Perambalur,11656,11359,68,229,24/08/2021
Pudukottai,28922,28229,312,381,24/08/2021
Ramanathapuram,20161,19763,46,352,24/08/2021
Ranipet,42447,41463,235,749,24/08/2021
Salem,95688,92965,1099,1624,24/08/2021
Sivagangai,19270,18866,204,200,24/08/2021
Tenkasi,27009,26453,72,484,24/08/2021
Thanjavur,70328,68332,1115,881,24/08/2021
Theni,43154,42532,107,515,24/08/2021
Thirupathur,28523,27801,110,612,24/08/2021
Thiruvallur,115334,112823,732,1779,24/08/2021
Thiruvannamalai,53126,52060,417,649,24/08/2021
Thiruvarur,38815,38009,414,392,24/08/2021
Thoothukudi,55407,54899,110,398,24/08/2021
Tirunelveli,48360,47763,167,430,24/08/2021
Tiruppur,89815,88057,838,920,24/08/2021
Trichy,73972,72367,605,1000,24/08/2021
Vellore,48716,47243,367,1106,24/08/2021
Villupuram,44616,43939,330,347,24/08/2021
Virudhunagar,45710,45094,73,543,24/08/2021
AirportSurveillance(International),1020,1016,3,1,24/08/2021
AirportSurveillance(Domestic),1082,1079,2,1,24/08/2021
RailwaySurveillance,428,428,0,0,24/08/2021
Ariyalur,16258,15846,165,247,25/08/2021
Chengalpattu,164740,161210,1103,2427,25/08/2021
Chennai,543065,532676,2002,8387,25/08/2021
Coimbatore,234820,230439,2132,2249,25/08/2021
Cuddalore,62062,60631,599,832,25/08/2021
Dharmapuri,26714,26263,209,242,25/08/2021
Dindigul,32452,31709,112,631,25/08/2021
Erode,97707,95448,1616,643,25/08/2021
Kallakurichi,29953,29426,328,199,25/08/2021
Kancheepuram,72623,71068,331,1224,25/08/2021
Kanyakumari,60829,59513,285,1031,25/08/2021
Karur,23047,22514,181,352,25/08/2021
Krishnagiri,41972,41387,256,329,25/08/2021
Madurai,73917,72620,146,1151,25/08/2021
Mayiladuthurai,21704,21183,244,277,25/08/2021
Nagapattinam,19521,18820,397,304,25/08/2021
Namakkal,48517,47514,538,465,25/08/2021
Nilgiris,31582,31007,382,193,25/08/2021
Perambalur,11661,11365,67,229,25/08/2021
Pudukottai,28951,28255,315,381,25/08/2021
Ramanathapuram,20168,19767,49,352,25/08/2021
Ranipet,42467,41485,232,750,25/08/2021
Salem,95763,93068,1071,1624,25/08/2021
Sivagangai,19292,18880,210,202,25/08/2021
Tenkasi,27018,26458,76,484,25/08/2021
Thanjavur,70412,68429,1102,881,25/08/2021
Theni,43168,42544,109,515,25/08/2021
Thirupathur,28526,27811,103,612,25/08/2021
Thiruvallur,115403,112906,716,1781,25/08/2021
Thiruvannamalai,53158,52103,405,650,25/08/2021
Thiruvarur,38843,38057,394,392,25/08/2021
Thoothukudi,55422,54910,113,399,25/08/2021
Tirunelveli,48366,47776,160,430,25/08/2021
Tiruppur,89880,88122,836,922,25/08/2021
Trichy,74019,72419,597,1003,25/08/2021
Vellore,48752,47290,356,1106,25/08/2021
Villupuram,44648,43963,338,347,25/08/2021
Virudhunagar,45717,45102,72,543,25/08/2021
AirportSurveillance(International),1020,1016,3,1,25/08/2021
AirportSurveillance(Domestic),1082,1079,2,1,25/08/2021
RailwaySurveillance,428,428,0,0,25/08/2021
Ariyalur,16270,15859,164,247,26/08/2021
Chengalpattu,164854,161305,1121,2428,26/08/2021
Chennai,543249,532887,1975,8387,26/08/2021
Coimbatore,235041,230671,2118,2252,26/08/2021
Cuddalore,62102,60699,571,832,26/08/2021
Dharmapuri,26731,26280,209,242,26/08/2021
Dindigul,32458,31720,107,631,26/08/2021
Erode,97797,95594,1557,646,26/08/2021
Kallakurichi,29986,29463,324,199,26/08/2021
Kancheepuram,72657,71094,336,1227,26/08/2021
Kanyakumari,60854,59544,279,1031,26/08/2021
Karur,23054,22537,165,352,26/08/2021
Krishnagiri,41998,41412,257,329,26/08/2021
Madurai,73932,72635,145,1152,26/08/2021
Mayiladuthurai,21737,21212,248,277,26/08/2021
Nagapattinam,19540,18856,380,304,26/08/2021
Namakkal,48576,47556,554,466,26/08/2021
Nilgiris,31620,31051,375,194,26/08/2021
Perambalur,11671,11373,68,230,26/08/2021
Pudukottai,28979,28285,310,384,26/08/2021
Ramanathapuram,20170,19772,46,352,26/08/2021
Ranipet,42482,41513,218,751,26/08/2021
Salem,95835,93175,1034,1626,26/08/2021
Sivagangai,19308,18898,209,201,26/08/2021
Tenkasi,27028,26464,80,484,26/08/2021
Thanjavur,70473,68533,1056,884,26/08/2021
Theni,43177,42560,102,515,26/08/2021
Thirupathur,28546,27821,112,613,26/08/2021
Thiruvallur,115476,112991,703,1782,26/08/2021
Thiruvannamalai,53191,52149,392,650,26/08/2021
Thiruvarur,38863,38097,374,392,26/08/2021
Thoothukudi,55439,54917,123,399,26/08/2021
Tirunelveli,48382,47788,164,430,26/08/2021
Tiruppur,89957,88191,842,924,26/08/2021
Trichy,74063,72473,587,1003,26/08/2021
Vellore,48775,47326,343,1106,26/08/2021
Villupuram,44678,43988,343,347,26/08/2021
Virudhunagar,45727,45111,73,543,26/08/2021
AirportSurveillance(International),1020,1016,3,1,26/08/2021
AirportSurveillance(Domestic),1082,1079,2,1,26/08/2021
RailwaySurveillance,428,428,0,0,26/08/2021
Ariyalur,16288,15874,167,247,27/08/2021
Chengalpattu,164976,161406,1141,2429,27/08/2021
Chennai,543408,533095,1922,8391,27/08/2021
Coimbatore,235273,230909,2107,2257,27/08/2021
Cuddalore,62142,60759,551,832,27/08/2021
Dharmapuri,26755,26298,215,242,27/08/2021
Dindigul,32463,31730,102,631,27/08/2021
Erode,97915,95746,1521,648,27/08/2021
Kallakurichi,30010,29493,318,199,27/08/2021
Kancheepuram,72692,71126,337,1229,27/08/2021
Kanyakumari,60886,59565,290,1031,27/08/2021
Karur,23063,22555,156,352,27/08/2021
Krishnagiri,42017,41438,250,329,27/08/2021
Madurai,73946,72647,146,1153,27/08/2021
Mayiladuthurai,21773,21239,257,277,27/08/2021
Nagapattinam,19566,18887,375,304,27/08/2021
Namakkal,48626,47601,558,467,27/08/2021
Nilgiris,31650,31090,366,194,27/08/2021
Perambalur,11677,11378,69,230,27/08/2021
Pudukottai,29006,28313,309,384,27/08/2021
Ramanathapuram,20175,19776,47,352,27/08/2021
Ranipet,42498,41532,214,752,27/08/2021
Salem,95905,93285,994,1626,27/08/2021
Sivagangai,19325,18912,212,201,27/08/2021
Tenkasi,27039,26474,81,484,27/08/2021
Thanjavur,70532,68631,1017,884,27/08/2021
Theni,43184,42573,96,515,27/08/2021
Thirupathur,28559,27832,114,613,27/08/2021
Thiruvallur,115548,113070,696,1782,27/08/2021
Thiruvannamalai,53218,52187,381,650,27/08/2021
Thiruvarur,38891,38131,368,392,27/08/2021
Thoothukudi,55452,54930,123,399,27/08/2021
Tirunelveli,48397,47806,161,430,27/08/2021
Tiruppur,90021,88265,829,927,27/08/2021
Trichy,74108,72533,572,1003,27/08/2021
Vellore,48789,47367,315,1107,27/08/2021
Villupuram,44710,44023,340,347,27/08/2021
Virudhunagar,45734,45117,74,543,27/08/2021
AirportSurveillance(International),1021,1016,4,1,27/08/2021
AirportSurveillance(Domestic),1082,1079,2,1,27/08/2021
RailwaySurveillance,428,428,0,0,27/08/2021
Ariyalur,16304,15886,171,247,28/08/2021
Chengalpattu,165095,161515,1151,2429,28/08/2021
Chennai,543599,533298,1906,8395,28/08/2021
Coimbatore,235504,231156,2091,2257,28/08/2021
Cuddalore,62179,60811,536,832,28/08/2021
Dharmapuri,26779,26315,222,242,28/08/2021
Dindigul,32466,31737,98,631,28/08/2021
Erode,98024,95899,1474,651,28/08/2021
Kallakurichi,30029,29526,303,200,28/08/2021
Kancheepuram,72724,71147,347,1230,28/08/2021
Kanyakumari,60911,59590,290,1031,28/08/2021
Karur,23078,22566,160,352,28/08/2021
Krishnagiri,42038,41461,247,330,28/08/2021
Madurai,73957,72661,142,1154,28/08/2021
Mayiladuthurai,21806,21271,258,277,28/08/2021
Nagapattinam,19588,18911,373,304,28/08/2021
Namakkal,48677,47654,554,469,28/08/2021
Nilgiris,31676,31126,356,194,28/08/2021
Perambalur,11683,11385,68,230,28/08/2021
Pudukottai,29034,28344,304,386,28/08/2021
Ramanathapuram,20179,19782,45,352,28/08/2021
Ranipet,42516,41554,209,753,28/08/2021
Salem,95967,93390,948,1629,28/08/2021
Sivagangai,19341,18925,215,201,28/08/2021
Tenkasi,27049,26483,82,484,28/08/2021
Thanjavur,70607,68718,1005,884,28/08/2021
Theni,43192,42583,94,515,28/08/2021
Thirupathur,28563,27840,110,613,28/08/2021
Thiruvallur,115621,113153,686,1782,28/08/2021
Thiruvannamalai,53253,52228,374,651,28/08/2021
Thiruvarur,38928,38168,368,392,28/08/2021
Thoothukudi,55460,54943,118,399,28/08/2021
Tirunelveli,48411,47821,160,430,28/08/2021
Tiruppur,90085,88344,814,927,28/08/2021
Trichy,74165,72596,566,1003,28/08/2021
Vellore,48804,47395,301,1108,28/08/2021
Villupuram,44738,44053,338,347,28/08/2021
Virudhunagar,45738,45125,70,543,28/08/2021
AirportSurveillance(International),1021,1017,3,1,28/08/2021
AirportSurveillance(Domestic),1082,1079,2,1,28/08/2021
RailwaySurveillance,428,428,0,0,28/08/2021
Ariyalur,16321,15900,174,247,29/08/2021
Chengalpattu,165203,161631,1143,2429,29/08/2021
Chennai,543786,533516,1873,8397,29/08/2021
Coimbatore,235713,231395,2058,2260,29/08/2021
Cuddalore,62217,60854,529,834,29/08/2021
Dharmapuri,26803,26330,230,243,29/08/2021
Dindigul,32470,31742,97,631,29/08/2021
Erode,98153,96047,1453,653,29/08/2021
Kallakurichi,30049,29556,293,200,29/08/2021
Kancheepuram,72758,71166,362,1230,29/08/2021
Kanyakumari,60934,59612,289,1033,29/08/2021
Karur,23089,22579,158,352,29/08/2021
Krishnagiri,42055,41489,235,331,29/08/2021
Madurai,73969,72672,143,1154,29/08/2021
Mayiladuthurai,21835,21308,250,277,29/08/2021
Nagapattinam,19609,18932,373,304,29/08/2021
Namakkal,48730,47713,548,469,29/08/2021
Nilgiris,31705,31160,351,194,29/08/2021
Perambalur,11693,11393,70,230,29/08/2021
Pudukottai,29060,28380,294,386,29/08/2021
Ramanathapuram,20184,19786,46,352,29/08/2021
Ranipet,42531,41572,205,754,29/08/2021
Salem,96024,93503,891,1630,29/08/2021
Sivagangai,19356,18935,220,201,29/08/2021
Tenkasi,27068,26489,95,484,29/08/2021
Thanjavur,70686,68812,989,885,29/08/2021
Theni,43198,42590,93,515,29/08/2021
Thirupathur,28581,27845,123,613,29/08/2021
Thiruvallur,115687,113226,679,1782,29/08/2021
Thiruvannamalai,53278,52272,355,651,29/08/2021
Thiruvarur,38960,38207,361,392,29/08/2021
Thoothukudi,55470,54952,119,399,29/08/2021
Tirunelveli,48424,47835,159,430,29/08/2021
Tiruppur,90164,88426,810,928,29/08/2021
Trichy,74222,72663,554,1005,29/08/2021
Vellore,48813,47412,293,1108,29/08/2021
Villupuram,44765,44082,334,349,29/08/2021
Virudhunagar,45743,45131,68,544,29/08/2021
AirportSurveillance(International),1021,1017,3,1,29/08/2021
AirportSurveillance(Domestic),1082,1079,2,1,29/08/2021
RailwaySurveillance,428,428,0,0,29/08/2021
Ariyalur,16333,15916,170,247,30/08/2021
Chengalpattu,165295,161750,1114,2431,30/08/2021
Chennai,543968,533743,1827,8398,30/08/2021
Coimbatore,235903,231598,2042,2263,30/08/2021
Cuddalore,62251,60901,515,835,30/08/2021
Dharmapuri,26828,26348,237,243,30/08/2021
Dindigul,32476,31748,97,631,30/08/2021
Erode,98280,96206,1418,656,30/08/2021
Kallakurichi,30073,29588,285,200,30/08/2021
Kancheepuram,72790,71188,372,1230,30/08/2021
Kanyakumari,60964,59638,293,1033,30/08/2021
Karur,23101,22596,153,352,30/08/2021
Krishnagiri,42069,41514,224,331,30/08/2021
Madurai,73986,72685,147,1154,30/08/2021
Mayiladuthurai,21860,21341,241,278,30/08/2021
Nagapattinam,19649,18960,385,304,30/08/2021
Namakkal,48780,47777,533,470,30/08/2021
Nilgiris,31733,31196,343,194,30/08/2021
Perambalur,11698,11400,68,230,30/08/2021
Pudukottai,29086,28410,288,388,30/08/2021
Ramanathapuram,20186,19791,43,352,30/08/2021
Ranipet,42546,41593,198,755,30/08/2021
Salem,96078,93595,853,1630,30/08/2021
Sivagangai,19367,18947,219,201,30/08/2021
Tenkasi,27081,26497,100,484,30/08/2021
Thanjavur,70767,68919,962,886,30/08/2021
Theni,43200,42599,86,515,30/08/2021
Thirupathur,28593,27852,127,614,30/08/2021
Thiruvallur,115751,113295,674,1782,30/08/2021
Thiruvannamalai,53325,52303,371,651,30/08/2021
Thiruvarur,38994,38241,361,392,30/08/2021
Thoothukudi,55485,54958,128,399,30/08/2021
Tirunelveli,48438,47850,158,430,30/08/2021
Tiruppur,90236,88520,787,929,30/08/2021
Trichy,74288,72728,554,1006,30/08/2021
Vellore,48828,47422,297,1109,30/08/2021
Villupuram,44796,44105,341,350,30/08/2021
Virudhunagar,45747,45134,69,544,30/08/2021
AirportSurveillance(International),1021,1017,3,1,30/08/2021
AirportSurveillance(Domestic),1082,1079,2,1,30/08/2021
RailwaySurveillance,428,428,0,0,30/08/2021
Ariyalur,16346,15936,163,247,31/08/2021
Chengalpattu,165387,161860,1096,2431,31/08/2021
Chennai,544153,533961,1792,8400,31/08/2021
Coimbatore,236077,231783,2028,2266,31/08/2021
Cuddalore,62290,60941,514,835,31/08/2021
Dharmapuri,26848,26370,234,244,31/08/2021
Dindigul,32479,31759,89,631,31/08/2021
Erode,98416,96354,1405,657,31/08/2021
Kallakurichi,30101,29618,283,200,31/08/2021
Kancheepuram,72830,71227,372,1231,31/08/2021
Kanyakumari,60992,59666,293,1033,31/08/2021
Karur,23112,22608,152,352,31/08/2021
Krishnagiri,42085,41540,214,331,31/08/2021
Madurai,74003,72697,152,1154,31/08/2021
Mayiladuthurai,21895,21373,243,279,31/08/2021
Nagapattinam,19668,18995,369,304,31/08/2021
Namakkal,48840,47832,538,470,31/08/2021
Nilgiris,31758,31230,333,195,31/08/2021
Perambalur,11707,11405,72,230,31/08/2021
Pudukottai,29108,28438,282,388,31/08/2021
Ramanathapuram,20188,19795,41,352,31/08/2021
Ranipet,42560,41611,194,755,31/08/2021
Salem,96129,93680,818,1631,31/08/2021
Sivagangai,19379,18962,216,201,31/08/2021
Tenkasi,27094,26506,104,484,31/08/2021
Thanjavur,70864,69031,944,889,31/08/2021
Theni,43205,42607,83,515,31/08/2021
Thirupathur,28599,27862,123,614,31/08/2021
Thiruvallur,115814,113362,667,1785,31/08/2021
Thiruvannamalai,53356,52339,366,651,31/08/2021
Thiruvarur,39028,38276,359,393,31/08/2021
Thoothukudi,55492,54971,122,399,31/08/2021
Tirunelveli,48449,47864,155,430,31/08/2021
Tiruppur,90305,88607,767,931,31/08/2021
Trichy,74354,72797,550,1007,31/08/2021
Vellore,48855,47439,307,1109,31/08/2021
Villupuram,44823,44134,338,351,31/08/2021
Virudhunagar,45752,45141,67,544,31/08/2021
AirportSurveillance(International),1021,1017,3,1,31/08/2021
AirportSurveillance(Domestic),1082,1079,2,1,31/08/2021
RailwaySurveillance,428,428,0,0,31/08/2021
