Ariyalur,16926,16643,19,264,01/12/2021
Chengalpattu,173841,170673,634,2534,01/12/2021
Chennai,558148,548357,1180,8611,01/12/2021
Coimbatore,250297,246594,1237,2466,01/12/2021
Cuddalore,64406,63457,77,872,01/12/2021
Dharmapuri,28820,28423,119,278,01/12/2021
Dindigul,33239,32539,49,651,01/12/2021
Erode,106376,104883,797,696,01/12/2021
Kallakurichi,31561,31315,36,210,01/12/2021
Kancheepuram,75618,74154,200,1264,01/12/2021
Kanyakumari,62789,61622,110,1057,01/12/2021
Karur,24635,24086,187,362,01/12/2021
Krishnagiri,43848,43408,87,353,01/12/2021
Madurai,75524,74244,97,1183,01/12/2021
Mayiladuthurai,23375,23027,30,318,01/12/2021
Nagapattinam,21340,20892,91,357,01/12/2021
Namakkal,53534,52544,484,506,01/12/2021
Nilgiris,34108,33708,186,214,01/12/2021
Perambalur,12105,11848,12,245,01/12/2021
Pudukottai,30330,29884,28,418,01/12/2021
Ramanathapuram,20633,20247,27,359,01/12/2021
Ranipet,43561,42751,35,775,01/12/2021
Salem,101392,99187,499,1706,01/12/2021
Sivagangai,20397,20135,52,210,01/12/2021
Tenkasi,27394,26898,10,486,01/12/2021
Thanjavur,76115,74900,219,996,01/12/2021
Theni,43606,43073,12,521,01/12/2021
Thirupathur,29394,28742,25,627,01/12/2021
Thiruvallur,120231,118095,286,1850,01/12/2021
Thiruvannamalai,55192,54469,53,670,01/12/2021
Thiruvarur,41873,41321,94,458,01/12/2021
Thoothukudi,56496,56051,35,410,01/12/2021
Tirunelveli,49661,49131,97,433,01/12/2021
Tiruppur,97230,95621,609,1000,01/12/2021
Trichy,78466,77128,254,1084,01/12/2021
Vellore,50210,48911,158,1141,01/12/2021
Villupuram,46023,45617,49,357,01/12/2021
Virudhunagar,46397,45825,24,548,01/12/2021
AirportSurveillance(International),1031,1028,2,1,01/12/2021
AirportSurveillance(Domestic),1085,1084,0,1,01/12/2021
RailwaySurveillance,428,428,0,0,01/12/2021
Ariyalur,16927,16644,19,264,02/12/2021
Chengalpattu,173901,170738,629,2534,02/12/2021
Chennai,558260,548476,1171,8613,02/12/2021
Coimbatore,250420,246702,1249,2469,02/12/2021
Cuddalore,64410,63464,74,872,02/12/2021
Dharmapuri,28828,28439,110,279,02/12/2021
Dindigul,33244,32544,49,651,02/12/2021
Erode,106440,104954,788,698,02/12/2021
Kallakurichi,31564,31319,35,210,02/12/2021
Kancheepuram,75638,74169,205,1264,02/12/2021
Kanyakumari,62798,61634,107,1057,02/12/2021
Karur,24645,24103,180,362,02/12/2021
Krishnagiri,43860,43417,90,353,02/12/2021
Madurai,75529,74252,94,1183,02/12/2021
Mayiladuthurai,23378,23028,32,318,02/12/2021
Nagapattinam,21345,20903,85,357,02/12/2021
Namakkal,53582,52580,494,508,02/12/2021
Nilgiris,34121,33722,185,214,02/12/2021
Perambalur,12106,11848,13,245,02/12/2021
Pudukottai,30334,29886,30,418,02/12/2021
Ramanathapuram,20634,20250,25,359,02/12/2021
Ranipet,43567,42752,40,775,02/12/2021
Salem,101437,99228,503,1706,02/12/2021
Sivagangai,20403,20139,54,210,02/12/2021
Tenkasi,27394,26898,10,486,02/12/2021
Thanjavur,76128,74922,209,997,02/12/2021
Theni,43607,43073,13,521,02/12/2021
Thirupathur,29396,28743,26,627,02/12/2021
Thiruvallur,120258,118118,290,1850,02/12/2021
Thiruvannamalai,55197,54475,52,670,02/12/2021
Thiruvarur,41878,41334,86,458,02/12/2021
Thoothukudi,56499,56054,35,410,02/12/2021
Tirunelveli,49665,49141,91,433,02/12/2021
Tiruppur,97284,95680,604,1000,02/12/2021
Trichy,78480,77153,243,1084,02/12/2021
Vellore,50223,48922,160,1141,02/12/2021
Villupuram,46025,45620,48,357,02/12/2021
Virudhunagar,46401,45827,25,549,02/12/2021
AirportSurveillance(International),1031,1028,2,1,02/12/2021
AirportSurveillance(Domestic),1085,1084,0,1,02/12/2021
RailwaySurveillance,428,428,0,0,02/12/2021
Ariyalur,16928,16647,17,264,03/12/2021
Chengalpattu,173962,170795,633,2534,03/12/2021
Chennai,558382,548598,1170,8614,03/12/2021
Coimbatore,250550,246813,1267,2470,03/12/2021
Cuddalore,64416,63469,75,872,03/12/2021
Dharmapuri,28837,28453,105,279,03/12/2021
Dindigul,33249,32550,48,651,03/12/2021
Erode,106492,105018,776,698,03/12/2021
Kallakurichi,31564,31326,28,210,03/12/2021
Kancheepuram,75655,74185,205,1265,03/12/2021
Kanyakumari,62808,61647,104,1057,03/12/2021
Karur,24657,24118,177,362,03/12/2021
Krishnagiri,43871,43427,91,353,03/12/2021
Madurai,75538,74264,91,1183,03/12/2021
Mayiladuthurai,23379,23030,31,318,03/12/2021
Nagapattinam,21351,20911,83,357,03/12/2021
Namakkal,53629,52622,499,508,03/12/2021
Nilgiris,34131,33739,177,215,03/12/2021
Perambalur,12107,11850,12,245,03/12/2021
Pudukottai,30337,29890,29,418,03/12/2021
Ramanathapuram,20637,20256,22,359,03/12/2021
Ranipet,43575,42753,47,775,03/12/2021
Salem,101479,99263,507,1709,03/12/2021
Sivagangai,20408,20144,54,210,03/12/2021
Tenkasi,27394,26899,9,486,03/12/2021
Thanjavur,76141,74945,199,997,03/12/2021
Theni,43608,43075,12,521,03/12/2021
Thirupathur,29395,28744,24,627,03/12/2021
Thiruvallur,120286,118143,293,1850,03/12/2021
Thiruvannamalai,55206,54484,52,670,03/12/2021
Thiruvarur,41883,41341,83,459,03/12/2021
Thoothukudi,56500,56059,30,411,03/12/2021
Tirunelveli,49668,49152,83,433,03/12/2021
Tiruppur,97338,95734,604,1000,03/12/2021
Trichy,78495,77180,231,1084,03/12/2021
Vellore,50230,48932,157,1141,03/12/2021
Villupuram,46029,45624,48,357,03/12/2021
Virudhunagar,46401,45830,22,549,03/12/2021
AirportSurveillance(International),1032,1028,3,1,03/12/2021
AirportSurveillance(Domestic),1085,1084,0,1,03/12/2021
RailwaySurveillance,428,428,0,0,03/12/2021
Ariyalur,16929,16649,16,264,04/12/2021
Chengalpattu,174022,170856,632,2534,04/12/2021
Chennai,558511,548722,1175,8614,04/12/2021
Coimbatore,250681,246926,1284,2471,04/12/2021
Cuddalore,64421,63475,74,872,04/12/2021
Dharmapuri,28845,28463,103,279,04/12/2021
Dindigul,33253,32553,49,651,04/12/2021
Erode,106549,105080,770,699,04/12/2021
Kallakurichi,31566,31330,26,210,04/12/2021
Kancheepuram,75674,74196,213,1265,04/12/2021
Kanyakumari,62820,61661,102,1057,04/12/2021
Karur,24672,24134,176,362,04/12/2021
Krishnagiri,43879,43434,92,353,04/12/2021
Madurai,75546,74273,90,1183,04/12/2021
Mayiladuthurai,23379,23032,29,318,04/12/2021
Nagapattinam,21356,20924,75,357,04/12/2021
Namakkal,53674,52670,495,509,04/12/2021
Nilgiris,34142,33758,168,216,04/12/2021
Perambalur,12109,11851,13,245,04/12/2021
Pudukottai,30339,29893,28,418,04/12/2021
Ramanathapuram,20637,20258,20,359,04/12/2021
Ranipet,43579,42758,46,775,04/12/2021
Salem,101520,99300,510,1710,04/12/2021
Sivagangai,20415,20148,57,210,04/12/2021
Tenkasi,27394,26901,7,486,04/12/2021
Thanjavur,76154,74970,186,998,04/12/2021
Theni,43609,43076,12,521,04/12/2021
Thirupathur,29396,28746,23,627,04/12/2021
Thiruvallur,120312,118164,298,1850,04/12/2021
Thiruvannamalai,55209,54492,47,670,04/12/2021
Thiruvarur,41893,41351,83,459,04/12/2021
Thoothukudi,56504,56062,31,411,04/12/2021
Tirunelveli,49670,49164,73,433,04/12/2021
Tiruppur,97388,95783,605,1000,04/12/2021
Trichy,78520,77204,232,1084,04/12/2021
Vellore,50244,48947,156,1141,04/12/2021
Villupuram,46032,45627,48,357,04/12/2021
Virudhunagar,46403,45831,23,549,04/12/2021
AirportSurveillance(International),1033,1029,3,1,04/12/2021
AirportSurveillance(Domestic),1085,1084,0,1,04/12/2021
RailwaySurveillance,428,428,0,0,04/12/2021
Ariyalur,16929,16649,16,264,05/12/2021
Chengalpattu,174084,170915,635,2534,05/12/2021
Chennai,558637,548838,1183,8616,05/12/2021
Coimbatore,250805,247055,1279,2471,05/12/2021
Cuddalore,64431,63480,79,872,05/12/2021
Dharmapuri,28851,28471,101,279,05/12/2021
Dindigul,33258,32555,52,651,05/12/2021
Erode,106600,105147,754,699,05/12/2021
Kallakurichi,31570,31331,29,210,05/12/2021
Kancheepuram,75695,74210,220,1265,05/12/2021
Kanyakumari,62831,61671,103,1057,05/12/2021
Karur,24685,24151,172,362,05/12/2021
Krishnagiri,43887,43438,95,354,05/12/2021
Madurai,75552,74281,88,1183,05/12/2021
Mayiladuthurai,23381,23035,28,318,05/12/2021
Nagapattinam,21361,20933,71,357,05/12/2021
Namakkal,53719,52721,488,510,05/12/2021
Nilgiris,34152,33774,162,216,05/12/2021
Perambalur,12109,11851,13,245,05/12/2021
Pudukottai,30340,29895,26,419,05/12/2021
Ramanathapuram,20637,20259,19,359,05/12/2021
Ranipet,43585,42764,46,775,05/12/2021
Salem,101560,99342,506,1712,05/12/2021
Sivagangai,20420,20151,59,210,05/12/2021
Tenkasi,27395,26903,6,486,05/12/2021
Thanjavur,76166,74997,171,998,05/12/2021
Theni,43609,43076,12,521,05/12/2021
Thirupathur,29399,28747,25,627,05/12/2021
Thiruvallur,120339,118190,299,1850,05/12/2021
Thiruvannamalai,55215,54497,48,670,05/12/2021
Thiruvarur,41898,41360,78,460,05/12/2021
Thoothukudi,56510,56064,35,411,05/12/2021
Tirunelveli,49673,49171,69,433,05/12/2021
Tiruppur,97456,95829,626,1001,05/12/2021
Trichy,78541,77232,225,1084,05/12/2021
Vellore,50252,48958,152,1142,05/12/2021
Villupuram,46034,45629,48,357,05/12/2021
Virudhunagar,46404,45835,20,549,05/12/2021
AirportSurveillance(International),1033,1029,3,1,05/12/2021
AirportSurveillance(Domestic),1085,1084,0,1,05/12/2021
RailwaySurveillance,428,428,0,0,05/12/2021
Ariyalur,16931,16650,17,264,06/12/2021
Chengalpattu,174143,170977,630,2536,06/12/2021
Chennai,558757,548951,1189,8617,06/12/2021
Coimbatore,250927,247182,1272,2473,06/12/2021
Cuddalore,64436,63486,78,872,06/12/2021
Dharmapuri,28858,28480,99,279,06/12/2021
Dindigul,33262,32559,52,651,06/12/2021
Erode,106650,105212,739,699,06/12/2021
Kallakurichi,31572,31333,29,210,06/12/2021
Kancheepuram,75715,74225,225,1265,06/12/2021
Kanyakumari,62841,61682,101,1058,06/12/2021
Karur,24701,24167,172,362,06/12/2021
Krishnagiri,43897,43443,100,354,06/12/2021
Madurai,75558,74288,86,1184,06/12/2021
Mayiladuthurai,23388,23037,33,318,06/12/2021
Nagapattinam,21365,20941,67,357,06/12/2021
Namakkal,53757,52770,476,511,06/12/2021
Nilgiris,34165,33787,162,216,06/12/2021
Perambalur,12109,11851,13,245,06/12/2021
Pudukottai,30341,29896,26,419,06/12/2021
Ramanathapuram,20638,20259,20,359,06/12/2021
Ranipet,43593,42768,48,777,06/12/2021
Salem,101602,99381,509,1712,06/12/2021
Sivagangai,20424,20154,60,210,06/12/2021
Tenkasi,27396,26904,6,486,06/12/2021
Thanjavur,76177,75020,159,998,06/12/2021
Theni,43610,43076,13,521,06/12/2021
Thirupathur,29403,28748,28,627,06/12/2021
Thiruvallur,120367,118219,298,1850,06/12/2021
Thiruvannamalai,55221,54503,48,670,06/12/2021
Thiruvarur,41907,41370,77,460,06/12/2021
Thoothukudi,56516,56067,38,411,06/12/2021
Tirunelveli,49678,49179,66,433,06/12/2021
Tiruppur,97521,95877,643,1001,06/12/2021
Trichy,78561,77259,218,1084,06/12/2021
Vellore,50263,48970,152,1141,06/12/2021
Villupuram,46035,45632,45,358,06/12/2021
Virudhunagar,46404,45839,16,549,06/12/2021
AirportSurveillance(International),1033,1029,3,1,06/12/2021
AirportSurveillance(Domestic),1085,1084,0,1,06/12/2021
RailwaySurveillance,428,428,0,0,06/12/2021
Ariyalur,16931,16652,15,264,07/12/2021
Chengalpattu,174200,171041,622,2537,07/12/2021
Chennai,558879,549048,1212,8619,07/12/2021
Coimbatore,251050,247311,1265,2474,07/12/2021
Cuddalore,64442,63493,76,873,07/12/2021
Dharmapuri,28862,28488,95,279,07/12/2021
Dindigul,33266,32565,50,651,07/12/2021
Erode,106700,105279,722,699,07/12/2021
Kallakurichi,31573,31336,27,210,07/12/2021
Kancheepuram,75739,74242,232,1265,07/12/2021
Kanyakumari,62850,61688,103,1059,07/12/2021
Karur,24715,24185,168,362,07/12/2021
Krishnagiri,43909,43446,109,354,07/12/2021
Madurai,75566,74297,84,1185,07/12/2021
Mayiladuthurai,23392,23044,30,318,07/12/2021
Nagapattinam,21369,20946,66,357,07/12/2021
Namakkal,53800,52823,466,511,07/12/2021
Nilgiris,34176,33802,158,216,07/12/2021
Perambalur,12110,11852,13,245,07/12/2021
Pudukottai,30341,29897,25,419,07/12/2021
Ramanathapuram,20639,20262,18,359,07/12/2021
Ranipet,43600,42772,50,778,07/12/2021
Salem,101645,99424,508,1713,07/12/2021
Sivagangai,20428,20156,62,210,07/12/2021
Tenkasi,27397,26905,6,486,07/12/2021
Thanjavur,76189,75041,150,998,07/12/2021
Theni,43612,43078,13,521,07/12/2021
Thirupathur,29408,28751,30,627,07/12/2021
Thiruvallur,120393,118243,300,1850,07/12/2021
Thiruvannamalai,55229,54507,51,671,07/12/2021
Thiruvarur,41915,41376,79,460,07/12/2021
Thoothukudi,56520,56072,37,411,07/12/2021
Tirunelveli,49681,49186,62,433,07/12/2021
Tiruppur,97576,95929,646,1001,07/12/2021
Trichy,78578,77282,212,1084,07/12/2021
Vellore,50275,48977,157,1141,07/12/2021
Villupuram,46040,45636,46,358,07/12/2021
Virudhunagar,46404,45841,14,549,07/12/2021
AirportSurveillance(International),1033,1029,3,1,07/12/2021
AirportSurveillance(Domestic),1085,1084,0,1,07/12/2021
RailwaySurveillance,428,428,0,0,07/12/2021
Ariyalur,16932,16653,15,264,08/12/2021
Chengalpattu,174257,171099,621,2537,08/12/2021
Chennai,558997,549140,1235,8622,08/12/2021
Coimbatore,251167,247442,1247,2478,08/12/2021
Cuddalore,64447,63502,72,873,08/12/2021
Dharmapuri,28869,28494,96,279,08/12/2021
Dindigul,33269,32568,50,651,08/12/2021
Erode,106758,105348,711,699,08/12/2021
Kallakurichi,31578,31337,31,210,08/12/2021
Kancheepuram,75761,74264,232,1265,08/12/2021
Kanyakumari,62861,61693,109,1059,08/12/2021
Karur,24730,24204,163,363,08/12/2021
Krishnagiri,43920,43456,110,354,08/12/2021
Madurai,75572,74304,83,1185,08/12/2021
Mayiladuthurai,23395,23049,28,318,08/12/2021
Nagapattinam,21372,20949,66,357,08/12/2021
Namakkal,53839,52864,464,511,08/12/2021
Nilgiris,34186,33820,150,216,08/12/2021
Perambalur,12110,11855,10,245,08/12/2021
Pudukottai,30344,29901,24,419,08/12/2021
Ramanathapuram,20641,20264,18,359,08/12/2021
Ranipet,43606,42775,53,778,08/12/2021
Salem,101689,99470,505,1714,08/12/2021
Sivagangai,20432,20160,62,210,08/12/2021
Tenkasi,27397,26905,6,486,08/12/2021
Thanjavur,76201,75057,146,998,08/12/2021
Theni,43612,43082,9,521,08/12/2021
Thirupathur,29413,28756,30,627,08/12/2021
Thiruvallur,120417,118264,303,1850,08/12/2021
Thiruvannamalai,55235,54510,54,671,08/12/2021
Thiruvarur,41925,41383,82,460,08/12/2021
Thoothukudi,56524,56074,39,411,08/12/2021
Tirunelveli,49686,49192,60,434,08/12/2021
Tiruppur,97626,95985,640,1001,08/12/2021
Trichy,78599,77302,212,1085,08/12/2021
Vellore,50286,48994,151,1141,08/12/2021
Villupuram,46043,45644,41,358,08/12/2021
Virudhunagar,46406,45842,15,549,08/12/2021
AirportSurveillance(International),1033,1029,3,1,08/12/2021
AirportSurveillance(Domestic),1085,1084,0,1,08/12/2021
RailwaySurveillance,428,428,0,0,08/12/2021
Ariyalur,16931,16655,12,264,09/12/2021
Chengalpattu,174310,171162,610,2538,09/12/2021
Chennai,559119,549231,1265,8623,09/12/2021
Coimbatore,251280,247565,1235,2480,09/12/2021
Cuddalore,64453,63509,71,873,09/12/2021
Dharmapuri,28874,28505,90,279,09/12/2021
Dindigul,33272,32570,51,651,09/12/2021
Erode,106819,105414,705,700,09/12/2021
Kallakurichi,31581,31339,32,210,09/12/2021
Kancheepuram,75782,74289,228,1265,09/12/2021
Kanyakumari,62877,61699,119,1059,09/12/2021
Karur,24745,24222,159,364,09/12/2021
Krishnagiri,43930,43464,111,355,09/12/2021
Madurai,75577,74313,79,1185,09/12/2021
Mayiladuthurai,23397,23055,24,318,09/12/2021
Nagapattinam,21377,20959,61,357,09/12/2021
Namakkal,53877,52907,457,513,09/12/2021
Nilgiris,34201,33836,148,217,09/12/2021
Perambalur,12111,11857,9,245,09/12/2021
Pudukottai,30346,29904,23,419,09/12/2021
Ramanathapuram,20644,20265,20,359,09/12/2021
Ranipet,43611,42781,52,778,09/12/2021
Salem,101731,99518,499,1714,09/12/2021
Sivagangai,20437,20167,60,210,09/12/2021
Tenkasi,27397,26906,5,486,09/12/2021
Thanjavur,76216,75074,144,998,09/12/2021
Theni,43614,43084,9,521,09/12/2021
Thirupathur,29417,28762,28,627,09/12/2021
Thiruvallur,120442,118288,303,1851,09/12/2021
Thiruvannamalai,55243,54514,57,672,09/12/2021
Thiruvarur,41933,41388,85,460,09/12/2021
Thoothukudi,56528,56078,38,412,09/12/2021
Tirunelveli,49689,49200,56,433,09/12/2021
Tiruppur,97673,96040,630,1003,09/12/2021
Trichy,78620,77325,209,1086,09/12/2021
Vellore,50294,49008,145,1141,09/12/2021
Villupuram,46045,45651,36,358,09/12/2021
Virudhunagar,46407,45843,15,549,09/12/2021
AirportSurveillance(International),1033,1029,3,1,09/12/2021
AirportSurveillance(Domestic),1085,1084,0,1,09/12/2021
RailwaySurveillance,428,428,0,0,09/12/2021
Ariyalur,16931,16656,11,264,10/12/2021
Chengalpattu,174362,171218,606,2538,10/12/2021
Chennai,559243,549323,1295,8625,10/12/2021
Coimbatore,251391,247692,1216,2483,10/12/2021
Cuddalore,64460,63517,70,873,10/12/2021
Dharmapuri,28879,28517,83,279,10/12/2021
Dindigul,33276,32575,50,651,10/12/2021
Erode,106869,105482,687,700,10/12/2021
Kallakurichi,31583,31343,30,210,10/12/2021
Kancheepuram,75802,74313,224,1265,10/12/2021
Kanyakumari,62891,61710,122,1059,10/12/2021
Karur,24760,24235,161,364,10/12/2021
Krishnagiri,43944,43474,115,355,10/12/2021
Madurai,75581,74319,77,1185,10/12/2021
Mayiladuthurai,23399,23057,24,318,10/12/2021
Nagapattinam,21384,20966,61,357,10/12/2021
Namakkal,53920,52952,454,514,10/12/2021
Nilgiris,34215,33855,142,218,10/12/2021
Perambalur,12111,11857,9,245,10/12/2021
Pudukottai,30349,29906,24,419,10/12/2021
Ramanathapuram,20646,20266,21,359,10/12/2021
Ranipet,43616,42784,54,778,10/12/2021
Salem,101777,99564,498,1715,10/12/2021
Sivagangai,20440,20175,55,210,10/12/2021
Tenkasi,27397,26906,5,486,10/12/2021
Thanjavur,76226,75088,140,998,10/12/2021
Theni,43614,43085,8,521,10/12/2021
Thirupathur,29420,28765,28,627,10/12/2021
Thiruvallur,120465,118316,297,1852,10/12/2021
Thiruvannamalai,55251,54520,59,672,10/12/2021
Thiruvarur,41943,41397,85,461,10/12/2021
Thoothukudi,56530,56081,37,412,10/12/2021
Tirunelveli,49692,49206,53,433,10/12/2021
Tiruppur,97726,96099,624,1003,10/12/2021
Trichy,78638,77346,205,1087,10/12/2021
Vellore,50304,49020,143,1141,10/12/2021
Villupuram,46046,45656,32,358,10/12/2021
Virudhunagar,46407,45845,13,549,10/12/2021
AirportSurveillance(International),1033,1029,3,1,10/12/2021
AirportSurveillance(Domestic),1085,1084,0,1,10/12/2021
RailwaySurveillance,428,428,0,0,10/12/2021
Ariyalur,16932,16657,11,264,11/12/2021
Chengalpattu,174415,171275,602,2538,11/12/2021
Chennai,559359,549425,1307,8627,11/12/2021
Coimbatore,251500,247813,1200,2487,11/12/2021
Cuddalore,64466,63524,69,873,11/12/2021
Dharmapuri,28883,28525,79,279,11/12/2021
Dindigul,33280,32580,49,651,11/12/2021
Erode,106923,105551,670,702,11/12/2021
Kallakurichi,31583,31346,27,210,11/12/2021
Kancheepuram,75818,74333,220,1265,11/12/2021
Kanyakumari,62904,61722,123,1059,11/12/2021
Karur,24774,24250,160,364,11/12/2021
Krishnagiri,43961,43484,122,355,11/12/2021
Madurai,75587,74326,75,1186,11/12/2021
Mayiladuthurai,23402,23058,26,318,11/12/2021
Nagapattinam,21388,20972,59,357,11/12/2021
Namakkal,53969,52995,460,514,11/12/2021
Nilgiris,34234,33869,147,218,11/12/2021
Perambalur,12111,11858,8,245,11/12/2021
Pudukottai,30353,29908,25,420,11/12/2021
Ramanathapuram,20647,20268,20,359,11/12/2021
Ranipet,43620,42789,53,778,11/12/2021
Salem,101821,99618,488,1715,11/12/2021
Sivagangai,20443,20180,53,210,11/12/2021
Tenkasi,27398,26906,6,486,11/12/2021
Thanjavur,76238,75100,140,998,11/12/2021
Theni,43614,43085,8,521,11/12/2021
Thirupathur,29424,28767,30,627,11/12/2021
Thiruvallur,120484,118340,291,1853,11/12/2021
Thiruvannamalai,55259,54524,63,672,11/12/2021
Thiruvarur,41952,41403,88,461,11/12/2021
Thoothukudi,56532,56084,36,412,11/12/2021
Tirunelveli,49697,49214,49,434,11/12/2021
Tiruppur,97774,96157,614,1003,11/12/2021
Trichy,78656,77364,204,1088,11/12/2021
Vellore,50311,49031,139,1141,11/12/2021
Villupuram,46049,45658,33,358,11/12/2021
Virudhunagar,46408,45846,13,549,11/12/2021
AirportSurveillance(International),1033,1029,3,1,11/12/2021
AirportSurveillance(Domestic),1085,1084,0,1,11/12/2021
RailwaySurveillance,428,428,0,0,11/12/2021
Ariyalur,16934,16660,10,264,13/12/2021
Chengalpattu,174513,171383,591,2539,13/12/2021
Chennai,559581,549639,1311,8631,13/12/2021
Coimbatore,251704,248056,1160,2488,13/12/2021
Cuddalore,64478,63535,69,874,13/12/2021
Dharmapuri,28904,28541,84,279,13/12/2021
Dindigul,33285,32587,46,652,13/12/2021
Erode,107016,105690,621,705,13/12/2021
Kallakurichi,31586,31349,27,210,13/12/2021
Kancheepuram,75854,74374,214,1266,13/12/2021
Kanyakumari,62930,61745,126,1059,13/12/2021
Karur,24802,24277,161,364,13/12/2021
Krishnagiri,43987,43503,129,355,13/12/2021
Madurai,75600,74341,73,1186,13/12/2021
Mayiladuthurai,23405,23060,27,318,13/12/2021
Nagapattinam,21396,20981,58,357,13/12/2021
Namakkal,54064,53082,466,516,13/12/2021
Nilgiris,34274,33903,153,218,13/12/2021
Perambalur,12114,11858,11,245,13/12/2021
Pudukottai,30362,29915,26,421,13/12/2021
Ramanathapuram,20647,20270,18,359,13/12/2021
Ranipet,43635,42798,59,778,13/12/2021
Salem,101912,99717,478,1717,13/12/2021
Sivagangai,20451,20187,54,210,13/12/2021
Tenkasi,27400,26906,8,486,13/12/2021
Thanjavur,76268,75129,139,1000,13/12/2021
Theni,43615,43085,9,521,13/12/2021
Thirupathur,29432,28770,35,627,13/12/2021
Thiruvallur,120525,118389,282,1854,13/12/2021
Thiruvannamalai,55273,54531,70,672,13/12/2021
Thiruvarur,41963,41414,88,461,13/12/2021
Thoothukudi,56535,56089,34,412,13/12/2021
Tirunelveli,49706,49227,45,434,13/12/2021
Tiruppur,97869,96261,603,1005,13/12/2021
Trichy,78686,77397,198,1091,13/12/2021
Vellore,50323,49052,130,1141,13/12/2021
Villupuram,46057,45665,34,358,13/12/2021
Virudhunagar,46413,45849,15,549,13/12/2021
AirportSurveillance(International),1034,1029,4,1,13/12/2021
AirportSurveillance(Domestic),1085,1084,0,1,13/12/2021
RailwaySurveillance,428,428,0,0,13/12/2021
Ariyalur,16933,16660,9,264,14/12/2021
Chengalpattu,174560,171437,582,2541,14/12/2021
Chennai,559705,549742,1329,8634,14/12/2021
Coimbatore,251811,248173,1149,2489,14/12/2021
Cuddalore,64484,63541,69,874,14/12/2021
Dharmapuri,28912,28552,81,279,14/12/2021
Dindigul,33290,32591,47,652,14/12/2021
Erode,107065,105755,605,705,14/12/2021
Kallakurichi,31586,31350,26,210,14/12/2021
Kancheepuram,75870,74393,212,1265,14/12/2021
Kanyakumari,62941,61758,124,1059,14/12/2021
Karur,24811,24292,155,364,14/12/2021
Krishnagiri,43997,43515,127,355,14/12/2021
Madurai,75606,74350,70,1186,14/12/2021
Mayiladuthurai,23408,23061,28,319,14/12/2021
Nagapattinam,21401,20986,58,357,14/12/2021
Namakkal,54104,53126,462,516,14/12/2021
Nilgiris,34292,33920,154,218,14/12/2021
Perambalur,12115,11858,12,245,14/12/2021
Pudukottai,30365,29917,27,421,14/12/2021
Ramanathapuram,20648,20270,19,359,14/12/2021
Ranipet,43641,42805,58,778,14/12/2021
Salem,101955,99767,470,1718,14/12/2021
Sivagangai,20458,20190,58,210,14/12/2021
Tenkasi,27402,26906,10,486,14/12/2021
Thanjavur,76281,75145,135,1001,14/12/2021
Theni,43614,43085,8,521,14/12/2021
Thirupathur,29431,28771,33,627,14/12/2021
Thiruvallur,120545,118413,278,1854,14/12/2021
Thiruvannamalai,55279,54536,70,673,14/12/2021
Thiruvarur,41967,41422,84,461,14/12/2021
Thoothukudi,56536,56091,33,412,14/12/2021
Tirunelveli,49710,49230,46,434,14/12/2021
Tiruppur,97918,96310,603,1005,14/12/2021
Trichy,78700,77412,197,1091,14/12/2021
Vellore,50335,49062,132,1141,14/12/2021
Villupuram,46058,45668,32,358,14/12/2021
Virudhunagar,46414,45850,15,549,14/12/2021
AirportSurveillance(International),1034,1029,4,1,14/12/2021
AirportSurveillance(Domestic),1085,1084,0,1,14/12/2021
RailwaySurveillance,428,428,0,0,14/12/2021
Ariyalur,16936,16661,11,264,15/12/2021
Chengalpattu,174608,171489,578,2541,15/12/2021
Chennai,559832,549853,1343,8636,15/12/2021
Coimbatore,251920,248280,1148,2492,15/12/2021
Cuddalore,64489,63548,67,874,15/12/2021
Dharmapuri,28918,28565,74,279,15/12/2021
Dindigul,33290,32597,41,652,15/12/2021
Erode,107108,105813,590,705,15/12/2021
Kallakurichi,31586,31354,22,210,15/12/2021
Kancheepuram,75885,74411,209,1265,15/12/2021
Kanyakumari,62951,61768,123,1060,15/12/2021
Karur,24825,24304,157,364,15/12/2021
Krishnagiri,44005,43523,126,356,15/12/2021
Madurai,75609,74356,67,1186,15/12/2021
Mayiladuthurai,23409,23064,26,319,15/12/2021
Nagapattinam,21404,20995,51,358,15/12/2021
Namakkal,54143,53171,456,516,15/12/2021
Nilgiris,34310,33934,158,218,15/12/2021
Perambalur,12119,11861,13,245,15/12/2021
Pudukottai,30368,29919,28,421,15/12/2021
Ramanathapuram,20650,20273,18,359,15/12/2021
Ranipet,43645,42810,57,778,15/12/2021
Salem,101997,99813,466,1718,15/12/2021
Sivagangai,20460,20197,53,210,15/12/2021
Tenkasi,27405,26906,13,486,15/12/2021
Thanjavur,76293,75156,135,1002,15/12/2021
Theni,43614,43087,6,521,15/12/2021
Thirupathur,29434,28772,35,627,15/12/2021
Thiruvallur,120566,118439,273,1854,15/12/2021
Thiruvannamalai,55283,54540,70,673,15/12/2021
Thiruvarur,41972,41429,82,461,15/12/2021
Thoothukudi,56538,56093,33,412,15/12/2021
Tirunelveli,49715,49233,48,434,15/12/2021
Tiruppur,97967,96361,599,1007,15/12/2021
Trichy,78712,77424,197,1091,15/12/2021
Vellore,50347,49078,128,1141,15/12/2021
Villupuram,46061,45672,31,358,15/12/2021
Virudhunagar,46414,45852,13,549,15/12/2021
AirportSurveillance(International),1034,1030,3,1,15/12/2021
AirportSurveillance(Domestic),1085,1084,0,1,15/12/2021
RailwaySurveillance,428,428,0,0,15/12/2021
Ariyalur,16938,16662,12,264,16/12/2021
Chengalpattu,174653,171543,567,2543,16/12/2021
Chennai,559955,549974,1343,8638,16/12/2021
Coimbatore,252026,248393,1140,2493,16/12/2021
Cuddalore,64498,63554,70,874,16/12/2021
Dharmapuri,28925,28574,72,279,16/12/2021
Dindigul,33295,32602,41,652,16/12/2021
Erode,107151,105864,582,705,16/12/2021
Kallakurichi,31587,31357,20,210,16/12/2021
Kancheepuram,75902,74430,207,1265,16/12/2021
Kanyakumari,62966,61775,131,1060,16/12/2021
Karur,24837,24314,159,364,16/12/2021
Krishnagiri,44011,43527,128,356,16/12/2021
Madurai,75614,74364,64,1186,16/12/2021
Mayiladuthurai,23412,23066,27,319,16/12/2021
Nagapattinam,21408,21001,49,358,16/12/2021
Namakkal,54179,53212,451,516,16/12/2021
Nilgiris,34325,33946,161,218,16/12/2021
Perambalur,12121,11863,13,245,16/12/2021
Pudukottai,30368,29919,28,421,16/12/2021
Ramanathapuram,20653,20276,18,359,16/12/2021
Ranipet,43648,42812,58,778,16/12/2021
Salem,102036,99857,458,1721,16/12/2021
Sivagangai,20463,20203,50,210,16/12/2021
Tenkasi,27407,26906,15,486,16/12/2021
Thanjavur,76305,75164,139,1002,16/12/2021
Theni,43615,43087,7,521,16/12/2021
Thirupathur,29437,28774,36,627,16/12/2021
Thiruvallur,120582,118468,258,1856,16/12/2021
Thiruvannamalai,55289,54545,71,673,16/12/2021
Thiruvarur,41976,41437,78,461,16/12/2021
Thoothukudi,56540,56099,29,412,16/12/2021
Tirunelveli,49722,49237,51,434,16/12/2021
Tiruppur,98011,96420,583,1008,16/12/2021
Trichy,78723,77439,192,1092,16/12/2021
Vellore,50359,49095,123,1141,16/12/2021
Villupuram,46063,45675,30,358,16/12/2021
Virudhunagar,46415,45854,12,549,16/12/2021
AirportSurveillance(International),1034,1030,3,1,16/12/2021
AirportSurveillance(Domestic),1085,1084,0,1,16/12/2021
RailwaySurveillance,428,428,0,0,16/12/2021
Ariyalur,16940,16663,13,264,17/12/2021
Chengalpattu,174697,171595,558,2544,17/12/2021
Chennai,560080,550100,1342,8638,17/12/2021
Coimbatore,252129,248500,1136,2493,17/12/2021
Cuddalore,64502,63561,67,874,17/12/2021
Dharmapuri,28930,28580,71,279,17/12/2021
Dindigul,33300,32610,38,652,17/12/2021
Erode,107199,105911,582,706,17/12/2021
Kallakurichi,31591,31360,21,210,17/12/2021
Kancheepuram,75919,74452,202,1265,17/12/2021
Kanyakumari,62979,61784,134,1061,17/12/2021
Karur,24848,24326,158,364,17/12/2021
Krishnagiri,44023,43535,132,356,17/12/2021
Madurai,75620,74369,65,1186,17/12/2021
Mayiladuthurai,23416,23070,27,319,17/12/2021
Nagapattinam,21408,21004,46,358,17/12/2021
Namakkal,54212,53250,446,516,17/12/2021
Nilgiris,34338,33956,164,218,17/12/2021
Perambalur,12123,11866,12,245,17/12/2021
Pudukottai,30369,29920,28,421,17/12/2021
Ramanathapuram,20654,20278,17,359,17/12/2021
Ranipet,43651,42818,55,778,17/12/2021
Salem,102074,99898,455,1721,17/12/2021
Sivagangai,20465,20207,48,210,17/12/2021
Tenkasi,27408,26907,15,486,17/12/2021
Thanjavur,76313,75171,139,1003,17/12/2021
Theni,43616,43088,7,521,17/12/2021
Thirupathur,29442,28777,38,627,17/12/2021
Thiruvallur,120599,118494,249,1856,17/12/2021
Thiruvannamalai,55294,54549,72,673,17/12/2021
Thiruvarur,41979,41448,69,462,17/12/2021
Thoothukudi,56544,56104,28,412,17/12/2021
Tirunelveli,49726,49240,52,434,17/12/2021
Tiruppur,98056,96477,565,1014,17/12/2021
Trichy,78735,77458,185,1092,17/12/2021
Vellore,50369,49109,119,1141,17/12/2021
Villupuram,46070,45677,35,358,17/12/2021
Virudhunagar,46417,45855,13,549,17/12/2021
AirportSurveillance(International),1035,1030,4,1,17/12/2021
AirportSurveillance(Domestic),1085,1084,0,1,17/12/2021
RailwaySurveillance,428,428,0,0,17/12/2021
Ariyalur,16942,16664,14,264,18/12/2021
Chengalpattu,174743,171646,552,2545,18/12/2021
Chennai,560200,550224,1336,8640,18/12/2021
Coimbatore,252230,248604,1132,2494,18/12/2021
Cuddalore,64509,63567,68,874,18/12/2021
Dharmapuri,28933,28584,70,279,18/12/2021
Dindigul,33305,32617,36,652,18/12/2021
Erode,107240,105957,576,707,18/12/2021
Kallakurichi,31593,31362,21,210,18/12/2021
Kancheepuram,75931,74472,194,1265,18/12/2021
Kanyakumari,62990,61792,137,1061,18/12/2021
Karur,24858,24341,153,364,18/12/2021
Krishnagiri,44034,43545,133,356,18/12/2021
Madurai,75625,74374,65,1186,18/12/2021
Mayiladuthurai,23419,23073,27,319,18/12/2021
Nagapattinam,21410,21006,45,359,18/12/2021
Namakkal,54251,53287,448,516,18/12/2021
Nilgiris,34352,33967,167,218,18/12/2021
Perambalur,12125,11868,12,245,18/12/2021
Pudukottai,30370,29921,28,421,18/12/2021
Ramanathapuram,20657,20279,19,359,18/12/2021
Ranipet,43652,42823,51,778,18/12/2021
Salem,102112,99937,454,1721,18/12/2021
Sivagangai,20474,20210,54,210,18/12/2021
Tenkasi,27410,26908,16,486,18/12/2021
Thanjavur,76327,75179,146,1002,18/12/2021
Theni,43617,43088,8,521,18/12/2021
Thirupathur,29444,28781,36,627,18/12/2021
Thiruvallur,120617,118518,243,1856,18/12/2021
Thiruvannamalai,55301,54555,73,673,18/12/2021
Thiruvarur,41980,41457,61,462,18/12/2021
Thoothukudi,56547,56108,27,412,18/12/2021
Tirunelveli,49728,49245,49,434,18/12/2021
Tiruppur,98103,96535,552,1016,18/12/2021
Trichy,78750,77476,180,1094,18/12/2021
Vellore,50379,49125,113,1141,18/12/2021
Villupuram,46073,45680,35,358,18/12/2021
Virudhunagar,46417,45857,11,549,18/12/2021
AirportSurveillance(International),1035,1030,4,1,18/12/2021
AirportSurveillance(Domestic),1085,1084,0,1,18/12/2021
RailwaySurveillance,428,428,0,0,18/12/2021
Ariyalur,16945,16666,15,264,20/12/2021
Chengalpattu,174831,171759,527,2545,20/12/2021
Chennai,560459,550484,1335,8640,20/12/2021
Coimbatore,252425,248818,1110,2497,20/12/2021
Cuddalore,64517,63579,64,874,20/12/2021
Dharmapuri,28947,28597,71,279,20/12/2021
Dindigul,33314,32622,40,652,20/12/2021
Erode,107341,106056,578,707,20/12/2021
Kallakurichi,31595,31369,16,210,20/12/2021
Kancheepuram,75951,74512,174,1265,20/12/2021
Kanyakumari,63015,61808,146,1061,20/12/2021
Karur,24891,24369,158,364,20/12/2021
Krishnagiri,44052,43569,126,357,20/12/2021
Madurai,75635,74388,61,1186,20/12/2021
Mayiladuthurai,23420,23081,20,319,20/12/2021
Nagapattinam,21411,21014,37,360,20/12/2021
Namakkal,54322,53368,438,516,20/12/2021
Nilgiris,34377,33981,178,218,20/12/2021
Perambalur,12127,11868,14,245,20/12/2021
Pudukottai,30374,29925,28,421,20/12/2021
Ramanathapuram,20661,20283,19,359,20/12/2021
Ranipet,43657,42836,43,778,20/12/2021
Salem,102183,100025,435,1723,20/12/2021
Sivagangai,20480,20219,51,210,20/12/2021
Tenkasi,27411,26910,15,486,20/12/2021
Thanjavur,76353,75195,155,1003,20/12/2021
Theni,43620,43090,8,522,20/12/2021
Thirupathur,29447,28788,32,627,20/12/2021
Thiruvallur,120647,118572,219,1856,20/12/2021
Thiruvannamalai,55316,54575,68,673,20/12/2021
Thiruvarur,41984,41471,51,462,20/12/2021
Thoothukudi,56554,56115,27,412,20/12/2021
Tirunelveli,49737,49252,51,434,20/12/2021
Tiruppur,98189,96647,525,1017,20/12/2021
Trichy,78770,77510,166,1094,20/12/2021
Vellore,50391,49143,107,1141,20/12/2021
Villupuram,46082,45688,36,358,20/12/2021
Virudhunagar,46420,45857,14,549,20/12/2021
AirportSurveillance(International),1047,1032,14,1,20/12/2021
AirportSurveillance(Domestic),1085,1084,0,1,20/12/2021
RailwaySurveillance,428,428,0,0,20/12/2021
Ariyalur,16946,16666,16,264,21/12/2021
Chengalpattu,174873,171818,510,2545,21/12/2021
Chennai,560590,550618,1332,8640,21/12/2021
Coimbatore,252520,248925,1096,2499,21/12/2021
Cuddalore,64520,63585,61,874,21/12/2021
Dharmapuri,28954,28601,74,279,21/12/2021
Dindigul,33320,32624,44,652,21/12/2021
Erode,107390,106110,572,708,21/12/2021
Kallakurichi,31597,31371,16,210,21/12/2021
Kancheepuram,75965,74531,168,1266,21/12/2021
Kanyakumari,63031,61820,150,1061,21/12/2021
Karur,24904,24385,155,364,21/12/2021
Krishnagiri,44060,43580,123,357,21/12/2021
Madurai,75638,74391,61,1186,21/12/2021
Mayiladuthurai,23420,23082,19,319,21/12/2021
Nagapattinam,21411,21018,33,360,21/12/2021
Namakkal,54355,53407,432,516,21/12/2021
Nilgiris,34389,33991,180,218,21/12/2021
Perambalur,12127,11868,14,245,21/12/2021
Pudukottai,30375,29928,26,421,21/12/2021
Ramanathapuram,20662,20285,18,359,21/12/2021
Ranipet,43660,42841,41,778,21/12/2021
Salem,102217,100068,426,1723,21/12/2021
Sivagangai,20483,20223,50,210,21/12/2021
Tenkasi,27411,26910,15,486,21/12/2021
Thanjavur,76365,75208,154,1003,21/12/2021
Theni,43620,43090,8,522,21/12/2021
Thirupathur,29449,28790,32,627,21/12/2021
Thiruvallur,120663,118598,208,1857,21/12/2021
Thiruvannamalai,55321,54582,66,673,21/12/2021
Thiruvarur,41989,41480,47,462,21/12/2021
Thoothukudi,56559,56119,28,412,21/12/2021
Tirunelveli,49743,49258,51,434,21/12/2021
Tiruppur,98233,96704,512,1017,21/12/2021
Trichy,78780,77527,159,1094,21/12/2021
Vellore,50398,49148,109,1141,21/12/2021
Villupuram,46086,45690,38,358,21/12/2021
Virudhunagar,46422,45857,16,549,21/12/2021
AirportSurveillance(International),1053,1035,17,1,21/12/2021
AirportSurveillance(Domestic),1086,1084,1,1,21/12/2021
RailwaySurveillance,428,428,0,0,21/12/2021
Ariyalur,16945,16667,14,264,22/12/2021
Chengalpattu,174914,171874,495,2545,22/12/2021
Chennai,560720,550755,1325,8640,22/12/2021
Coimbatore,252615,249030,1084,2501,22/12/2021
Cuddalore,64525,63589,62,874,22/12/2021
Dharmapuri,28960,28607,74,279,22/12/2021
Dindigul,33323,32628,43,652,22/12/2021
Erode,107437,106169,559,709,22/12/2021
Kallakurichi,31600,31374,16,210,22/12/2021
Kancheepuram,75980,74552,162,1266,22/12/2021
Kanyakumari,63045,61838,146,1061,22/12/2021
Karur,24915,24402,149,364,22/12/2021
Krishnagiri,44069,43589,122,358,22/12/2021
Madurai,75642,74395,61,1186,22/12/2021
Mayiladuthurai,23421,23083,19,319,22/12/2021
Nagapattinam,21413,21021,32,360,22/12/2021
Namakkal,54384,53449,418,517,22/12/2021
Nilgiris,34397,34003,176,218,22/12/2021
Perambalur,12127,11868,14,245,22/12/2021
Pudukottai,30378,29930,27,421,22/12/2021
Ramanathapuram,20664,20286,19,359,22/12/2021
Ranipet,43660,42845,37,778,22/12/2021
Salem,102250,100109,418,1723,22/12/2021
Sivagangai,20488,20228,50,210,22/12/2021
Tenkasi,27411,26910,15,486,22/12/2021
Thanjavur,76375,75223,149,1003,22/12/2021
Theni,43620,43090,8,522,22/12/2021
Thirupathur,29451,28792,32,627,22/12/2021
Thiruvallur,120689,118621,210,1858,22/12/2021
Thiruvannamalai,55325,54586,66,673,22/12/2021
Thiruvarur,41995,41485,48,462,22/12/2021
Thoothukudi,56564,56122,30,412,22/12/2021
Tirunelveli,49748,49265,49,434,22/12/2021
Tiruppur,98282,96757,506,1019,22/12/2021
Trichy,78791,77541,156,1094,22/12/2021
Vellore,50406,49154,111,1141,22/12/2021
Villupuram,46089,45693,38,358,22/12/2021
Virudhunagar,46423,45858,16,549,22/12/2021
AirportSurveillance(International),1062,1039,22,1,22/12/2021
AirportSurveillance(Domestic),1086,1084,1,1,22/12/2021
RailwaySurveillance,428,428,0,0,22/12/2021
Ariyalur,16945,16668,13,264,23/12/2021
Chengalpattu,174969,171926,498,2545,23/12/2021
Chennai,560861,550894,1325,8642,23/12/2021
Coimbatore,252707,249132,1073,2502,23/12/2021
Cuddalore,64535,63596,65,874,23/12/2021
Dharmapuri,28967,28612,75,280,23/12/2021
Dindigul,33326,32631,43,652,23/12/2021
Erode,107480,106223,547,710,23/12/2021
Kallakurichi,31602,31374,18,210,23/12/2021
Kancheepuram,75994,74571,157,1266,23/12/2021
Kanyakumari,63057,61855,141,1061,23/12/2021
Karur,24924,24417,143,364,23/12/2021
Krishnagiri,44075,43601,116,358,23/12/2021
Madurai,75646,74401,59,1186,23/12/2021
Mayiladuthurai,23422,23086,17,319,23/12/2021
Nagapattinam,21414,21026,28,360,23/12/2021
Namakkal,54409,53483,409,517,23/12/2021
Nilgiris,34404,34017,169,218,23/12/2021
Perambalur,12127,11868,14,245,23/12/2021
Pudukottai,30378,29933,24,421,23/12/2021
Ramanathapuram,20666,20288,19,359,23/12/2021
Ranipet,43664,42848,38,778,23/12/2021
Salem,102282,100145,413,1724,23/12/2021
Sivagangai,20494,20230,54,210,23/12/2021
Tenkasi,27412,26911,15,486,23/12/2021
Thanjavur,76384,75236,145,1003,23/12/2021
Theni,43621,43091,8,522,23/12/2021
Thirupathur,29455,28796,32,627,23/12/2021
Thiruvallur,120707,118647,202,1858,23/12/2021
Thiruvannamalai,55328,54591,64,673,23/12/2021
Thiruvarur,42001,41493,46,462,23/12/2021
Thoothukudi,56571,56124,35,412,23/12/2021
Tirunelveli,49752,49269,48,435,23/12/2021
Tiruppur,98328,96812,497,1019,23/12/2021
Trichy,78800,77557,148,1095,23/12/2021
Vellore,50414,49164,109,1141,23/12/2021
Villupuram,46090,45694,38,358,23/12/2021
Virudhunagar,46425,45860,16,549,23/12/2021
AirportSurveillance(International),1074,1046,27,1,23/12/2021
AirportSurveillance(Domestic),1086,1084,1,1,23/12/2021
RailwaySurveillance,428,428,0,0,23/12/2021
Ariyalur,16945,16668,13,264,24/12/2021
Chengalpattu,175025,171980,500,2545,24/12/2021
Chennai,561002,551035,1324,8643,24/12/2021
Coimbatore,252799,249237,1058,2504,24/12/2021
Cuddalore,64547,63604,69,874,24/12/2021
Dharmapuri,28973,28619,74,280,24/12/2021
Dindigul,33328,32633,43,652,24/12/2021
Erode,107521,106275,536,710,24/12/2021
Kallakurichi,31605,31375,20,210,24/12/2021
Kancheepuram,76010,74589,155,1266,24/12/2021
Kanyakumari,63068,61869,138,1061,24/12/2021
Karur,24932,24429,139,364,24/12/2021
Krishnagiri,44080,43614,108,358,24/12/2021
Madurai,75648,74406,56,1186,24/12/2021
Mayiladuthurai,23425,23088,18,319,24/12/2021
Nagapattinam,21418,21030,28,360,24/12/2021
Namakkal,54432,53519,396,517,24/12/2021
Nilgiris,34410,34032,160,218,24/12/2021
Perambalur,12128,11868,15,245,24/12/2021
Pudukottai,30381,29935,25,421,24/12/2021
Ramanathapuram,20669,20289,21,359,24/12/2021
Ranipet,43667,42852,37,778,24/12/2021
Salem,102311,100182,405,1724,24/12/2021
Sivagangai,20498,20233,54,211,24/12/2021
Tenkasi,27414,26912,16,486,24/12/2021
Thanjavur,76397,75247,146,1004,24/12/2021
Theni,43621,43092,7,522,24/12/2021
Thirupathur,29455,28800,28,627,24/12/2021
Thiruvallur,120725,118671,196,1858,24/12/2021
Thiruvannamalai,55333,54597,63,673,24/12/2021
Thiruvarur,42004,41498,44,462,24/12/2021
Thoothukudi,56576,56127,37,412,24/12/2021
Tirunelveli,49757,49273,49,435,24/12/2021
Tiruppur,98369,96869,480,1020,24/12/2021
Trichy,78809,77574,139,1096,24/12/2021
Vellore,50424,49173,110,1141,24/12/2021
Villupuram,46093,45696,39,358,24/12/2021
Virudhunagar,46428,45861,18,549,24/12/2021
AirportSurveillance(International),1080,1046,33,1,24/12/2021
AirportSurveillance(Domestic),1086,1084,1,1,24/12/2021
RailwaySurveillance,428,428,0,0,24/12/2021
Ariyalur,16946,16669,13,264,25/12/2021
Chengalpattu,175075,172037,492,2546,25/12/2021
Chennai,561169,551167,1358,8644,25/12/2021
Coimbatore,252886,249343,1037,2506,25/12/2021
Cuddalore,64561,63609,77,875,25/12/2021
Dharmapuri,28978,28628,70,280,25/12/2021
Dindigul,33334,32635,47,652,25/12/2021
Erode,107563,106329,524,710,25/12/2021
Kallakurichi,31606,31375,21,210,25/12/2021
Kancheepuram,76026,74608,152,1266,25/12/2021
Kanyakumari,63077,61879,137,1061,25/12/2021
Karur,24942,24443,135,364,25/12/2021
Krishnagiri,44085,43626,101,358,25/12/2021
Madurai,75656,74412,58,1186,25/12/2021
Mayiladuthurai,23426,23092,15,319,25/12/2021
Nagapattinam,21418,21035,23,360,25/12/2021
Namakkal,54452,53553,382,517,25/12/2021
Nilgiris,34415,34050,147,218,25/12/2021
Perambalur,12130,11868,17,245,25/12/2021
Pudukottai,30383,29939,23,421,25/12/2021
Ramanathapuram,20671,20289,23,359,25/12/2021
Ranipet,43667,42859,30,778,25/12/2021
Salem,102340,100220,395,1725,25/12/2021
Sivagangai,20499,20238,49,212,25/12/2021
Tenkasi,27417,26914,17,486,25/12/2021
Thanjavur,76408,75264,138,1006,25/12/2021
Theni,43622,43092,8,522,25/12/2021
Thirupathur,29458,28802,29,627,25/12/2021
Thiruvallur,120742,118689,195,1858,25/12/2021
Thiruvannamalai,55336,54605,58,673,25/12/2021
Thiruvarur,42005,41501,42,462,25/12/2021
Thoothukudi,56584,56128,44,412,25/12/2021
Tirunelveli,49759,49275,49,435,25/12/2021
Tiruppur,98411,96921,469,1021,25/12/2021
Trichy,78818,77589,132,1097,25/12/2021
Vellore,50437,49184,112,1141,25/12/2021
Villupuram,46095,45700,37,358,25/12/2021
Virudhunagar,46433,45863,21,549,25/12/2021
AirportSurveillance(International),1083,1052,30,1,25/12/2021
AirportSurveillance(Domestic),1086,1084,1,1,25/12/2021
RailwaySurveillance,428,428,0,0,25/12/2021
Ariyalur,16947,16671,12,264,26/12/2021
Chengalpattu,175125,172095,484,2546,26/12/2021
Chennai,561340,551296,1399,8645,26/12/2021
Coimbatore,252975,249446,1021,2508,26/12/2021
Cuddalore,64573,63615,82,876,26/12/2021
Dharmapuri,28981,28638,63,280,26/12/2021
Dindigul,33337,32638,47,652,26/12/2021
Erode,107608,106385,513,710,26/12/2021
Kallakurichi,31607,31376,21,210,26/12/2021
Kancheepuram,76044,74626,152,1266,26/12/2021
Kanyakumari,63089,61890,138,1061,26/12/2021
Karur,24951,24458,129,364,26/12/2021
Krishnagiri,44091,43639,94,358,26/12/2021
Madurai,75662,74419,57,1186,26/12/2021
Mayiladuthurai,23426,23094,13,319,26/12/2021
Nagapattinam,21420,21039,20,361,26/12/2021
Namakkal,54473,53586,370,517,26/12/2021
Nilgiris,34417,34071,128,218,26/12/2021
Perambalur,12133,11869,19,245,26/12/2021
Pudukottai,30384,29942,21,421,26/12/2021
Ramanathapuram,20672,20290,23,359,26/12/2021
Ranipet,43669,42864,27,778,26/12/2021
Salem,102366,100256,385,1725,26/12/2021
Sivagangai,20500,20242,46,212,26/12/2021
Tenkasi,27418,26915,17,486,26/12/2021
Thanjavur,76416,75278,132,1006,26/12/2021
Theni,43622,43092,7,523,26/12/2021
Thirupathur,29463,28805,31,627,26/12/2021
Thiruvallur,120754,118705,190,1859,26/12/2021
Thiruvannamalai,55339,54614,52,673,26/12/2021
Thiruvarur,42009,41505,42,462,26/12/2021
Thoothukudi,56589,56130,47,412,26/12/2021
Tirunelveli,49764,49278,51,435,26/12/2021
Tiruppur,98452,96972,457,1023,26/12/2021
Trichy,78829,77606,125,1098,26/12/2021
Vellore,50445,49196,108,1141,26/12/2021
Villupuram,46103,45703,42,358,26/12/2021
Virudhunagar,46439,45865,25,549,26/12/2021
AirportSurveillance(International),1091,1052,38,1,26/12/2021
AirportSurveillance(Domestic),1086,1084,1,1,26/12/2021
RailwaySurveillance,428,428,0,0,26/12/2021
Ariyalur,16947,16674,9,264,27/12/2021
Chengalpattu,175172,172147,479,2546,27/12/2021
Chennai,561513,551420,1446,8647,27/12/2021
Coimbatore,253064,249544,1012,2508,27/12/2021
Cuddalore,64582,63619,87,876,27/12/2021
Dharmapuri,28985,28645,60,280,27/12/2021
Dindigul,33341,32643,46,652,27/12/2021
Erode,107637,106443,484,710,27/12/2021
Kallakurichi,31608,31377,21,210,27/12/2021
Kancheepuram,76062,74645,151,1266,27/12/2021
Kanyakumari,63100,61903,135,1062,27/12/2021
Karur,24961,24469,128,364,27/12/2021
Krishnagiri,44097,43648,91,358,27/12/2021
Madurai,75668,74424,58,1186,27/12/2021
Mayiladuthurai,23426,23097,10,319,27/12/2021
Nagapattinam,21421,21041,19,361,27/12/2021
Namakkal,54494,53624,353,517,27/12/2021
Nilgiris,34420,34088,113,219,27/12/2021
Perambalur,12135,11873,17,245,27/12/2021
Pudukottai,30384,29944,19,421,27/12/2021
Ramanathapuram,20673,20293,21,359,27/12/2021
Ranipet,43670,42870,21,779,27/12/2021
Salem,102391,100299,366,1726,27/12/2021
Sivagangai,20504,20244,48,212,27/12/2021
Tenkasi,27418,26919,13,486,27/12/2021
Thanjavur,76423,75289,127,1007,27/12/2021
Theni,43622,43092,7,523,27/12/2021
Thirupathur,29468,28810,31,627,27/12/2021
Thiruvallur,120771,118723,189,1859,27/12/2021
Thiruvannamalai,55341,54619,49,673,27/12/2021
Thiruvarur,42013,41511,40,462,27/12/2021
Thoothukudi,56593,56132,49,412,27/12/2021
Tirunelveli,49768,49282,51,435,27/12/2021
Tiruppur,98500,97020,456,1024,27/12/2021
Trichy,78845,77621,125,1099,27/12/2021
Vellore,50460,49206,113,1141,27/12/2021
Villupuram,46109,45707,44,358,27/12/2021
Virudhunagar,46446,45865,32,549,27/12/2021
AirportSurveillance(International),1096,1054,41,1,27/12/2021
AirportSurveillance(Domestic),1086,1084,1,1,27/12/2021
RailwaySurveillance,428,428,0,0,27/12/2021
Ariyalur,16948,16675,9,264,28/12/2021
Chengalpattu,175231,172193,491,2547,28/12/2021
Chennai,561709,551542,1519,8648,28/12/2021
Coimbatore,253148,249651,988,2509,28/12/2021
Cuddalore,64588,63622,90,876,28/12/2021
Dharmapuri,28987,28649,57,281,28/12/2021
Dindigul,33343,32648,43,652,28/12/2021
Erode,107676,106495,470,711,28/12/2021
Kallakurichi,31608,31379,19,210,28/12/2021
Kancheepuram,76081,74656,159,1266,28/12/2021
Kanyakumari,63110,61915,133,1062,28/12/2021
Karur,24970,24479,127,364,28/12/2021
Krishnagiri,44098,43662,78,358,28/12/2021
Madurai,75675,74427,62,1186,28/12/2021
Mayiladuthurai,23426,23099,8,319,28/12/2021
Nagapattinam,21423,21045,17,361,28/12/2021
Namakkal,54510,53666,327,517,28/12/2021
Nilgiris,34424,34103,102,219,28/12/2021
Perambalur,12138,11875,18,245,28/12/2021
Pudukottai,30384,29945,18,421,28/12/2021
Ramanathapuram,20674,20295,20,359,28/12/2021
Ranipet,43675,42874,22,779,28/12/2021
Salem,102421,100346,349,1726,28/12/2021
Sivagangai,20507,20246,48,213,28/12/2021
Tenkasi,27419,26920,13,486,28/12/2021
Thanjavur,76431,75299,125,1007,28/12/2021
Theni,43622,43093,6,523,28/12/2021
Thirupathur,29467,28813,27,627,28/12/2021
Thiruvallur,120793,118742,192,1859,28/12/2021
Thiruvannamalai,55348,54625,50,673,28/12/2021
Thiruvarur,42022,41515,45,462,28/12/2021
Thoothukudi,56595,56133,50,412,28/12/2021
Tirunelveli,49772,49287,50,435,28/12/2021
Tiruppur,98534,97065,445,1024,28/12/2021
Trichy,78861,77634,128,1099,28/12/2021
Vellore,50470,49217,112,1141,28/12/2021
Villupuram,46109,45710,41,358,28/12/2021
Virudhunagar,46449,45867,33,549,28/12/2021
AirportSurveillance(International),1100,1055,44,1,28/12/2021
AirportSurveillance(Domestic),1087,1084,2,1,28/12/2021
RailwaySurveillance,428,428,0,0,28/12/2021
Ariyalur,16949,16677,8,264,29/12/2021
Chengalpattu,175295,172237,511,2547,29/12/2021
Chennai,562008,551668,1689,8651,29/12/2021
Coimbatore,253226,249755,962,2509,29/12/2021
Cuddalore,64593,63626,91,876,29/12/2021
Dharmapuri,28989,28655,53,281,29/12/2021
Dindigul,33342,32653,37,652,29/12/2021
Erode,107710,106542,457,711,29/12/2021
Kallakurichi,31608,31381,17,210,29/12/2021
Kancheepuram,76112,74666,179,1267,29/12/2021
Kanyakumari,63121,61929,130,1062,29/12/2021
Karur,24974,24492,118,364,29/12/2021
Krishnagiri,44101,43673,70,358,29/12/2021
Madurai,75679,74430,62,1187,29/12/2021
Mayiladuthurai,23429,23104,6,319,29/12/2021
Nagapattinam,21424,21049,14,361,29/12/2021
Namakkal,54529,53703,309,517,29/12/2021
Nilgiris,34427,34119,89,219,29/12/2021
Perambalur,12140,11876,19,245,29/12/2021
Pudukottai,30385,29948,16,421,29/12/2021
Ramanathapuram,20679,20297,23,359,29/12/2021
Ranipet,43688,42876,33,779,29/12/2021
Salem,102449,100389,333,1727,29/12/2021
Sivagangai,20509,20249,47,213,29/12/2021
Tenkasi,27420,26921,13,486,29/12/2021
Thanjavur,76438,75311,120,1007,29/12/2021
Theni,43623,43094,6,523,29/12/2021
Thirupathur,29470,28817,26,627,29/12/2021
Thiruvallur,120821,118757,205,1859,29/12/2021
Thiruvannamalai,55352,54632,47,673,29/12/2021
Thiruvarur,42024,41517,45,462,29/12/2021
Thoothukudi,56605,56134,59,412,29/12/2021
Tirunelveli,49777,49290,52,435,29/12/2021
Tiruppur,98559,97103,431,1025,29/12/2021
Trichy,78872,77643,129,1100,29/12/2021
Vellore,50483,49225,117,1141,29/12/2021
Villupuram,46114,45715,41,358,29/12/2021
Virudhunagar,46456,45868,39,549,29/12/2021
AirportSurveillance(International),1105,1055,49,1,29/12/2021
AirportSurveillance(Domestic),1087,1084,2,1,29/12/2021
RailwaySurveillance,428,428,0,0,29/12/2021
Ariyalur,16950,16678,7,265,30/12/2021
Chengalpattu,175400,172284,569,2547,30/12/2021
Chennai,562403,551799,1952,8652,30/12/2021
Coimbatore,253299,249857,931,2511,30/12/2021
Cuddalore,64598,63631,91,876,30/12/2021
Dharmapuri,28992,28658,53,281,30/12/2021
Dindigul,33345,32655,38,652,30/12/2021
Erode,107737,106584,442,711,30/12/2021
Kallakurichi,31614,31382,22,210,30/12/2021
Kancheepuram,76137,74678,191,1268,30/12/2021
Kanyakumari,63134,61938,134,1062,30/12/2021
Karur,24980,24504,112,364,30/12/2021
Krishnagiri,44106,43681,67,358,30/12/2021
Madurai,75685,74435,63,1187,30/12/2021
Mayiladuthurai,23430,23106,5,319,30/12/2021
Nagapattinam,21426,21049,16,361,30/12/2021
Namakkal,54541,53748,276,517,30/12/2021
Nilgiris,34431,34132,80,219,30/12/2021
Perambalur,12145,11878,22,245,30/12/2021
Pudukottai,30385,29949,15,421,30/12/2021
Ramanathapuram,20682,20300,23,359,30/12/2021
Ranipet,43695,42877,39,779,30/12/2021
Salem,102476,100430,319,1727,30/12/2021
Sivagangai,20512,20253,46,213,30/12/2021
Tenkasi,27420,26923,11,486,30/12/2021
Thanjavur,76448,75325,116,1007,30/12/2021
Theni,43624,43095,6,523,30/12/2021
Thirupathur,29474,28819,28,627,30/12/2021
Thiruvallur,120853,118773,220,1860,30/12/2021
Thiruvannamalai,55357,54638,46,673,30/12/2021
Thiruvarur,42028,41518,48,462,30/12/2021
Thoothukudi,56615,56136,67,412,30/12/2021
Tirunelveli,49785,49294,55,436,30/12/2021
Tiruppur,98588,97146,417,1025,30/12/2021
Trichy,78881,77653,128,1100,30/12/2021
Vellore,50501,49232,128,1141,30/12/2021
Villupuram,46118,45720,40,358,30/12/2021
Virudhunagar,46469,45870,50,549,30/12/2021
AirportSurveillance(International),1110,1056,53,1,30/12/2021
AirportSurveillance(Domestic),1088,1084,3,1,30/12/2021
RailwaySurveillance,428,428,0,0,30/12/2021
Ariyalur,16950,16678,7,265,31/12/2021
Chengalpattu,175534,172333,654,2547,31/12/2021
Chennai,562990,551935,2403,8652,31/12/2021
Coimbatore,253369,249950,904,2515,31/12/2021
Cuddalore,64599,63637,86,876,31/12/2021
Dharmapuri,29001,28663,57,281,31/12/2021
Dindigul,33346,32658,36,652,31/12/2021
Erode,107759,106622,426,711,31/12/2021
Kallakurichi,31619,31384,25,210,31/12/2021
Kancheepuram,76171,74693,210,1268,31/12/2021
Kanyakumari,63143,61949,132,1062,31/12/2021
Karur,24984,24518,102,364,31/12/2021
Krishnagiri,44109,43690,61,358,31/12/2021
Madurai,75693,74441,65,1187,31/12/2021
Mayiladuthurai,23432,23106,7,319,31/12/2021
Nagapattinam,21426,21049,16,361,31/12/2021
Namakkal,54559,53787,255,517,31/12/2021
Nilgiris,34433,34144,70,219,31/12/2021
Perambalur,12148,11880,23,245,31/12/2021
Pudukottai,30385,29950,14,421,31/12/2021
Ramanathapuram,20687,20302,26,359,31/12/2021
Ranipet,43709,42879,51,779,31/12/2021
Salem,102501,100466,306,1729,31/12/2021
Sivagangai,20517,20259,45,213,31/12/2021
Tenkasi,27420,26924,10,486,31/12/2021
Thanjavur,76455,75338,110,1007,31/12/2021
Theni,43625,43097,5,523,31/12/2021
Thirupathur,29476,28821,28,627,31/12/2021
Thiruvallur,120900,118790,248,1862,31/12/2021
Thiruvannamalai,55359,54645,41,673,31/12/2021
Thiruvarur,42031,41519,50,462,31/12/2021
Thoothukudi,56645,56138,95,412,31/12/2021
Tirunelveli,49794,49298,60,436,31/12/2021
Tiruppur,98631,97181,424,1026,31/12/2021
Trichy,78890,77665,123,1102,31/12/2021
Vellore,50514,49240,133,1141,31/12/2021
Villupuram,46122,45724,40,358,31/12/2021
Virudhunagar,46483,45873,61,549,31/12/2021
AirportSurveillance(International),1120,1061,58,1,31/12/2021
AirportSurveillance(Domestic),1088,1084,3,1,31/12/2021
RailwaySurveillance,428,428,0,0,31/12/2021
