Ariyalur,4694,4628,17,49,01/02/2021
Chengalpattu,51579,50512,299,768,01/02/2021
Chennai,231424,225729,1586,4109,01/02/2021
Coimbatore,54444,53351,422,671,01/02/2021
Cuddalore,24940,24606,49,285,01/02/2021
Dharmapuri,6587,6506,27,54,01/02/2021
Dindigul,11268,10984,85,199,01/02/2021
Erode,14384,14049,185,150,01/02/2021
Kallakurichi,10875,10759,8,108,01/02/2021
Kancheepuram,29265,28693,133,439,01/02/2021
Kanyakumari,16838,16467,114,257,01/02/2021
Karur,5400,5320,30,50,01/02/2021
Krishnagiri,8077,7920,40,117,01/02/2021
Madurai,21011,20458,96,457,01/02/2021
Nagapattinam,8450,8256,62,132,01/02/2021
Namakkal,11646,11435,100,111,01/02/2021
Nilgiris,8210,8109,54,47,01/02/2021
Perambalur,2267,2239,7,21,01/02/2021
Pudukottai,11569,11375,38,156,01/02/2021
Ramanathapuram,6414,6265,12,137,01/02/2021
Ranipet,16125,15896,42,187,01/02/2021
Salem,32428,31839,123,466,01/02/2021
Sivagangai,6660,6509,25,126,01/02/2021
Tenkasi,8429,8233,38,158,01/02/2021
Thanjavur,17697,17376,74,247,01/02/2021
Theni,17078,16849,24,205,01/02/2021
Thirupathur,7579,7430,23,126,01/02/2021
Thiruvallur,43563,42733,139,691,01/02/2021
Thiruvannamalai,19362,19047,32,283,01/02/2021
Thiruvarur,11201,11035,57,109,01/02/2021
Thoothukudi,16277,16099,37,141,01/02/2021
Tirunelveli,15577,15300,64,213,01/02/2021
Tiruppur,17920,17488,211,221,01/02/2021
Trichy,14687,14403,104,180,01/02/2021
Vellore,20751,20299,104,348,01/02/2021
Villupuram,15191,15039,40,112,01/02/2021
Virudhunagar,16569,16315,23,231,01/02/2021
AirportSurveillance(International),940,937,2,1,01/02/2021
AirportSurveillance(Domestic),1038,1031,6,1,01/02/2021
RailwaySurveillance,428,428,0,0,01/02/2021
Ariyalur,4698,4629,20,49,02/02/2021
Chengalpattu,51607,50544,295,768,02/02/2021
Chennai,231563,225869,1584,4110,02/02/2021
Coimbatore,54500,53407,422,671,02/02/2021
Cuddalore,24942,24611,46,285,02/02/2021
Dharmapuri,6593,6510,29,54,02/02/2021
Dindigul,11274,10994,81,199,02/02/2021
Erode,14410,14078,182,150,02/02/2021
Kallakurichi,10878,10759,11,108,02/02/2021
Kancheepuram,29281,28708,134,439,02/02/2021
Kanyakumari,16847,16488,101,258,02/02/2021
Karur,5406,5323,33,50,02/02/2021
Krishnagiri,8082,7925,40,117,02/02/2021
Madurai,21025,20471,97,457,02/02/2021
Nagapattinam,8455,8264,59,132,02/02/2021
Namakkal,11659,11451,97,111,02/02/2021
Nilgiris,8215,8115,53,47,02/02/2021
Perambalur,2267,2240,6,21,02/02/2021
Pudukottai,11574,11378,40,156,02/02/2021
Ramanathapuram,6416,6268,11,137,02/02/2021
Ranipet,16131,15902,42,187,02/02/2021
Salem,32445,31850,129,466,02/02/2021
Sivagangai,6665,6515,23,127,02/02/2021
Tenkasi,8431,8239,33,159,02/02/2021
Thanjavur,17715,17382,86,247,02/02/2021
Theni,17081,16851,25,205,02/02/2021
Thirupathur,7582,7434,22,126,02/02/2021
Thiruvallur,43594,42749,154,691,02/02/2021
Thiruvannamalai,19365,19052,30,283,02/02/2021
Thiruvarur,11206,11045,52,109,02/02/2021
Thoothukudi,16280,16113,26,141,02/02/2021
Tirunelveli,15590,15308,69,213,02/02/2021
Tiruppur,17943,17512,210,221,02/02/2021
Trichy,14699,14411,108,180,02/02/2021
Vellore,20759,20310,101,348,02/02/2021
Villupuram,15195,15048,35,112,02/02/2021
Virudhunagar,16573,16317,25,231,02/02/2021
AirportSurveillance(International),940,937,2,1,02/02/2021
AirportSurveillance(Domestic),1038,1033,4,1,02/02/2021
RailwaySurveillance,428,428,0,0,02/02/2021
Ariyalur,4697,4631,17,49,03/02/2021
Chengalpattu,51641,50584,287,770,03/02/2021
Chennai,231711,226013,1587,4111,03/02/2021
Coimbatore,54575,53461,443,671,03/02/2021
Cuddalore,24948,24617,46,285,03/02/2021
Dharmapuri,6594,6516,24,54,03/02/2021
Dindigul,11277,11006,72,199,03/02/2021
Erode,14428,14098,180,150,03/02/2021
Kallakurichi,10878,10760,10,108,03/02/2021
Kancheepuram,29288,28728,121,439,03/02/2021
Kanyakumari,16862,16503,101,258,03/02/2021
Karur,5413,5325,38,50,03/02/2021
Krishnagiri,8084,7932,35,117,03/02/2021
Madurai,21033,20486,89,458,03/02/2021
Nagapattinam,8465,8273,59,133,03/02/2021
Namakkal,11664,11463,90,111,03/02/2021
Nilgiris,8223,8118,58,47,03/02/2021
Perambalur,2269,2241,7,21,03/02/2021
Pudukottai,11576,11380,40,156,03/02/2021
Ramanathapuram,6417,6271,9,137,03/02/2021
Ranipet,16134,15912,35,187,03/02/2021
Salem,32457,31869,122,466,03/02/2021
Sivagangai,6672,6520,26,126,03/02/2021
Tenkasi,8435,8244,32,159,03/02/2021
Thanjavur,17747,17389,111,247,03/02/2021
Theni,17086,16856,25,205,03/02/2021
Thirupathur,7584,7437,21,126,03/02/2021
Thiruvallur,43626,42770,165,691,03/02/2021
Thiruvannamalai,19369,19055,31,283,03/02/2021
Thiruvarur,11210,11054,47,109,03/02/2021
Thoothukudi,16283,16123,19,141,03/02/2021
Tirunelveli,15600,15319,68,213,03/02/2021
Tiruppur,17965,17531,213,221,03/02/2021
Trichy,14708,14424,104,180,03/02/2021
Vellore,20769,20319,102,348,03/02/2021
Villupuram,15197,15053,32,112,03/02/2021
Virudhunagar,16575,16322,22,231,03/02/2021
AirportSurveillance(International),940,937,2,1,03/02/2021
AirportSurveillance(Domestic),1038,1033,4,1,03/02/2021
RailwaySurveillance,428,428,0,0,03/02/2021
Ariyalur,4701,4633,19,49,04/02/2021
Chengalpattu,51672,50618,284,770,04/02/2021
Chennai,231855,226172,1572,4111,04/02/2021
Coimbatore,54634,53516,446,672,04/02/2021
Cuddalore,24974,24624,64,286,04/02/2021
Dharmapuri,6597,6518,25,54,04/02/2021
Dindigul,11283,11021,63,199,04/02/2021
Erode,14449,14123,176,150,04/02/2021
Kallakurichi,10879,10765,6,108,04/02/2021
Kancheepuram,29299,28755,104,440,04/02/2021
Kanyakumari,16875,16514,102,259,04/02/2021
Karur,5418,5330,38,50,04/02/2021
Krishnagiri,8087,7935,35,117,04/02/2021
Madurai,21046,20494,94,458,04/02/2021
Nagapattinam,8468,8280,55,133,04/02/2021
Namakkal,11674,11470,93,111,04/02/2021
Nilgiris,8228,8126,55,47,04/02/2021
Perambalur,2269,2242,6,21,04/02/2021
Pudukottai,11577,11384,37,156,04/02/2021
Ramanathapuram,6419,6274,8,137,04/02/2021
Ranipet,16140,15914,39,187,04/02/2021
Salem,32469,31885,118,466,04/02/2021
Sivagangai,6677,6523,28,126,04/02/2021
Tenkasi,8438,8248,31,159,04/02/2021
Thanjavur,17752,17397,108,247,04/02/2021
Theni,17090,16858,27,205,04/02/2021
Thirupathur,7587,7440,21,126,04/02/2021
Thiruvallur,43649,42783,175,691,04/02/2021
Thiruvannamalai,19387,19058,46,283,04/02/2021
Thiruvarur,11220,11058,53,109,04/02/2021
Thoothukudi,16284,16125,18,141,04/02/2021
Tirunelveli,15602,15322,67,213,04/02/2021
Tiruppur,17983,17555,207,221,04/02/2021
Trichy,14721,14444,97,180,04/02/2021
Vellore,20778,20335,95,348,04/02/2021
Villupuram,15197,15053,32,112,04/02/2021
Virudhunagar,16575,16326,18,231,04/02/2021
AirportSurveillance(International),941,937,3,1,04/02/2021
AirportSurveillance(Domestic),1038,1035,2,1,04/02/2021
RailwaySurveillance,428,428,0,0,04/02/2021
Ariyalur,4704,4634,21,49,05/02/2021
Chengalpattu,51717,50650,297,770,05/02/2021
Chennai,232013,226325,1575,4113,05/02/2021
Coimbatore,54688,53557,458,673,05/02/2021
Cuddalore,24978,24629,63,286,05/02/2021
Dharmapuri,6598,6521,23,54,05/02/2021
Dindigul,11292,11029,64,199,05/02/2021
Erode,14472,14144,178,150,05/02/2021
Kallakurichi,10879,10767,4,108,05/02/2021
Kancheepuram,29314,28763,111,440,05/02/2021
Kanyakumari,16877,16528,90,259,05/02/2021
Karur,5419,5334,35,50,05/02/2021
Krishnagiri,8087,7939,31,117,05/02/2021
Madurai,21055,20505,92,458,05/02/2021
Nagapattinam,8476,8295,48,133,05/02/2021
Namakkal,11676,11486,79,111,05/02/2021
Nilgiris,8233,8135,51,47,05/02/2021
Perambalur,2269,2242,6,21,05/02/2021
Pudukottai,11578,11387,35,156,05/02/2021
Ramanathapuram,6420,6276,7,137,05/02/2021
Ranipet,16143,15918,38,187,05/02/2021
Salem,32478,31899,113,466,05/02/2021
Sivagangai,6677,6528,23,126,05/02/2021
Tenkasi,8439,8255,25,159,05/02/2021
Thanjavur,17772,17402,122,248,05/02/2021
Theni,17096,16864,27,205,05/02/2021
Thirupathur,7592,7444,22,126,05/02/2021
Thiruvallur,43684,42794,199,691,05/02/2021
Thiruvannamalai,19390,19062,45,283,05/02/2021
Thiruvarur,11228,11066,53,109,05/02/2021
Thoothukudi,16285,16130,14,141,05/02/2021
Tirunelveli,15608,15333,62,213,05/02/2021
Tiruppur,17996,17584,191,221,05/02/2021
Trichy,14741,14467,94,180,05/02/2021
Vellore,20784,20346,90,348,05/02/2021
Villupuram,15199,15059,28,112,05/02/2021
Virudhunagar,16584,16327,26,231,05/02/2021
AirportSurveillance(International),941,937,3,1,05/02/2021
AirportSurveillance(Domestic),1039,1035,3,1,05/02/2021
RailwaySurveillance,428,428,0,0,05/02/2021
Ariyalur,4707,4638,20,49,06/02/2021
Chengalpattu,51764,50697,297,770,06/02/2021
Chennai,232168,226487,1567,4114,06/02/2021
Coimbatore,54753,53606,474,673,06/02/2021
Cuddalore,24985,24636,62,287,06/02/2021
Dharmapuri,6600,6523,23,54,06/02/2021
Dindigul,11294,11033,62,199,06/02/2021
Erode,14487,14164,173,150,06/02/2021
Kallakurichi,10883,10769,6,108,06/02/2021
Kancheepuram,29320,28770,110,440,06/02/2021
Kanyakumari,16889,16537,93,259,06/02/2021
Karur,5425,5339,36,50,06/02/2021
Krishnagiri,8089,7945,27,117,06/02/2021
Madurai,21076,20517,100,459,06/02/2021
Nagapattinam,8486,8306,47,133,06/02/2021
Namakkal,11678,11491,76,111,06/02/2021
Nilgiris,8240,8146,47,47,06/02/2021
Perambalur,2269,2243,5,21,06/02/2021
Pudukottai,11581,11392,33,156,06/02/2021
Ramanathapuram,6423,6277,9,137,06/02/2021
Ranipet,16144,15921,36,187,06/02/2021
Salem,32486,31916,104,466,06/02/2021
Sivagangai,6681,6530,25,126,06/02/2021
Tenkasi,8440,8256,25,159,06/02/2021
Thanjavur,17776,17406,122,248,06/02/2021
Theni,17101,16867,29,205,06/02/2021
Thirupathur,7593,7446,21,126,06/02/2021
Thiruvallur,43695,42806,198,691,06/02/2021
Thiruvannamalai,19394,19066,45,283,06/02/2021
Thiruvarur,11232,11070,53,109,06/02/2021
Thoothukudi,16289,16134,14,141,06/02/2021
Tirunelveli,15617,15342,62,213,06/02/2021
Tiruppur,18014,17619,174,221,06/02/2021
Trichy,14750,14477,93,180,06/02/2021
Vellore,20795,20362,85,348,06/02/2021
Villupuram,15203,15063,28,112,06/02/2021
Virudhunagar,16591,16328,32,231,06/02/2021
AirportSurveillance(International),941,937,3,1,06/02/2021
AirportSurveillance(Domestic),1039,1037,1,1,06/02/2021
RailwaySurveillance,428,428,0,0,06/02/2021
Ariyalur,4707,4640,18,49,07/02/2021
Chengalpattu,51795,50749,276,770,07/02/2021
Chennai,232316,226643,1559,4114,07/02/2021
Coimbatore,54801,53662,465,674,07/02/2021
Cuddalore,24999,24640,72,287,07/02/2021
Dharmapuri,6601,6526,21,54,07/02/2021
Dindigul,11305,11039,67,199,07/02/2021
Erode,14509,14183,176,150,07/02/2021
Kallakurichi,10886,10770,8,108,07/02/2021
Kancheepuram,29325,28778,107,440,07/02/2021
Kanyakumari,16897,16553,85,259,07/02/2021
Karur,5427,5343,34,50,07/02/2021
Krishnagiri,8094,7952,25,117,07/02/2021
Madurai,21084,20528,97,459,07/02/2021
Nagapattinam,8488,8311,44,133,07/02/2021
Namakkal,11687,11498,78,111,07/02/2021
Nilgiris,8245,8155,43,47,07/02/2021
Perambalur,2270,2243,6,21,07/02/2021
Pudukottai,11581,11398,27,156,07/02/2021
Ramanathapuram,6424,6278,9,137,07/02/2021
Ranipet,16146,15923,36,187,07/02/2021
Salem,32498,31937,95,466,07/02/2021
Sivagangai,6681,6531,24,126,07/02/2021
Tenkasi,8449,8258,32,159,07/02/2021
Thanjavur,17805,17412,145,248,07/02/2021
Theni,17104,16868,31,205,07/02/2021
Thirupathur,7597,7447,24,126,07/02/2021
Thiruvallur,43718,42815,212,691,07/02/2021
Thiruvannamalai,19395,19071,41,283,07/02/2021
Thiruvarur,11238,11076,53,109,07/02/2021
Thoothukudi,16290,16136,13,141,07/02/2021
Tirunelveli,15624,15349,62,213,07/02/2021
Tiruppur,18027,17651,155,221,07/02/2021
Trichy,14766,14485,101,180,07/02/2021
Vellore,20809,20376,85,348,07/02/2021
Villupuram,15206,15065,29,112,07/02/2021
Virudhunagar,16594,16334,29,231,07/02/2021
AirportSurveillance(International),942,937,4,1,07/02/2021
AirportSurveillance(Domestic),1039,1037,1,1,07/02/2021
RailwaySurveillance,428,428,0,0,07/02/2021
Ariyalur,4708,4641,18,49,08/02/2021
Chengalpattu,51840,50800,270,770,08/02/2021
Chennai,232464,226797,1551,4116,08/02/2021
Coimbatore,54851,53722,455,674,08/02/2021
Cuddalore,25011,24646,78,287,08/02/2021
Dharmapuri,6602,6527,21,54,08/02/2021
Dindigul,11309,11051,59,199,08/02/2021
Erode,14526,14193,183,150,08/02/2021
Kallakurichi,10887,10770,9,108,08/02/2021
Kancheepuram,29328,28785,103,440,08/02/2021
Kanyakumari,16913,16563,91,259,08/02/2021
Karur,5428,5346,32,50,08/02/2021
Krishnagiri,8098,7956,25,117,08/02/2021
Madurai,21089,20540,90,459,08/02/2021
Nagapattinam,8493,8313,47,133,08/02/2021
Namakkal,11699,11509,79,111,08/02/2021
Nilgiris,8248,8161,40,47,08/02/2021
Perambalur,2271,2245,5,21,08/02/2021
Pudukottai,11583,11402,25,156,08/02/2021
Ramanathapuram,6426,6279,10,137,08/02/2021
Ranipet,16150,15933,29,188,08/02/2021
Salem,32511,31954,91,466,08/02/2021
Sivagangai,6680,6533,21,126,08/02/2021
Tenkasi,8449,8262,28,159,08/02/2021
Thanjavur,17818,17421,149,248,08/02/2021
Theni,17108,16871,32,205,08/02/2021
Thirupathur,7599,7449,24,126,08/02/2021
Thiruvallur,43735,42825,219,691,08/02/2021
Thiruvannamalai,19397,19075,39,283,08/02/2021
Thiruvarur,11242,11083,50,109,08/02/2021
Thoothukudi,16292,16139,12,141,08/02/2021
Tirunelveli,15630,15358,58,214,08/02/2021
Tiruppur,18049,17672,156,221,08/02/2021
Trichy,14785,14496,109,180,08/02/2021
Vellore,20821,20392,81,348,08/02/2021
Villupuram,15210,15070,28,112,08/02/2021
Virudhunagar,16601,16339,31,231,08/02/2021
AirportSurveillance(International),943,937,5,1,08/02/2021
AirportSurveillance(Domestic),1039,1037,1,1,08/02/2021
RailwaySurveillance,428,428,0,0,08/02/2021
Ariyalur,4709,4645,15,49,09/02/2021
Chengalpattu,51875,50848,256,771,09/02/2021
Chennai,232603,226935,1550,4118,09/02/2021
Coimbatore,54905,53773,458,674,09/02/2021
Cuddalore,25012,24657,68,287,09/02/2021
Dharmapuri,6610,6531,25,54,09/02/2021
Dindigul,11315,11064,52,199,09/02/2021
Erode,14551,14211,190,150,09/02/2021
Kallakurichi,10891,10771,12,108,09/02/2021
Kancheepuram,29342,28795,107,440,09/02/2021
Kanyakumari,16924,16576,89,259,09/02/2021
Karur,5434,5350,34,50,09/02/2021
Krishnagiri,8099,7961,21,117,09/02/2021
Madurai,21093,20549,85,459,09/02/2021
Nagapattinam,8502,8317,52,133,09/02/2021
Namakkal,11709,11521,77,111,09/02/2021
Nilgiris,8255,8163,45,47,09/02/2021
Perambalur,2271,2245,5,21,09/02/2021
Pudukottai,11588,11408,24,156,09/02/2021
Ramanathapuram,6426,6280,9,137,09/02/2021
Ranipet,16153,15935,30,188,09/02/2021
Salem,32528,31965,97,466,09/02/2021
Sivagangai,6679,6534,19,126,09/02/2021
Tenkasi,8455,8268,28,159,09/02/2021
Thanjavur,17830,17433,149,248,09/02/2021
Theni,17111,16874,32,205,09/02/2021
Thirupathur,7602,7453,23,126,09/02/2021
Thiruvallur,43771,42839,240,692,09/02/2021
Thiruvannamalai,19402,19081,38,283,09/02/2021
Thiruvarur,11244,11091,44,109,09/02/2021
Thoothukudi,16296,16140,15,141,09/02/2021
Tirunelveli,15637,15362,61,214,09/02/2021
Tiruppur,18058,17699,138,221,09/02/2021
Trichy,14797,14506,111,180,09/02/2021
Vellore,20826,20406,72,348,09/02/2021
Villupuram,15215,15077,26,112,09/02/2021
Virudhunagar,16602,16344,27,231,09/02/2021
AirportSurveillance(International),943,939,3,1,09/02/2021
AirportSurveillance(Domestic),1039,1037,1,1,09/02/2021
RailwaySurveillance,428,428,0,0,09/02/2021
Ariyalur,4709,4648,12,49,10/02/2021
Chengalpattu,51912,50879,261,772,10/02/2021
Chennai,232765,227091,1556,4118,10/02/2021
Coimbatore,54970,53828,467,675,10/02/2021
Cuddalore,25017,24661,69,287,10/02/2021
Dharmapuri,6619,6537,28,54,10/02/2021
Dindigul,11323,11073,51,199,10/02/2021
Erode,14561,14235,176,150,10/02/2021
Kallakurichi,10892,10773,11,108,10/02/2021
Kancheepuram,29344,28804,100,440,10/02/2021
Kanyakumari,16930,16583,88,259,10/02/2021
Karur,5441,5358,33,50,10/02/2021
Krishnagiri,8100,7965,18,117,10/02/2021
Madurai,21093,20560,74,459,10/02/2021
Nagapattinam,8510,8320,57,133,10/02/2021
Namakkal,11713,11535,67,111,10/02/2021
Nilgiris,8260,8168,45,47,10/02/2021
Perambalur,2274,2246,7,21,10/02/2021
Pudukottai,11595,11413,26,156,10/02/2021
Ramanathapuram,6427,6281,9,137,10/02/2021
Ranipet,16155,15939,28,188,10/02/2021
Salem,32540,31980,94,466,10/02/2021
Sivagangai,6689,6538,25,126,10/02/2021
Tenkasi,8464,8273,32,159,10/02/2021
Thanjavur,17840,17451,141,248,10/02/2021
Theni,17114,16877,31,206,10/02/2021
Thirupathur,7606,7456,24,126,10/02/2021
Thiruvallur,43790,42861,237,692,10/02/2021
Thiruvannamalai,19408,19085,40,283,10/02/2021
Thiruvarur,11251,11097,45,109,10/02/2021
Thoothukudi,16299,16142,16,141,10/02/2021
Tirunelveli,15646,15369,63,214,10/02/2021
Tiruppur,18077,17720,135,222,10/02/2021
Trichy,14806,14514,111,181,10/02/2021
Vellore,20833,20412,73,348,10/02/2021
Villupuram,15218,15082,24,112,10/02/2021
Virudhunagar,16608,16346,31,231,10/02/2021
AirportSurveillance(International),943,939,3,1,10/02/2021
AirportSurveillance(Domestic),1039,1037,1,1,10/02/2021
RailwaySurveillance,428,428,0,0,10/02/2021
Ariyalur,4709,4650,10,49,11/02/2021
Chengalpattu,51954,50912,270,772,11/02/2021
Chennai,232918,227226,1572,4120,11/02/2021
Coimbatore,55018,53879,463,676,11/02/2021
Cuddalore,25033,24667,79,287,11/02/2021
Dharmapuri,6621,6540,27,54,11/02/2021
Dindigul,11331,11084,48,199,11/02/2021
Erode,14579,14255,174,150,11/02/2021
Kallakurichi,10893,10774,11,108,11/02/2021
Kancheepuram,29348,28817,90,441,11/02/2021
Kanyakumari,16935,16593,83,259,11/02/2021
Karur,5445,5364,31,50,11/02/2021
Krishnagiri,8101,7968,16,117,11/02/2021
Madurai,21106,20575,72,459,11/02/2021
Nagapattinam,8517,8329,55,133,11/02/2021
Namakkal,11719,11551,57,111,11/02/2021
Nilgiris,8266,8175,44,47,11/02/2021
Perambalur,2275,2247,7,21,11/02/2021
Pudukottai,11604,11417,31,156,11/02/2021
Ramanathapuram,6428,6282,9,137,11/02/2021
Ranipet,16162,15941,33,188,11/02/2021
Salem,32552,31994,92,466,11/02/2021
Sivagangai,6693,6544,23,126,11/02/2021
Tenkasi,8467,8276,32,159,11/02/2021
Thanjavur,17859,17473,138,248,11/02/2021
Theni,17118,16879,33,206,11/02/2021
Thirupathur,7608,7460,22,126,11/02/2021
Thiruvallur,43813,42881,240,692,11/02/2021
Thiruvannamalai,19413,19092,37,284,11/02/2021
Thiruvarur,11257,11104,44,109,11/02/2021
Thoothukudi,16302,16145,16,141,11/02/2021
Tirunelveli,15645,15377,54,214,11/02/2021
Tiruppur,18091,17742,127,222,11/02/2021
Trichy,14820,14524,115,181,11/02/2021
Vellore,20845,20420,76,349,11/02/2021
Villupuram,15220,15084,24,112,11/02/2021
Virudhunagar,16611,16349,31,231,11/02/2021
AirportSurveillance(International),946,939,6,1,11/02/2021
AirportSurveillance(Domestic),1040,1037,2,1,11/02/2021
RailwaySurveillance,428,428,0,0,11/02/2021
Ariyalur,4709,4651,9,49,12/02/2021
Chengalpattu,52003,50946,285,772,12/02/2021
Chennai,233046,227363,1562,4121,12/02/2021
Coimbatore,55063,53925,461,677,12/02/2021
Cuddalore,25045,24672,86,287,12/02/2021
Dharmapuri,6621,6542,25,54,12/02/2021
Dindigul,11341,11093,49,199,12/02/2021
Erode,14590,14283,157,150,12/02/2021
Kallakurichi,10895,10776,11,108,12/02/2021
Kancheepuram,29362,28832,89,441,12/02/2021
Kanyakumari,16945,16607,79,259,12/02/2021
Karur,5451,5372,29,50,12/02/2021
Krishnagiri,8102,7970,15,117,12/02/2021
Madurai,21118,20587,71,460,12/02/2021
Nagapattinam,8528,8335,60,133,12/02/2021
Namakkal,11723,11563,49,111,12/02/2021
Nilgiris,8271,8180,44,47,12/02/2021
Perambalur,2277,2248,8,21,12/02/2021
Pudukottai,11609,11424,29,156,12/02/2021
Ramanathapuram,6429,6283,9,137,12/02/2021
Ranipet,16172,15945,38,189,12/02/2021
Salem,32561,32012,83,466,12/02/2021
Sivagangai,6697,6548,23,126,12/02/2021
Tenkasi,8480,8278,43,159,12/02/2021
Thanjavur,17876,17497,130,249,12/02/2021
Theni,17122,16883,32,207,12/02/2021
Thirupathur,7609,7463,20,126,12/02/2021
Thiruvallur,43834,42903,239,692,12/02/2021
Thiruvannamalai,19416,19097,35,284,12/02/2021
Thiruvarur,11265,11108,48,109,12/02/2021
Thoothukudi,16304,16149,14,141,12/02/2021
Tirunelveli,15656,15382,60,214,12/02/2021
Tiruppur,18106,17759,125,222,12/02/2021
Trichy,14837,14536,120,181,12/02/2021
Vellore,20861,20426,86,349,12/02/2021
Villupuram,15223,15087,24,112,12/02/2021
Virudhunagar,16612,16351,30,231,12/02/2021
AirportSurveillance(International),946,939,6,1,12/02/2021
AirportSurveillance(Domestic),1040,1037,2,1,12/02/2021
RailwaySurveillance,428,428,0,0,12/02/2021
Ariyalur,4710,4652,9,49,13/02/2021
Chengalpattu,52052,50984,296,772,13/02/2021
Chennai,233194,227492,1580,4122,13/02/2021
Coimbatore,55107,53977,453,677,13/02/2021
Cuddalore,25057,24679,91,287,13/02/2021
Dharmapuri,6624,6545,24,55,13/02/2021
Dindigul,11349,11097,53,199,13/02/2021
Erode,14601,14309,142,150,13/02/2021
Kallakurichi,10898,10777,13,108,13/02/2021
Kancheepuram,29368,28844,83,441,13/02/2021
Kanyakumari,16955,16618,78,259,13/02/2021
Karur,5456,5376,30,50,13/02/2021
Krishnagiri,8105,7973,15,117,13/02/2021
Madurai,21137,20598,79,460,13/02/2021
Nagapattinam,8536,8342,61,133,13/02/2021
Namakkal,11728,11573,44,111,13/02/2021
Nilgiris,8273,8184,41,48,13/02/2021
Perambalur,2278,2249,8,21,13/02/2021
Pudukottai,11613,11429,28,156,13/02/2021
Ramanathapuram,6432,6284,11,137,13/02/2021
Ranipet,16181,15951,41,189,13/02/2021
Salem,32569,32029,74,466,13/02/2021
Sivagangai,6704,6550,28,126,13/02/2021
Tenkasi,8486,8281,46,159,13/02/2021
Thanjavur,17889,17519,121,249,13/02/2021
Theni,17128,16888,33,207,13/02/2021
Thirupathur,7610,7466,18,126,13/02/2021
Thiruvallur,43849,42936,220,693,13/02/2021
Thiruvannamalai,19421,19100,37,284,13/02/2021
Thiruvarur,11271,11116,46,109,13/02/2021
Thoothukudi,16307,16150,15,142,13/02/2021
Tirunelveli,15663,15388,61,214,13/02/2021
Tiruppur,18121,17777,122,222,13/02/2021
Trichy,14852,14546,125,181,13/02/2021
Vellore,20870,20434,87,349,13/02/2021
Villupuram,15226,15089,25,112,13/02/2021
Virudhunagar,16616,16356,29,231,13/02/2021
AirportSurveillance(International),946,939,6,1,13/02/2021
AirportSurveillance(Domestic),1040,1037,2,1,13/02/2021
RailwaySurveillance,428,428,0,0,13/02/2021
Ariyalur,4710,4653,8,49,14/02/2021
Chengalpattu,52095,51019,303,773,14/02/2021
Chennai,233334,227652,1559,4123,14/02/2021
Coimbatore,55152,54020,454,678,14/02/2021
Cuddalore,25067,24687,93,287,14/02/2021
Dharmapuri,6626,6547,24,55,14/02/2021
Dindigul,11360,11105,56,199,14/02/2021
Erode,14613,14325,138,150,14/02/2021
Kallakurichi,10899,10778,13,108,14/02/2021
Kancheepuram,29379,28854,83,442,14/02/2021
Kanyakumari,16963,16633,70,260,14/02/2021
Karur,5465,5377,38,50,14/02/2021
Krishnagiri,8113,7975,21,117,14/02/2021
Madurai,21157,20608,89,460,14/02/2021
Nagapattinam,8544,8351,60,133,14/02/2021
Namakkal,11733,11579,43,111,14/02/2021
Nilgiris,8276,8187,41,48,14/02/2021
Perambalur,2278,2250,7,21,14/02/2021
Pudukottai,11614,11430,28,156,14/02/2021
Ramanathapuram,6433,6286,10,137,14/02/2021
Ranipet,16187,15960,38,189,14/02/2021
Salem,32578,32040,72,466,14/02/2021
Sivagangai,6710,6551,33,126,14/02/2021
Tenkasi,8491,8284,48,159,14/02/2021
Thanjavur,17900,17533,118,249,14/02/2021
Theni,17131,16890,34,207,14/02/2021
Thirupathur,7612,7469,17,126,14/02/2021
Thiruvallur,43869,42962,214,693,14/02/2021
Thiruvannamalai,19426,19107,35,284,14/02/2021
Thiruvarur,11276,11119,47,110,14/02/2021
Thoothukudi,16315,16154,19,142,14/02/2021
Tirunelveli,15667,15391,62,214,14/02/2021
Tiruppur,18140,17798,120,222,14/02/2021
Trichy,14866,14561,124,181,14/02/2021
Vellore,20878,20446,83,349,14/02/2021
Villupuram,15230,15092,26,112,14/02/2021
Virudhunagar,16619,16364,24,231,14/02/2021
AirportSurveillance(International),946,939,6,1,14/02/2021
AirportSurveillance(Domestic),1040,1037,2,1,14/02/2021
RailwaySurveillance,428,428,0,0,14/02/2021
Ariyalur,4713,4654,10,49,15/02/2021
Chengalpattu,52134,51047,314,773,15/02/2021
Chennai,233482,227789,1568,4125,15/02/2021
Coimbatore,55200,54077,444,679,15/02/2021
Cuddalore,25074,24691,96,287,15/02/2021
Dharmapuri,6628,6550,23,55,15/02/2021
Dindigul,11369,11115,55,199,15/02/2021
Erode,14624,14340,134,150,15/02/2021
Kallakurichi,10901,10779,14,108,15/02/2021
Kancheepuram,29402,28862,98,442,15/02/2021
Kanyakumari,16974,16649,65,260,15/02/2021
Karur,5470,5379,41,50,15/02/2021
Krishnagiri,8118,7976,25,117,15/02/2021
Madurai,21156,20615,81,460,15/02/2021
Nagapattinam,8548,8356,59,133,15/02/2021
Namakkal,11743,11586,46,111,15/02/2021
Nilgiris,8281,8192,41,48,15/02/2021
Perambalur,2279,2251,7,21,15/02/2021
Pudukottai,11618,11431,31,156,15/02/2021
Ramanathapuram,6439,6287,15,137,15/02/2021
Ranipet,16192,15967,36,189,15/02/2021
Salem,32588,32053,69,466,15/02/2021
Sivagangai,6717,6553,38,126,15/02/2021
Tenkasi,8493,8286,48,159,15/02/2021
Thanjavur,17912,17553,110,249,15/02/2021
Theni,17134,16895,32,207,15/02/2021
Thirupathur,7614,7472,16,126,15/02/2021
Thiruvallur,43882,42992,196,694,15/02/2021
Thiruvannamalai,19427,19109,34,284,15/02/2021
Thiruvarur,11284,11127,47,110,15/02/2021
Thoothukudi,16322,16157,23,142,15/02/2021
Tirunelveli,15668,15399,55,214,15/02/2021
Tiruppur,18162,17817,123,222,15/02/2021
Trichy,14872,14583,106,183,15/02/2021
Vellore,20886,20461,76,349,15/02/2021
Villupuram,15234,15094,28,112,15/02/2021
Virudhunagar,16621,16370,20,231,15/02/2021
AirportSurveillance(International),946,939,6,1,15/02/2021
AirportSurveillance(Domestic),1040,1037,2,1,15/02/2021
RailwaySurveillance,428,428,0,0,15/02/2021
Ariyalur,4716,4655,12,49,16/02/2021
Chengalpattu,52177,51088,315,774,16/02/2021
Chennai,233619,227928,1564,4127,16/02/2021
Coimbatore,55240,54128,433,679,16/02/2021
Cuddalore,25083,24703,93,287,16/02/2021
Dharmapuri,6631,6550,26,55,16/02/2021
Dindigul,11380,11121,60,199,16/02/2021
Erode,14639,14356,133,150,16/02/2021
Kallakurichi,10903,10780,15,108,16/02/2021
Kancheepuram,29410,28876,92,442,16/02/2021
Kanyakumari,16986,16658,68,260,16/02/2021
Karur,5474,5380,44,50,16/02/2021
Krishnagiri,8122,7979,25,118,16/02/2021
Madurai,21166,20625,81,460,16/02/2021
Nagapattinam,8553,8359,61,133,16/02/2021
Namakkal,11749,11590,48,111,16/02/2021
Nilgiris,8285,8195,42,48,16/02/2021
Perambalur,2279,2251,7,21,16/02/2021
Pudukottai,11621,11433,32,156,16/02/2021
Ramanathapuram,6442,6289,16,137,16/02/2021
Ranipet,16192,15970,33,189,16/02/2021
Salem,32599,32070,63,466,16/02/2021
Sivagangai,6721,6554,41,126,16/02/2021
Tenkasi,8493,8289,45,159,16/02/2021
Thanjavur,17923,17566,108,249,16/02/2021
Theni,17136,16897,32,207,16/02/2021
Thirupathur,7616,7474,16,126,16/02/2021
Thiruvallur,43918,43027,196,695,16/02/2021
Thiruvannamalai,19434,19114,36,284,16/02/2021
Thiruvarur,11289,11131,48,110,16/02/2021
Thoothukudi,16326,16160,23,143,16/02/2021
Tirunelveli,15678,15405,59,214,16/02/2021
Tiruppur,18174,17834,118,222,16/02/2021
Trichy,14883,14608,92,183,16/02/2021
Vellore,20893,20472,71,350,16/02/2021
Villupuram,15237,15097,28,112,16/02/2021
Virudhunagar,16625,16372,22,231,16/02/2021
AirportSurveillance(International),946,939,6,1,16/02/2021
AirportSurveillance(Domestic),1040,1037,2,1,16/02/2021
RailwaySurveillance,428,428,0,0,16/02/2021
Ariyalur,4717,4658,10,49,18/02/2021
Chengalpattu,52310,51168,366,776,18/02/2021
Chennai,233936,228176,1629,4131,18/02/2021
Coimbatore,55319,54237,403,679,18/02/2021
Cuddalore,25095,24721,87,287,18/02/2021
Dharmapuri,6639,6555,29,55,18/02/2021
Dindigul,11393,11138,56,199,18/02/2021
Erode,14675,14396,129,150,18/02/2021
Kallakurichi,10903,10783,12,108,18/02/2021
Kancheepuram,29405,28897,64,444,18/02/2021
Kanyakumari,17004,16675,69,260,18/02/2021
Karur,5480,5387,43,50,18/02/2021
Krishnagiri,8127,7982,27,118,18/02/2021
Madurai,21175,20642,73,460,18/02/2021
Nagapattinam,8559,8370,56,133,18/02/2021
Namakkal,11761,11604,46,111,18/02/2021
Nilgiris,8297,8201,48,48,18/02/2021
Perambalur,2281,2253,7,21,18/02/2021
Pudukottai,11627,11440,31,156,18/02/2021
Ramanathapuram,6447,6295,15,137,18/02/2021
Ranipet,16200,15977,34,189,18/02/2021
Salem,32620,32098,56,466,18/02/2021
Sivagangai,6739,6559,54,126,18/02/2021
Tenkasi,8501,8294,48,159,18/02/2021
Thanjavur,17942,17593,100,249,18/02/2021
Theni,17138,16902,29,207,18/02/2021
Thirupathur,7621,7479,16,126,18/02/2021
Thiruvallur,43961,43100,165,696,18/02/2021
Thiruvannamalai,19450,19121,45,284,18/02/2021
Thiruvarur,11299,11139,50,110,18/02/2021
Thoothukudi,16331,16165,23,143,18/02/2021
Tirunelveli,15684,15416,54,214,18/02/2021
Tiruppur,18198,17867,108,223,18/02/2021
Trichy,14901,14648,69,184,18/02/2021
Vellore,20910,20499,61,350,18/02/2021
Villupuram,15242,15102,28,112,18/02/2021
Virudhunagar,16633,16379,22,232,18/02/2021
AirportSurveillance(International),946,939,6,1,18/02/2021
AirportSurveillance(Domestic),1043,1037,5,1,18/02/2021
RailwaySurveillance,428,428,0,0,18/02/2021
Ariyalur,4720,4660,11,49,19/02/2021
Chengalpattu,52356,51206,374,776,19/02/2021
Chennai,234072,228315,1623,4134,19/02/2021
Coimbatore,55368,54282,407,679,19/02/2021
Cuddalore,25102,24729,86,287,19/02/2021
Dharmapuri,6642,6557,30,55,19/02/2021
Dindigul,11396,11142,55,199,19/02/2021
Erode,14692,14411,131,150,19/02/2021
Kallakurichi,10903,10784,11,108,19/02/2021
Kancheepuram,29421,28910,66,445,19/02/2021
Kanyakumari,17014,16685,68,261,19/02/2021
Karur,5483,5390,43,50,19/02/2021
Krishnagiri,8129,7984,27,118,19/02/2021
Madurai,21181,20649,72,460,19/02/2021
Nagapattinam,8562,8374,55,133,19/02/2021
Namakkal,11765,11610,44,111,19/02/2021
Nilgiris,8308,8204,56,48,19/02/2021
Perambalur,2281,2254,6,21,19/02/2021
Pudukottai,11628,11445,26,157,19/02/2021
Ramanathapuram,6450,6299,14,137,19/02/2021
Ranipet,16201,15982,30,189,19/02/2021
Salem,32632,32113,53,466,19/02/2021
Sivagangai,6740,6566,48,126,19/02/2021
Tenkasi,8504,8301,44,159,19/02/2021
Thanjavur,17954,17604,101,249,19/02/2021
Theni,17140,16908,25,207,19/02/2021
Thirupathur,7622,7481,15,126,19/02/2021
Thiruvallur,43992,43136,160,696,19/02/2021
Thiruvannamalai,19455,19126,45,284,19/02/2021
Thiruvarur,11309,11145,53,111,19/02/2021
Thoothukudi,16333,16167,23,143,19/02/2021
Tirunelveli,15689,15422,53,214,19/02/2021
Tiruppur,18214,17879,112,223,19/02/2021
Trichy,14912,14661,67,184,19/02/2021
Vellore,20917,20510,57,350,19/02/2021
Villupuram,15245,15107,26,112,19/02/2021
Virudhunagar,16636,16385,19,232,19/02/2021
AirportSurveillance(International),946,939,6,1,19/02/2021
AirportSurveillance(Domestic),1043,1037,5,1,19/02/2021
RailwaySurveillance,428,428,0,0,19/02/2021
Ariyalur,4722,4662,11,49,20/02/2021
Chengalpattu,52406,51241,388,777,20/02/2021
Chennai,234191,228460,1594,4137,20/02/2021
Coimbatore,55415,54328,408,679,20/02/2021
Cuddalore,25107,24744,76,287,20/02/2021
Dharmapuri,6643,6560,28,55,20/02/2021
Dindigul,11402,11148,55,199,20/02/2021
Erode,14705,14423,132,150,20/02/2021
Kallakurichi,10904,10785,11,108,20/02/2021
Kancheepuram,29444,28919,80,445,20/02/2021
Kanyakumari,17022,16704,57,261,20/02/2021
Karur,5485,5393,42,50,20/02/2021
Krishnagiri,8133,7985,30,118,20/02/2021
Madurai,21186,20657,69,460,20/02/2021
Nagapattinam,8564,8380,51,133,20/02/2021
Namakkal,11768,11617,40,111,20/02/2021
Nilgiris,8318,8209,61,48,20/02/2021
Perambalur,2281,2254,6,21,20/02/2021
Pudukottai,11630,11447,26,157,20/02/2021
Ramanathapuram,6453,6302,14,137,20/02/2021
Ranipet,16202,15985,28,189,20/02/2021
Salem,32649,32123,60,466,20/02/2021
Sivagangai,6749,6574,49,126,20/02/2021
Tenkasi,8506,8307,40,159,20/02/2021
Thanjavur,17969,17619,100,250,20/02/2021
Theni,17141,16916,18,207,20/02/2021
Thirupathur,7624,7484,14,126,20/02/2021
Thiruvallur,44028,43163,169,696,20/02/2021
Thiruvannamalai,19459,19129,46,284,20/02/2021
Thiruvarur,11317,11150,56,111,20/02/2021
Thoothukudi,16334,16171,20,143,20/02/2021
Tirunelveli,15693,15430,49,214,20/02/2021
Tiruppur,18231,17889,119,223,20/02/2021
Trichy,14919,14669,66,184,20/02/2021
Vellore,20922,20517,55,350,20/02/2021
Villupuram,15245,15109,23,113,20/02/2021
Virudhunagar,16639,16389,18,232,20/02/2021
AirportSurveillance(International),946,939,6,1,20/02/2021
AirportSurveillance(Domestic),1043,1037,5,1,20/02/2021
RailwaySurveillance,428,428,0,0,20/02/2021
Ariyalur,4725,4664,12,49,21/02/2021
Chengalpattu,52446,51281,388,777,21/02/2021
Chennai,234345,228580,1627,4138,21/02/2021
Coimbatore,55460,54375,406,679,21/02/2021
Cuddalore,25110,24760,63,287,21/02/2021
Dharmapuri,6644,6564,25,55,21/02/2021
Dindigul,11407,11153,54,200,21/02/2021
Erode,14719,14438,131,150,21/02/2021
Kallakurichi,10905,10788,9,108,21/02/2021
Kancheepuram,29462,28930,87,445,21/02/2021
Kanyakumari,17035,16719,55,261,21/02/2021
Karur,5487,5398,39,50,21/02/2021
Krishnagiri,8135,7989,28,118,21/02/2021
Madurai,21193,20669,64,460,21/02/2021
Nagapattinam,8568,8387,48,133,21/02/2021
Namakkal,11773,11622,40,111,21/02/2021
Nilgiris,8326,8215,63,48,21/02/2021
Perambalur,2281,2255,5,21,21/02/2021
Pudukottai,11632,11452,23,157,21/02/2021
Ramanathapuram,6455,6306,12,137,21/02/2021
Ranipet,16204,15991,24,189,21/02/2021
Salem,32664,32134,64,466,21/02/2021
Sivagangai,6756,6580,50,126,21/02/2021
Tenkasi,8507,8314,34,159,21/02/2021
Thanjavur,17987,17635,102,250,21/02/2021
Theni,17143,16924,12,207,21/02/2021
Thirupathur,7626,7488,12,126,21/02/2021
Thiruvallur,44058,43186,176,696,21/02/2021
Thiruvannamalai,19461,19136,41,284,21/02/2021
Thiruvarur,11321,11156,54,111,21/02/2021
Thoothukudi,16335,16174,18,143,21/02/2021
Tirunelveli,15699,15434,51,214,21/02/2021
Tiruppur,18245,17898,123,224,21/02/2021
Trichy,14926,14675,67,184,21/02/2021
Vellore,20929,20525,54,350,21/02/2021
Villupuram,15247,15112,22,113,21/02/2021
Virudhunagar,16642,16395,15,232,21/02/2021
AirportSurveillance(International),946,939,6,1,21/02/2021
AirportSurveillance(Domestic),1043,1037,5,1,21/02/2021
RailwaySurveillance,428,428,0,0,21/02/2021
Ariyalur,4728,4665,14,49,22/02/2021
Chengalpattu,52497,51328,391,778,22/02/2021
Chennai,234491,228697,1652,4142,22/02/2021
Coimbatore,55502,54419,403,680,22/02/2021
Cuddalore,25119,24772,60,287,22/02/2021
Dharmapuri,6647,6567,25,55,22/02/2021
Dindigul,11415,11160,55,200,22/02/2021
Erode,14733,14455,128,150,22/02/2021
Kallakurichi,10905,10789,8,108,22/02/2021
Kancheepuram,29467,28942,80,445,22/02/2021
Kanyakumari,17045,16725,59,261,22/02/2021
Karur,5488,5402,36,50,22/02/2021
Krishnagiri,8140,7994,28,118,22/02/2021
Madurai,21200,20680,60,460,22/02/2021
Nagapattinam,8573,8392,48,133,22/02/2021
Namakkal,11779,11628,40,111,22/02/2021
Nilgiris,8331,8219,64,48,22/02/2021
Perambalur,2282,2258,3,21,22/02/2021
Pudukottai,11635,11456,22,157,22/02/2021
Ramanathapuram,6461,6309,15,137,22/02/2021
Ranipet,16209,15998,22,189,22/02/2021
Salem,32678,32144,68,466,22/02/2021
Sivagangai,6764,6585,53,126,22/02/2021
Tenkasi,8512,8319,34,159,22/02/2021
Thanjavur,18002,17656,96,250,22/02/2021
Theni,17146,16929,10,207,22/02/2021
Thirupathur,7627,7491,10,126,22/02/2021
Thiruvallur,44078,43214,168,696,22/02/2021
Thiruvannamalai,19464,19144,36,284,22/02/2021
Thiruvarur,11326,11163,52,111,22/02/2021
Thoothukudi,16339,16175,21,143,22/02/2021
Tirunelveli,15700,15439,47,214,22/02/2021
Tiruppur,18259,17912,123,224,22/02/2021
Trichy,14929,14684,61,184,22/02/2021
Vellore,20941,20538,53,350,22/02/2021
Villupuram,15251,15116,22,113,22/02/2021
Virudhunagar,16644,16399,13,232,22/02/2021
AirportSurveillance(International),946,939,6,1,22/02/2021
AirportSurveillance(Domestic),1043,1037,5,1,22/02/2021
RailwaySurveillance,428,428,0,0,22/02/2021
Ariyalur,4730,4666,15,49,23/02/2021
Chengalpattu,52543,51383,381,779,23/02/2021
Chennai,234652,228810,1700,4142,23/02/2021
Coimbatore,55544,54460,402,682,23/02/2021
Cuddalore,25124,24783,54,287,23/02/2021
Dharmapuri,6649,6571,23,55,23/02/2021
Dindigul,11425,11169,56,200,23/02/2021
Erode,14745,14471,124,150,23/02/2021
Kallakurichi,10905,10791,6,108,23/02/2021
Kancheepuram,29477,28957,74,446,23/02/2021
Kanyakumari,17056,16732,63,261,23/02/2021
Karur,5491,5408,33,50,23/02/2021
Krishnagiri,8144,7998,28,118,23/02/2021
Madurai,21206,20689,57,460,23/02/2021
Nagapattinam,8577,8398,46,133,23/02/2021
Namakkal,11785,11635,39,111,23/02/2021
Nilgiris,8335,8224,63,48,23/02/2021
Perambalur,2282,2258,3,21,23/02/2021
Pudukottai,11638,11459,22,157,23/02/2021
Ramanathapuram,6464,6311,16,137,23/02/2021
Ranipet,16210,16004,17,189,23/02/2021
Salem,32690,32153,71,466,23/02/2021
Sivagangai,6769,6590,53,126,23/02/2021
Tenkasi,8516,8323,34,159,23/02/2021
Thanjavur,18017,17675,92,250,23/02/2021
Theni,17148,16932,9,207,23/02/2021
Thirupathur,7629,7493,10,126,23/02/2021
Thiruvallur,44088,43239,151,698,23/02/2021
Thiruvannamalai,19469,19153,32,284,23/02/2021
Thiruvarur,11332,11169,52,111,23/02/2021
Thoothukudi,16341,16179,19,143,23/02/2021
Tirunelveli,15710,15443,53,214,23/02/2021
Tiruppur,18271,17927,120,224,23/02/2021
Trichy,14938,14695,59,184,23/02/2021
Vellore,20949,20548,51,350,23/02/2021
Villupuram,15254,15119,22,113,23/02/2021
Virudhunagar,16645,16401,12,232,23/02/2021
AirportSurveillance(International),947,939,7,1,23/02/2021
AirportSurveillance(Domestic),1043,1037,5,1,23/02/2021
RailwaySurveillance,428,428,0,0,23/02/2021
Ariyalur,4733,4667,17,49,24/02/2021
Chengalpattu,52573,51436,357,780,24/02/2021
Chennai,234837,228942,1750,4145,24/02/2021
Coimbatore,55590,54509,399,682,24/02/2021
Cuddalore,25132,24792,53,287,24/02/2021
Dharmapuri,6650,6574,21,55,24/02/2021
Dindigul,11436,11180,56,200,24/02/2021
Erode,14756,14486,120,150,24/02/2021
Kallakurichi,10905,10793,4,108,24/02/2021
Kancheepuram,29490,28973,71,446,24/02/2021
Kanyakumari,17063,16740,62,261,24/02/2021
Karur,5494,5413,31,50,24/02/2021
Krishnagiri,8150,8001,31,118,24/02/2021
Madurai,21212,20697,55,460,24/02/2021
Nagapattinam,8583,8402,48,133,24/02/2021
Namakkal,11791,11641,39,111,24/02/2021
Nilgiris,8339,8228,63,48,24/02/2021
Perambalur,2283,2258,4,21,24/02/2021
Pudukottai,11643,11465,21,157,24/02/2021
Ramanathapuram,6466,6314,15,137,24/02/2021
Ranipet,16218,16008,21,189,24/02/2021
Salem,32699,32161,71,467,24/02/2021
Sivagangai,6771,6597,48,126,24/02/2021
Tenkasi,8521,8326,36,159,24/02/2021
Thanjavur,18033,17691,90,252,24/02/2021
Theni,17151,16934,10,207,24/02/2021
Thirupathur,7630,7495,9,126,24/02/2021
Thiruvallur,44107,43262,147,698,24/02/2021
Thiruvannamalai,19472,19160,28,284,24/02/2021
Thiruvarur,11335,11176,48,111,24/02/2021
Thoothukudi,16347,16182,22,143,24/02/2021
Tirunelveli,15713,15448,51,214,24/02/2021
Tiruppur,18286,17945,117,224,24/02/2021
Trichy,14941,14709,49,183,24/02/2021
Vellore,20956,20557,49,350,24/02/2021
Villupuram,15255,15121,21,113,24/02/2021
Virudhunagar,16650,16402,16,232,24/02/2021
AirportSurveillance(International),947,939,7,1,24/02/2021
AirportSurveillance(Domestic),1043,1037,5,1,24/02/2021
RailwaySurveillance,428,428,0,0,24/02/2021
Ariyalur,4734,4668,17,49,25/02/2021
Chengalpattu,52618,51491,347,780,25/02/2021
Chennai,235005,229080,1777,4148,25/02/2021
Coimbatore,55630,54556,391,683,25/02/2021
Cuddalore,25141,24799,55,287,25/02/2021
Dharmapuri,6651,6576,20,55,25/02/2021
Dindigul,11448,11192,56,200,25/02/2021
Erode,14769,14503,116,150,25/02/2021
Kallakurichi,10905,10794,3,108,25/02/2021
Kancheepuram,29502,28986,70,446,25/02/2021
Kanyakumari,17069,16746,62,261,25/02/2021
Karur,5497,5417,30,50,25/02/2021
Krishnagiri,8155,8006,31,118,25/02/2021
Madurai,21220,20706,54,460,25/02/2021
Nagapattinam,8587,8408,46,133,25/02/2021
Namakkal,11795,11646,38,111,25/02/2021
Nilgiris,8340,8233,59,48,25/02/2021
Perambalur,2283,2258,4,21,25/02/2021
Pudukottai,11646,11470,19,157,25/02/2021
Ramanathapuram,6467,6316,14,137,25/02/2021
Ranipet,16220,16013,18,189,25/02/2021
Salem,32709,32171,71,467,25/02/2021
Sivagangai,6774,6603,45,126,25/02/2021
Tenkasi,8532,8331,42,159,25/02/2021
Thanjavur,18047,17706,88,253,25/02/2021
Theni,17152,16936,9,207,25/02/2021
Thirupathur,7631,7496,9,126,25/02/2021
Thiruvallur,44142,43289,155,698,25/02/2021
Thiruvannamalai,19473,19165,24,284,25/02/2021
Thiruvarur,11339,11182,46,111,25/02/2021
Thoothukudi,16349,16184,22,143,25/02/2021
Tirunelveli,15723,15452,57,214,25/02/2021
Tiruppur,18303,17962,117,224,25/02/2021
Trichy,14949,14721,45,183,25/02/2021
Vellore,20962,20565,47,350,25/02/2021
Villupuram,15256,15124,19,113,25/02/2021
Virudhunagar,16654,16404,18,232,25/02/2021
AirportSurveillance(International),948,939,8,1,25/02/2021
AirportSurveillance(Domestic),1043,1038,4,1,25/02/2021
RailwaySurveillance,428,428,0,0,25/02/2021
Ariyalur,4736,4670,17,49,26/02/2021
Chengalpattu,52677,51549,348,780,26/02/2021
Chennai,235169,229233,1786,4150,26/02/2021
Coimbatore,55673,54604,386,683,26/02/2021
Cuddalore,25148,24807,54,287,26/02/2021
Dharmapuri,6652,6579,18,55,26/02/2021
Dindigul,11460,11203,57,200,26/02/2021
Erode,14776,14519,107,150,26/02/2021
Kallakurichi,10907,10795,4,108,26/02/2021
Kancheepuram,29508,28997,64,447,26/02/2021
Kanyakumari,17070,16753,56,261,26/02/2021
Karur,5498,5422,26,50,26/02/2021
Krishnagiri,8158,8010,30,118,26/02/2021
Madurai,21225,20714,51,460,26/02/2021
Nagapattinam,8595,8416,46,133,26/02/2021
Namakkal,11799,11652,36,111,26/02/2021
Nilgiris,8344,8237,59,48,26/02/2021
Perambalur,2283,2258,4,21,26/02/2021
Pudukottai,11647,11474,16,157,26/02/2021
Ramanathapuram,6469,6318,14,137,26/02/2021
Ranipet,16234,16019,26,189,26/02/2021
Salem,32722,32183,72,467,26/02/2021
Sivagangai,6774,6608,40,126,26/02/2021
Tenkasi,8542,8335,48,159,26/02/2021
Thanjavur,18069,17718,96,255,26/02/2021
Theni,17153,16937,9,207,26/02/2021
Thirupathur,7632,7498,8,126,26/02/2021
Thiruvallur,44163,43310,155,698,26/02/2021
Thiruvannamalai,19492,19169,39,284,26/02/2021
Thiruvarur,11342,11189,42,111,26/02/2021
Thoothukudi,16351,16187,21,143,26/02/2021
Tirunelveli,15724,15457,53,214,26/02/2021
Tiruppur,18322,17978,120,224,26/02/2021
Trichy,14961,14732,46,183,26/02/2021
Vellore,20965,20575,40,350,26/02/2021
Villupuram,15258,15126,19,113,26/02/2021
Virudhunagar,16659,16407,20,232,26/02/2021
AirportSurveillance(International),949,939,9,1,26/02/2021
AirportSurveillance(Domestic),1043,1038,4,1,26/02/2021
RailwaySurveillance,428,428,0,0,26/02/2021
Ariyalur,4737,4672,16,49,27/02/2021
Chengalpattu,52719,51603,336,780,27/02/2021
Chennai,235350,229424,1774,4152,27/02/2021
Coimbatore,55713,54648,382,683,27/02/2021
Cuddalore,25154,24817,50,287,27/02/2021
Dharmapuri,6652,6581,16,55,27/02/2021
Dindigul,11473,11213,60,200,27/02/2021
Erode,14782,14534,98,150,27/02/2021
Kallakurichi,10907,10795,4,108,27/02/2021
Kancheepuram,29524,29006,71,447,27/02/2021
Kanyakumari,17072,16761,50,261,27/02/2021
Karur,5502,5426,26,50,27/02/2021
Krishnagiri,8162,8015,29,118,27/02/2021
Madurai,21233,20723,50,460,27/02/2021
Nagapattinam,8599,8425,41,133,27/02/2021
Namakkal,11803,11659,33,111,27/02/2021
Nilgiris,8346,8240,58,48,27/02/2021
Perambalur,2284,2259,4,21,27/02/2021
Pudukottai,11649,11476,16,157,27/02/2021
Ramanathapuram,6471,6321,13,137,27/02/2021
Ranipet,16239,16023,27,189,27/02/2021
Salem,32735,32196,72,467,27/02/2021
Sivagangai,6779,6611,42,126,27/02/2021
Tenkasi,8545,8341,45,159,27/02/2021
Thanjavur,18098,17726,116,256,27/02/2021
Theni,17154,16938,9,207,27/02/2021
Thirupathur,7632,7499,7,126,27/02/2021
Thiruvallur,44200,43329,172,699,27/02/2021
Thiruvannamalai,19493,19175,34,284,27/02/2021
Thiruvarur,11346,11194,41,111,27/02/2021
Thoothukudi,16353,16191,19,143,27/02/2021
Tirunelveli,15728,15459,55,214,27/02/2021
Tiruppur,18336,17990,122,224,27/02/2021
Trichy,14974,14738,53,183,27/02/2021
Vellore,20975,20581,43,351,27/02/2021
Villupuram,15261,15129,19,113,27/02/2021
Virudhunagar,16662,16411,19,232,27/02/2021
AirportSurveillance(International),950,939,10,1,27/02/2021
AirportSurveillance(Domestic),1043,1038,4,1,27/02/2021
RailwaySurveillance,428,428,0,0,27/02/2021
Ariyalur,4739,4674,16,49,28/02/2021
Chengalpattu,52765,51654,331,780,28/02/2021
Chennai,235532,229603,1776,4153,28/02/2021
Coimbatore,55755,54695,377,683,28/02/2021
Cuddalore,25163,24823,52,288,28/02/2021
Dharmapuri,6654,6584,15,55,28/02/2021
Dindigul,11483,11225,58,200,28/02/2021
Erode,14793,14547,96,150,28/02/2021
Kallakurichi,10907,10795,4,108,28/02/2021
Kancheepuram,29544,29020,77,447,28/02/2021
Kanyakumari,17077,16770,46,261,28/02/2021
Karur,5503,5431,21,51,28/02/2021
Krishnagiri,8165,8019,28,118,28/02/2021
Madurai,21241,20731,50,460,28/02/2021
Nagapattinam,8603,8432,38,133,28/02/2021
Namakkal,11805,11665,29,111,28/02/2021
Nilgiris,8352,8244,60,48,28/02/2021
Perambalur,2284,2259,4,21,28/02/2021
Pudukottai,11652,11478,17,157,28/02/2021
Ramanathapuram,6472,6322,13,137,28/02/2021
Ranipet,16241,16028,24,189,28/02/2021
Salem,32746,32211,68,467,28/02/2021
Sivagangai,6786,6615,45,126,28/02/2021
Tenkasi,8547,8344,44,159,28/02/2021
Thanjavur,18113,17736,121,256,28/02/2021
Theni,17156,16939,10,207,28/02/2021
Thirupathur,7633,7500,7,126,28/02/2021
Thiruvallur,44230,43353,178,699,28/02/2021
Thiruvannamalai,19495,19179,32,284,28/02/2021
Thiruvarur,11353,11202,40,111,28/02/2021
Thoothukudi,16355,16194,18,143,28/02/2021
Tirunelveli,15733,15463,56,214,28/02/2021
Tiruppur,18347,18008,115,224,28/02/2021
Trichy,14984,14745,56,183,28/02/2021
Vellore,20984,20586,47,351,28/02/2021
Villupuram,15265,15131,21,113,28/02/2021
Virudhunagar,16664,16414,18,232,28/02/2021
AirportSurveillance(International),950,939,10,1,28/02/2021
AirportSurveillance(Domestic),1043,1038,4,1,28/02/2021
RailwaySurveillance,428,428,0,0,28/02/2021
Ariyalur,4717,4657,11,49,17/02/2021
Chengalpattu,52216,51126,314,776,17/02/2021
Chennai,233779,228048,1604,4127,17/02/2021
Coimbatore,55278,54182,417,679,17/02/2021
Cuddalore,25090,24714,89,287,17/02/2021
Dharmapuri,6635,6552,28,55,17/02/2021
Dindigul,11389,11130,60,199,17/02/2021
Erode,14658,14377,131,150,17/02/2021
Kallakurichi,10903,10781,14,108,17/02/2021
Kancheepuram,29432,28888,100,444,17/02/2021
Kanyakumari,16996,16668,68,260,17/02/2021
Karur,5477,5383,44,50,17/02/2021
Krishnagiri,8125,7981,26,118,17/02/2021
Madurai,21173,20634,79,460,17/02/2021
Nagapattinam,8557,8364,60,133,17/02/2021
Namakkal,11756,11596,49,111,17/02/2021
Nilgiris,8288,8197,43,48,17/02/2021
Perambalur,2281,2252,8,21,17/02/2021
Pudukottai,11622,11436,30,156,17/02/2021
Ramanathapuram,6443,6292,14,137,17/02/2021
Ranipet,16197,15974,34,189,17/02/2021
Salem,32611,32085,60,466,17/02/2021
Sivagangai,6731,6557,48,126,17/02/2021
Tenkasi,8499,8291,49,159,17/02/2021
Thanjavur,17935,17577,109,249,17/02/2021
Theni,17137,16900,30,207,17/02/2021
Thirupathur,7619,7477,16,126,17/02/2021
Thiruvallur,43935,43060,180,695,17/02/2021
Thiruvannamalai,19441,19117,40,284,17/02/2021
Thiruvarur,11293,11136,47,110,17/02/2021
Thoothukudi,16328,16162,23,143,17/02/2021
Tirunelveli,15678,15410,54,214,17/02/2021
Tiruppur,18185,17853,109,223,17/02/2021
Trichy,14893,14629,81,183,17/02/2021
Vellore,20899,20486,63,350,17/02/2021
Villupuram,15240,15099,29,112,17/02/2021
Virudhunagar,16629,16375,22,232,17/02/2021
AirportSurveillance(International),946,939,6,1,17/02/2021
AirportSurveillance(Domestic),1041,1037,3,1,17/02/2021
RailwaySurveillance,428,428,0,0,17/02/2021
