Ariyalur,4637,4575,14,48,01/01/2021
Chengalpattu,50090,48764,582,744,01/01/2021
Chennai,225758,219216,2528,4014,01/01/2021
Coimbatore,52418,50966,798,654,01/01/2021
Cuddalore,24695,24277,135,283,01/01/2021
Dharmapuri,6423,6282,88,53,01/01/2021
Dindigul,10961,10610,154,197,01/01/2021
Erode,13721,13288,289,144,01/01/2021
Kallakurichi,10802,10677,17,108,01/01/2021
Kancheepuram,28732,28041,257,434,01/01/2021
Kanyakumari,16365,15969,140,256,01/01/2021
Karur,5177,5050,77,50,01/01/2021
Krishnagiri,7885,7668,101,116,01/01/2021
Madurai,20548,19939,156,453,01/01/2021
Nagapattinam,8164,7904,132,128,01/01/2021
Namakkal,11228,10933,186,109,01/01/2021
Nilgiris,7956,7794,116,46,01/01/2021
Perambalur,2257,2233,3,21,01/01/2021
Pudukottai,11412,11198,59,155,01/01/2021
Ramanathapuram,6324,6165,26,133,01/01/2021
Ranipet,15919,15680,58,181,01/01/2021
Salem,31626,30823,342,461,01/01/2021
Sivagangai,6539,6346,67,126,01/01/2021
Tenkasi,8272,8064,50,158,01/01/2021
Thanjavur,17201,16727,236,238,01/01/2021
Theni,16902,16637,61,204,01/01/2021
Thirupathur,7450,7273,52,125,01/01/2021
Thiruvallur,42682,41633,370,679,01/01/2021
Thiruvannamalai,19160,18805,73,282,01/01/2021
Thiruvarur,10942,10733,100,109,01/01/2021
Thoothukudi,16084,15861,82,141,01/01/2021
Tirunelveli,15303,14971,121,211,01/01/2021
Tiruppur,17102,16581,304,217,01/01/2021
Trichy,14203,13826,201,176,01/01/2021
Vellore,20243,19720,183,340,01/01/2021
Villupuram,15012,14791,111,110,01/01/2021
Virudhunagar,16358,16025,104,229,01/01/2021
AirportSurveillance(International),930,925,4,1,01/01/2021
AirportSurveillance(Domestic),1026,1022,3,1,01/01/2021
RailwaySurveillance,428,428,0,0,01/01/2021
Ariyalur,4633,4577,8,48,02/01/2021
Chengalpattu,50159,48840,575,744,02/01/2021
Chennai,225998,219518,2462,4018,02/01/2021
Coimbatore,52496,51063,779,654,02/01/2021
Cuddalore,24707,24292,132,283,02/01/2021
Dharmapuri,6435,6290,92,53,02/01/2021
Dindigul,10981,10631,153,197,02/01/2021
Erode,13756,13313,299,144,02/01/2021
Kallakurichi,10802,10679,15,108,02/01/2021
Kancheepuram,28762,28065,263,434,02/01/2021
Kanyakumari,16387,15980,151,256,02/01/2021
Karur,5191,5055,86,50,02/01/2021
Krishnagiri,7889,7692,81,116,02/01/2021
Madurai,20573,19959,161,453,02/01/2021
Nagapattinam,8182,7917,134,131,02/01/2021
Namakkal,11250,10951,190,109,02/01/2021
Nilgiris,7968,7807,115,46,02/01/2021
Perambalur,2258,2233,4,21,02/01/2021
Pudukottai,11419,11203,61,155,02/01/2021
Ramanathapuram,6328,6167,27,134,02/01/2021
Ranipet,15927,15691,55,181,02/01/2021
Salem,31657,30864,331,462,02/01/2021
Sivagangai,6543,6352,65,126,02/01/2021
Tenkasi,8277,8070,49,158,02/01/2021
Thanjavur,17236,16754,244,238,02/01/2021
Theni,16914,16639,71,204,02/01/2021
Thirupathur,7464,7275,64,125,02/01/2021
Thiruvallur,42728,41688,361,679,02/01/2021
Thiruvannamalai,19169,18818,69,282,02/01/2021
Thiruvarur,10948,10749,90,109,02/01/2021
Thoothukudi,16092,15867,84,141,02/01/2021
Tirunelveli,15314,14985,118,211,02/01/2021
Tiruppur,17144,16633,292,219,02/01/2021
Trichy,14221,13852,193,176,02/01/2021
Vellore,20266,19741,185,340,02/01/2021
Villupuram,15023,14804,109,110,02/01/2021
Virudhunagar,16364,16038,97,229,02/01/2021
AirportSurveillance(International),930,925,4,1,02/01/2021
AirportSurveillance(Domestic),1026,1022,3,1,02/01/2021
RailwaySurveillance,428,428,0,0,02/01/2021
Ariyalur,4633,4580,5,48,03/01/2021
Chengalpattu,50208,48936,528,744,03/01/2021
Chennai,226234,219805,2406,4023,03/01/2021
Coimbatore,52565,51157,753,655,03/01/2021
Cuddalore,24720,24305,132,283,03/01/2021
Dharmapuri,6443,6296,93,54,03/01/2021
Dindigul,10989,10647,145,197,03/01/2021
Erode,13795,13342,309,144,03/01/2021
Kallakurichi,10808,10680,20,108,03/01/2021
Kancheepuram,28794,28093,267,434,03/01/2021
Kanyakumari,16407,15992,159,256,03/01/2021
Karur,5207,5066,91,50,03/01/2021
Krishnagiri,7897,7706,75,116,03/01/2021
Madurai,20592,19976,163,453,03/01/2021
Nagapattinam,8192,7932,129,131,03/01/2021
Namakkal,11266,10977,180,109,03/01/2021
Nilgiris,7976,7820,110,46,03/01/2021
Perambalur,2258,2234,3,21,03/01/2021
Pudukottai,11425,11210,60,155,03/01/2021
Ramanathapuram,6334,6168,32,134,03/01/2021
Ranipet,15935,15697,56,182,03/01/2021
Salem,31703,30920,321,462,03/01/2021
Sivagangai,6546,6362,58,126,03/01/2021
Tenkasi,8285,8071,56,158,03/01/2021
Thanjavur,17259,16776,245,238,03/01/2021
Theni,16922,16642,76,204,03/01/2021
Thirupathur,7473,7279,69,125,03/01/2021
Thiruvallur,42773,41746,347,680,03/01/2021
Thiruvannamalai,19181,18824,74,283,03/01/2021
Thiruvarur,10958,10754,95,109,03/01/2021
Thoothukudi,16101,15873,87,141,03/01/2021
Tirunelveli,15328,15007,110,211,03/01/2021
Tiruppur,17170,16668,283,219,03/01/2021
Trichy,14248,13876,196,176,03/01/2021
Vellore,20283,19767,176,340,03/01/2021
Villupuram,15035,14821,104,110,03/01/2021
Virudhunagar,16385,16049,107,229,03/01/2021
AirportSurveillance(International),930,925,4,1,03/01/2021
AirportSurveillance(Domestic),1026,1022,3,1,03/01/2021
RailwaySurveillance,428,428,0,0,03/01/2021
Ariyalur,4637,4581,8,48,04/01/2021
Chengalpattu,50260,49034,480,746,04/01/2021
Chennai,226456,220072,2359,4025,04/01/2021
Coimbatore,52649,51251,742,656,04/01/2021
Cuddalore,24730,24311,136,283,04/01/2021
Dharmapuri,6451,6307,90,54,04/01/2021
Dindigul,11002,10666,139,197,04/01/2021
Erode,13820,13379,296,145,04/01/2021
Kallakurichi,10815,10685,22,108,04/01/2021
Kancheepuram,28818,28124,260,434,04/01/2021
Kanyakumari,16431,16001,174,256,04/01/2021
Karur,5225,5078,97,50,04/01/2021
Krishnagiri,7904,7721,66,117,04/01/2021
Madurai,20612,19996,163,453,04/01/2021
Nagapattinam,8211,7945,135,131,04/01/2021
Namakkal,11272,10995,168,109,04/01/2021
Nilgiris,7993,7839,108,46,04/01/2021
Perambalur,2257,2234,2,21,04/01/2021
Pudukottai,11430,11221,54,155,04/01/2021
Ramanathapuram,6338,6173,31,134,04/01/2021
Ranipet,15944,15702,60,182,04/01/2021
Salem,31742,30966,313,463,04/01/2021
Sivagangai,6551,6373,52,126,04/01/2021
Tenkasi,8291,8076,57,158,04/01/2021
Thanjavur,17279,16804,236,239,04/01/2021
Theni,16933,16648,81,204,04/01/2021
Thirupathur,7478,7288,65,125,04/01/2021
Thiruvallur,42809,41798,331,680,04/01/2021
Thiruvannamalai,19192,18829,80,283,04/01/2021
Thiruvarur,10972,10761,102,109,04/01/2021
Thoothukudi,16110,15882,87,141,04/01/2021
Tirunelveli,15337,15015,110,212,04/01/2021
Tiruppur,17210,16699,292,219,04/01/2021
Trichy,14263,13898,189,176,04/01/2021
Vellore,20298,19792,166,340,04/01/2021
Villupuram,15047,14830,107,110,04/01/2021
Virudhunagar,16399,16065,105,229,04/01/2021
AirportSurveillance(International),930,925,4,1,04/01/2021
AirportSurveillance(Domestic),1026,1022,3,1,04/01/2021
RailwaySurveillance,428,428,0,0,04/01/2021
Ariyalur,4642,4583,11,48,05/01/2021
Chengalpattu,50319,49125,447,747,05/01/2021
Chennai,226700,220328,2342,4030,05/01/2021
Coimbatore,52732,51337,738,657,05/01/2021
Cuddalore,24745,24322,140,283,05/01/2021
Dharmapuri,6463,6313,96,54,05/01/2021
Dindigul,11012,10686,129,197,05/01/2021
Erode,13851,13411,295,145,05/01/2021
Kallakurichi,10820,10687,25,108,05/01/2021
Kancheepuram,28837,28154,249,434,05/01/2021
Kanyakumari,16453,16017,180,256,05/01/2021
Karur,5235,5085,100,50,05/01/2021
Krishnagiri,7913,7735,61,117,05/01/2021
Madurai,20627,20012,160,455,05/01/2021
Nagapattinam,8220,7960,129,131,05/01/2021
Namakkal,11295,11012,173,110,05/01/2021
Nilgiris,8002,7854,102,46,05/01/2021
Perambalur,2258,2234,3,21,05/01/2021
Pudukottai,11436,11226,55,155,05/01/2021
Ramanathapuram,6341,6177,30,134,05/01/2021
Ranipet,15954,15705,67,182,05/01/2021
Salem,31771,31013,294,464,05/01/2021
Sivagangai,6557,6379,52,126,05/01/2021
Tenkasi,8298,8086,54,158,05/01/2021
Thanjavur,17287,16840,208,239,05/01/2021
Theni,16937,16660,73,204,05/01/2021
Thirupathur,7482,7295,62,125,05/01/2021
Thiruvallur,42849,41852,317,680,05/01/2021
Thiruvannamalai,19203,18835,85,283,05/01/2021
Thiruvarur,10982,10776,97,109,05/01/2021
Thoothukudi,16122,15890,91,141,05/01/2021
Tirunelveli,15344,15024,108,212,05/01/2021
Tiruppur,17237,16731,287,219,05/01/2021
Trichy,14290,13927,187,176,05/01/2021
Vellore,20309,19816,153,340,05/01/2021
Villupuram,15055,14846,99,110,05/01/2021
Virudhunagar,16408,16077,102,229,05/01/2021
AirportSurveillance(International),930,925,4,1,05/01/2021
AirportSurveillance(Domestic),1026,1022,3,1,05/01/2021
RailwaySurveillance,428,428,0,0,05/01/2021
Ariyalur,4644,4584,11,49,06/01/2021
Chengalpattu,50362,49200,413,749,06/01/2021
Chennai,226937,220575,2327,4035,06/01/2021
Coimbatore,52821,51418,745,658,06/01/2021
Cuddalore,24761,24341,137,283,06/01/2021
Dharmapuri,6471,6331,86,54,06/01/2021
Dindigul,11019,10709,113,197,06/01/2021
Erode,13880,13450,285,145,06/01/2021
Kallakurichi,10822,10689,25,108,06/01/2021
Kancheepuram,28858,28179,245,434,06/01/2021
Kanyakumari,16466,16038,171,257,06/01/2021
Karur,5248,5099,99,50,06/01/2021
Krishnagiri,7921,7742,62,117,06/01/2021
Madurai,20645,20028,162,455,06/01/2021
Nagapattinam,8231,7972,128,131,06/01/2021
Namakkal,11309,11034,165,110,06/01/2021
Nilgiris,8012,7861,105,46,06/01/2021
Perambalur,2258,2235,2,21,06/01/2021
Pudukottai,11439,11233,51,155,06/01/2021
Ramanathapuram,6346,6183,29,134,06/01/2021
Ranipet,15972,15712,77,183,06/01/2021
Salem,31815,31050,301,464,06/01/2021
Sivagangai,6560,6390,44,126,06/01/2021
Tenkasi,8303,8099,46,158,06/01/2021
Thanjavur,17300,16872,189,239,06/01/2021
Theni,16942,16668,70,204,06/01/2021
Thirupathur,7488,7301,62,125,06/01/2021
Thiruvallur,42884,41895,309,680,06/01/2021
Thiruvannamalai,19212,18843,86,283,06/01/2021
Thiruvarur,10992,10787,96,109,06/01/2021
Thoothukudi,16132,15899,92,141,06/01/2021
Tirunelveli,15360,15035,113,212,06/01/2021
Tiruppur,17265,16768,278,219,06/01/2021
Trichy,14310,13953,181,176,06/01/2021
Vellore,20339,19831,168,340,06/01/2021
Villupuram,15058,14861,87,110,06/01/2021
Virudhunagar,16415,16088,98,229,06/01/2021
AirportSurveillance(International),930,925,4,1,06/01/2021
AirportSurveillance(Domestic),1026,1022,3,1,06/01/2021
RailwaySurveillance,428,428,0,0,06/01/2021
Ariyalur,4647,4585,13,49,07/01/2021
Chengalpattu,50412,49259,403,750,07/01/2021
Chennai,227145,220833,2274,4038,07/01/2021
Coimbatore,52899,51506,734,659,07/01/2021
Cuddalore,24772,24364,125,283,07/01/2021
Dharmapuri,6484,6347,83,54,07/01/2021
Dindigul,11031,10730,104,197,07/01/2021
Erode,13908,13483,280,145,07/01/2021
Kallakurichi,10826,10692,26,108,07/01/2021
Kancheepuram,28873,28209,230,434,07/01/2021
Kanyakumari,16504,16056,191,257,07/01/2021
Karur,5254,5115,89,50,07/01/2021
Krishnagiri,7930,7746,67,117,07/01/2021
Madurai,20667,20049,163,455,07/01/2021
Nagapattinam,8240,7988,121,131,07/01/2021
Namakkal,11327,11060,157,110,07/01/2021
Nilgiris,8021,7869,105,47,07/01/2021
Perambalur,2258,2235,2,21,07/01/2021
Pudukottai,11446,11236,55,155,07/01/2021
Ramanathapuram,6352,6185,33,134,07/01/2021
Ranipet,15981,15718,78,185,07/01/2021
Salem,31847,31078,305,464,07/01/2021
Sivagangai,6562,6402,34,126,07/01/2021
Tenkasi,8308,8104,46,158,07/01/2021
Thanjavur,17322,16897,186,239,07/01/2021
Theni,16950,16673,73,204,07/01/2021
Thirupathur,7491,7308,58,125,07/01/2021
Thiruvallur,42929,41919,330,680,07/01/2021
Thiruvannamalai,19222,18852,87,283,07/01/2021
Thiruvarur,11000,10803,88,109,07/01/2021
Thoothukudi,16146,15912,93,141,07/01/2021
Tirunelveli,15373,15050,111,212,07/01/2021
Tiruppur,17292,16798,274,220,07/01/2021
Trichy,14327,13980,169,178,07/01/2021
Vellore,20369,19848,180,341,07/01/2021
Villupuram,15058,14872,76,110,07/01/2021
Virudhunagar,16428,16100,99,229,07/01/2021
AirportSurveillance(International),930,926,3,1,07/01/2021
AirportSurveillance(Domestic),1027,1024,2,1,07/01/2021
RailwaySurveillance,428,428,0,0,07/01/2021
Ariyalur,4651,4586,16,49,08/01/2021
Chengalpattu,50470,49301,419,750,08/01/2021
Chennai,227353,221080,2231,4042,08/01/2021
Coimbatore,52978,51587,731,660,08/01/2021
Cuddalore,24780,24393,104,283,08/01/2021
Dharmapuri,6490,6360,76,54,08/01/2021
Dindigul,11045,10752,95,198,08/01/2021
Erode,13926,13519,261,146,08/01/2021
Kallakurichi,10831,10695,28,108,08/01/2021
Kancheepuram,28904,28235,235,434,08/01/2021
Kanyakumari,16522,16073,192,257,08/01/2021
Karur,5263,5124,89,50,08/01/2021
Krishnagiri,7938,7758,63,117,08/01/2021
Madurai,20690,20059,176,455,08/01/2021
Nagapattinam,8251,7998,122,131,08/01/2021
Namakkal,11347,11075,162,110,08/01/2021
Nilgiris,8031,7883,101,47,08/01/2021
Perambalur,2258,2235,2,21,08/01/2021
Pudukottai,11451,11243,53,155,08/01/2021
Ramanathapuram,6356,6188,34,134,08/01/2021
Ranipet,15994,15722,87,185,08/01/2021
Salem,31872,31114,294,464,08/01/2021
Sivagangai,6569,6410,33,126,08/01/2021
Tenkasi,8313,8107,48,158,08/01/2021
Thanjavur,17332,16935,158,239,08/01/2021
Theni,16957,16685,67,205,08/01/2021
Thirupathur,7499,7317,57,125,08/01/2021
Thiruvallur,42961,41946,335,680,08/01/2021
Thiruvannamalai,19231,18865,83,283,08/01/2021
Thiruvarur,11015,10821,85,109,08/01/2021
Thoothukudi,16153,15923,89,141,08/01/2021
Tirunelveli,15385,15068,105,212,08/01/2021
Tiruppur,17326,16834,272,220,08/01/2021
Trichy,14346,14002,166,178,08/01/2021
Vellore,20396,19870,185,341,08/01/2021
Villupuram,15068,14887,71,110,08/01/2021
Virudhunagar,16437,16108,100,229,08/01/2021
AirportSurveillance(International),932,926,5,1,08/01/2021
AirportSurveillance(Domestic),1027,1024,2,1,08/01/2021
RailwaySurveillance,428,428,0,0,08/01/2021
Ariyalur,4654,4588,17,49,09/01/2021
Chengalpattu,50515,49347,418,750,09/01/2021
Chennai,227575,221333,2198,4044,09/01/2021
Coimbatore,53049,51677,712,660,09/01/2021
Cuddalore,24790,24403,104,283,09/01/2021
Dharmapuri,6495,6367,74,54,09/01/2021
Dindigul,11053,10768,87,198,09/01/2021
Erode,13943,13561,236,146,09/01/2021
Kallakurichi,10836,10700,28,108,09/01/2021
Kancheepuram,28926,28256,235,435,09/01/2021
Kanyakumari,16538,16092,189,257,09/01/2021
Karur,5273,5135,88,50,09/01/2021
Krishnagiri,7945,7767,61,117,09/01/2021
Madurai,20707,20074,178,455,09/01/2021
Nagapattinam,8270,8012,127,131,09/01/2021
Namakkal,11359,11098,151,110,09/01/2021
Nilgiris,8033,7896,90,47,09/01/2021
Perambalur,2259,2236,2,21,09/01/2021
Pudukottai,11457,11246,56,155,09/01/2021
Ramanathapuram,6356,6190,32,134,09/01/2021
Ranipet,16001,15731,84,186,09/01/2021
Salem,31925,31155,306,464,09/01/2021
Sivagangai,6576,6411,39,126,09/01/2021
Tenkasi,8319,8112,49,158,09/01/2021
Thanjavur,17355,16963,152,240,09/01/2021
Theni,16965,16692,68,205,09/01/2021
Thirupathur,7503,7323,55,125,09/01/2021
Thiruvallur,42995,41973,342,680,09/01/2021
Thiruvannamalai,19238,18883,72,283,09/01/2021
Thiruvarur,11024,10836,79,109,09/01/2021
Thoothukudi,16160,15934,85,141,09/01/2021
Tirunelveli,15394,15080,102,212,09/01/2021
Tiruppur,17355,16871,264,220,09/01/2021
Trichy,14373,14023,172,178,09/01/2021
Vellore,20412,19887,182,343,09/01/2021
Villupuram,15077,14903,64,110,09/01/2021
Virudhunagar,16445,16117,99,229,09/01/2021
AirportSurveillance(International),932,926,5,1,09/01/2021
AirportSurveillance(Domestic),1027,1024,2,1,09/01/2021
RailwaySurveillance,428,428,0,0,09/01/2021
Ariyalur,4656,4589,18,49,10/01/2021
Chengalpattu,50557,49389,418,750,10/01/2021
Chennai,227800,221573,2182,4045,10/01/2021
Coimbatore,53129,51764,704,661,10/01/2021
Cuddalore,24799,24417,99,283,10/01/2021
Dharmapuri,6500,6378,68,54,10/01/2021
Dindigul,11062,10778,86,198,10/01/2021
Erode,13968,13597,225,146,10/01/2021
Kallakurichi,10836,10702,26,108,10/01/2021
Kancheepuram,28946,28285,226,435,10/01/2021
Kanyakumari,16558,16115,186,257,10/01/2021
Karur,5282,5148,84,50,10/01/2021
Krishnagiri,7951,7771,63,117,10/01/2021
Madurai,20717,20097,165,455,10/01/2021
Nagapattinam,8280,8031,118,131,10/01/2021
Namakkal,11376,11124,142,110,10/01/2021
Nilgiris,8046,7913,86,47,10/01/2021
Perambalur,2259,2236,2,21,10/01/2021
Pudukottai,11467,11253,59,155,10/01/2021
Ramanathapuram,6358,6192,30,136,10/01/2021
Ranipet,16007,15737,84,186,10/01/2021
Salem,31970,31185,321,464,10/01/2021
Sivagangai,6579,6414,39,126,10/01/2021
Tenkasi,8323,8118,47,158,10/01/2021
Thanjavur,17371,16989,140,242,10/01/2021
Theni,16970,16705,60,205,10/01/2021
Thirupathur,7508,7331,52,125,10/01/2021
Thiruvallur,43020,42006,333,681,10/01/2021
Thiruvannamalai,19246,18889,74,283,10/01/2021
Thiruvarur,11031,10841,81,109,10/01/2021
Thoothukudi,16167,15946,80,141,10/01/2021
Tirunelveli,15406,15094,100,212,10/01/2021
Tiruppur,17382,16910,252,220,10/01/2021
Trichy,14382,14032,172,178,10/01/2021
Vellore,20430,19910,177,343,10/01/2021
Villupuram,15079,14910,59,110,10/01/2021
Virudhunagar,16452,16128,95,229,10/01/2021
AirportSurveillance(International),936,926,9,1,10/01/2021
AirportSurveillance(Domestic),1027,1024,2,1,10/01/2021
RailwaySurveillance,428,428,0,0,10/01/2021
Ariyalur,4657,4590,18,49,11/01/2021
Chengalpattu,50609,49441,418,750,11/01/2021
Chennai,227975,221820,2107,4048,11/01/2021
Coimbatore,53200,51848,691,661,11/01/2021
Cuddalore,24805,24433,89,283,11/01/2021
Dharmapuri,6506,6387,65,54,11/01/2021
Dindigul,11071,10786,87,198,11/01/2021
Erode,13993,13632,215,146,11/01/2021
Kallakurichi,10837,10704,25,108,11/01/2021
Kancheepuram,28970,28317,218,435,11/01/2021
Kanyakumari,16578,16141,180,257,11/01/2021
Karur,5291,5163,78,50,11/01/2021
Krishnagiri,7958,7776,65,117,11/01/2021
Madurai,20736,20116,165,455,11/01/2021
Nagapattinam,8287,8053,103,131,11/01/2021
Namakkal,11390,11138,142,110,11/01/2021
Nilgiris,8057,7924,86,47,11/01/2021
Perambalur,2259,2237,1,21,11/01/2021
Pudukottai,11472,11264,53,155,11/01/2021
Ramanathapuram,6359,6194,29,136,11/01/2021
Ranipet,16013,15744,83,186,11/01/2021
Salem,32004,31217,323,464,11/01/2021
Sivagangai,6582,6416,40,126,11/01/2021
Tenkasi,8325,8123,44,158,11/01/2021
Thanjavur,17393,17010,140,243,11/01/2021
Theni,16972,16713,54,205,11/01/2021
Thirupathur,7512,7340,47,125,11/01/2021
Thiruvallur,43060,42045,333,682,11/01/2021
Thiruvannamalai,19254,18896,75,283,11/01/2021
Thiruvarur,11037,10850,78,109,11/01/2021
Thoothukudi,16173,15957,75,141,11/01/2021
Tirunelveli,15416,15107,97,212,11/01/2021
Tiruppur,17408,16941,247,220,11/01/2021
Trichy,14403,14044,181,178,11/01/2021
Vellore,20449,19931,175,343,11/01/2021
Villupuram,15080,14920,50,110,11/01/2021
Virudhunagar,16459,16145,84,230,11/01/2021
AirportSurveillance(International),936,928,7,1,11/01/2021
AirportSurveillance(Domestic),1029,1025,3,1,11/01/2021
RailwaySurveillance,428,428,0,0,11/01/2021
Ariyalur,4660,4592,19,49,12/01/2021
Chengalpattu,50651,49500,401,750,12/01/2021
Chennai,228169,222039,2077,4053,12/01/2021
Coimbatore,53259,51926,672,661,12/01/2021
Cuddalore,24810,24437,89,284,12/01/2021
Dharmapuri,6511,6392,65,54,12/01/2021
Dindigul,11078,10802,78,198,12/01/2021
Erode,14014,13663,205,146,12/01/2021
Kallakurichi,10839,10706,25,108,12/01/2021
Kancheepuram,28990,28355,199,436,12/01/2021
Kanyakumari,16599,16152,190,257,12/01/2021
Karur,5300,5168,82,50,12/01/2021
Krishnagiri,7967,7785,65,117,12/01/2021
Madurai,20747,20140,152,455,12/01/2021
Nagapattinam,8293,8071,91,131,12/01/2021
Namakkal,11405,11157,138,110,12/01/2021
Nilgiris,8071,7939,85,47,12/01/2021
Perambalur,2259,2237,1,21,12/01/2021
Pudukottai,11478,11269,54,155,12/01/2021
Ramanathapuram,6365,6201,27,137,12/01/2021
Ranipet,16018,15753,79,186,12/01/2021
Salem,32035,31244,327,464,12/01/2021
Sivagangai,6588,6418,44,126,12/01/2021
Tenkasi,8328,8128,42,158,12/01/2021
Thanjavur,17416,17028,145,243,12/01/2021
Theni,16976,16721,50,205,12/01/2021
Thirupathur,7517,7351,41,125,12/01/2021
Thiruvallur,43096,42091,323,682,12/01/2021
Thiruvannamalai,19260,18909,68,283,12/01/2021
Thiruvarur,11042,10864,69,109,12/01/2021
Thoothukudi,16180,15966,73,141,12/01/2021
Tirunelveli,15425,15119,94,212,12/01/2021
Tiruppur,17431,16971,240,220,12/01/2021
Trichy,14421,14062,181,178,12/01/2021
Vellore,20471,19950,178,343,12/01/2021
Villupuram,15084,14927,47,110,12/01/2021
Virudhunagar,16466,16157,79,230,12/01/2021
AirportSurveillance(International),938,928,9,1,12/01/2021
AirportSurveillance(Domestic),1029,1025,3,1,12/01/2021
RailwaySurveillance,428,428,0,0,12/01/2021
Ariyalur,4660,4593,18,49,13/01/2021
Chengalpattu,50710,49570,388,752,13/01/2021
Chennai,228368,222272,2042,4054,13/01/2021
Coimbatore,53331,52009,660,662,13/01/2021
Cuddalore,24819,24445,90,284,13/01/2021
Dharmapuri,6515,6394,67,54,13/01/2021
Dindigul,11086,10815,73,198,13/01/2021
Erode,14030,13697,186,147,13/01/2021
Kallakurichi,10843,10712,23,108,13/01/2021
Kancheepuram,29004,28383,185,436,13/01/2021
Kanyakumari,16607,16171,179,257,13/01/2021
Karur,5305,5178,77,50,13/01/2021
Krishnagiri,7980,7790,73,117,13/01/2021
Madurai,20761,20151,155,455,13/01/2021
Nagapattinam,8302,8088,83,131,13/01/2021
Namakkal,11421,11170,141,110,13/01/2021
Nilgiris,8078,7951,80,47,13/01/2021
Perambalur,2259,2237,1,21,13/01/2021
Pudukottai,11483,11270,58,155,13/01/2021
Ramanathapuram,6370,6204,29,137,13/01/2021
Ranipet,16022,15766,70,186,13/01/2021
Salem,32065,31279,322,464,13/01/2021
Sivagangai,6593,6422,45,126,13/01/2021
Tenkasi,8332,8139,35,158,13/01/2021
Thanjavur,17440,17042,155,243,13/01/2021
Theni,16986,16733,48,205,13/01/2021
Thirupathur,7521,7357,39,125,13/01/2021
Thiruvallur,43118,42134,302,682,13/01/2021
Thiruvannamalai,19266,18917,66,283,13/01/2021
Thiruvarur,11047,10871,67,109,13/01/2021
Thoothukudi,16184,15973,70,141,13/01/2021
Tirunelveli,15438,15129,97,212,13/01/2021
Tiruppur,17455,16999,236,220,13/01/2021
Trichy,14439,14083,177,179,13/01/2021
Vellore,20494,19961,190,343,13/01/2021
Villupuram,15087,14932,45,110,13/01/2021
Virudhunagar,16472,16174,68,230,13/01/2021
AirportSurveillance(International),938,928,9,1,13/01/2021
AirportSurveillance(Domestic),1030,1025,4,1,13/01/2021
RailwaySurveillance,428,428,0,0,13/01/2021
Ariyalur,4660,4594,17,49,14/01/2021
Chengalpattu,50757,49625,380,752,14/01/2021
Chennai,228566,222501,2008,4057,14/01/2021
Coimbatore,53408,52101,645,662,14/01/2021
Cuddalore,24826,24462,80,284,14/01/2021
Dharmapuri,6520,6400,66,54,14/01/2021
Dindigul,11094,10819,77,198,14/01/2021
Erode,14042,13718,177,147,14/01/2021
Kallakurichi,10848,10714,26,108,14/01/2021
Kancheepuram,29018,28413,169,436,14/01/2021
Kanyakumari,16625,16192,176,257,14/01/2021
Karur,5311,5190,71,50,14/01/2021
Krishnagiri,7992,7798,77,117,14/01/2021
Madurai,20774,20170,149,455,14/01/2021
Nagapattinam,8309,8099,79,131,14/01/2021
Namakkal,11436,11186,140,110,14/01/2021
Nilgiris,8090,7960,83,47,14/01/2021
Perambalur,2259,2238,0,21,14/01/2021
Pudukottai,11486,11278,53,155,14/01/2021
Ramanathapuram,6373,6208,28,137,14/01/2021
Ranipet,16028,15777,65,186,14/01/2021
Salem,32091,31320,307,464,14/01/2021
Sivagangai,6600,6429,45,126,14/01/2021
Tenkasi,8337,8143,36,158,14/01/2021
Thanjavur,17460,17054,163,243,14/01/2021
Theni,16992,16737,50,205,14/01/2021
Thirupathur,7526,7361,40,125,14/01/2021
Thiruvallur,43142,42171,289,682,14/01/2021
Thiruvannamalai,19272,18926,63,283,14/01/2021
Thiruvarur,11055,10879,67,109,14/01/2021
Thoothukudi,16188,15979,68,141,14/01/2021
Tirunelveli,15445,15141,92,212,14/01/2021
Tiruppur,17479,17036,223,220,14/01/2021
Trichy,14453,14107,167,179,14/01/2021
Vellore,20519,19980,195,344,14/01/2021
Villupuram,15098,14943,45,110,14/01/2021
Virudhunagar,16476,16188,58,230,14/01/2021
AirportSurveillance(International),938,928,9,1,14/01/2021
AirportSurveillance(Domestic),1031,1025,5,1,14/01/2021
RailwaySurveillance,428,428,0,0,14/01/2021
Ariyalur,4660,4597,14,49,15/01/2021
Chengalpattu,50782,49663,365,754,15/01/2021
Chennai,228746,222716,1971,4059,15/01/2021
Coimbatore,53475,52188,625,662,15/01/2021
Cuddalore,24840,24486,70,284,15/01/2021
Dharmapuri,6526,6414,58,54,15/01/2021
Dindigul,11104,10824,82,198,15/01/2021
Erode,14058,13741,170,147,15/01/2021
Kallakurichi,10852,10717,27,108,15/01/2021
Kancheepuram,29040,28432,172,436,15/01/2021
Kanyakumari,16635,16218,160,257,15/01/2021
Karur,5321,5203,68,50,15/01/2021
Krishnagiri,7999,7805,77,117,15/01/2021
Madurai,20788,20193,140,455,15/01/2021
Nagapattinam,8314,8108,75,131,15/01/2021
Namakkal,11448,11207,131,110,15/01/2021
Nilgiris,8095,7972,76,47,15/01/2021
Perambalur,2260,2238,1,21,15/01/2021
Pudukottai,11491,11288,48,155,15/01/2021
Ramanathapuram,6376,6210,29,137,15/01/2021
Ranipet,16032,15786,60,186,15/01/2021
Salem,32115,31365,285,465,15/01/2021
Sivagangai,6604,6433,45,126,15/01/2021
Tenkasi,8341,8149,34,158,15/01/2021
Thanjavur,17487,17072,172,243,15/01/2021
Theni,16999,16745,49,205,15/01/2021
Thirupathur,7530,7364,41,125,15/01/2021
Thiruvallur,43164,42210,272,682,15/01/2021
Thiruvannamalai,19282,18937,62,283,15/01/2021
Thiruvarur,11062,10888,65,109,15/01/2021
Thoothukudi,16195,15992,62,141,15/01/2021
Tirunelveli,15452,15150,90,212,15/01/2021
Tiruppur,17506,17060,226,220,15/01/2021
Trichy,14473,14128,166,179,15/01/2021
Vellore,20536,20002,190,344,15/01/2021
Villupuram,15103,14947,46,110,15/01/2021
Virudhunagar,16485,16194,61,230,15/01/2021
AirportSurveillance(International),938,928,9,1,15/01/2021
AirportSurveillance(Domestic),1031,1025,5,1,15/01/2021
RailwaySurveillance,428,428,0,0,15/01/2021
Ariyalur,4660,4599,12,49,16/01/2021
Chengalpattu,50825,49708,361,756,16/01/2021
Chennai,228911,222903,1946,4062,16/01/2021
Coimbatore,53555,52264,629,662,16/01/2021
Cuddalore,24846,24501,61,284,16/01/2021
Dharmapuri,6533,6426,53,54,16/01/2021
Dindigul,11116,10834,84,198,16/01/2021
Erode,14072,13769,156,147,16/01/2021
Kallakurichi,10857,10721,28,108,16/01/2021
Kancheepuram,29057,28457,163,437,16/01/2021
Kanyakumari,16646,16242,147,257,16/01/2021
Karur,5328,5214,64,50,16/01/2021
Krishnagiri,8002,7814,71,117,16/01/2021
Madurai,20803,20218,130,455,16/01/2021
Nagapattinam,8320,8118,71,131,16/01/2021
Namakkal,11460,11230,120,110,16/01/2021
Nilgiris,8103,7979,77,47,16/01/2021
Perambalur,2260,2238,1,21,16/01/2021
Pudukottai,11495,11296,44,155,16/01/2021
Ramanathapuram,6383,6213,33,137,16/01/2021
Ranipet,16038,15797,55,186,16/01/2021
Salem,32136,31406,265,465,16/01/2021
Sivagangai,6610,6436,48,126,16/01/2021
Tenkasi,8346,8154,34,158,16/01/2021
Thanjavur,17505,17091,171,243,16/01/2021
Theni,17005,16750,50,205,16/01/2021
Thirupathur,7536,7368,43,125,16/01/2021
Thiruvallur,43190,42256,252,682,16/01/2021
Thiruvannamalai,19294,18953,58,283,16/01/2021
Thiruvarur,11065,10894,62,109,16/01/2021
Thoothukudi,16201,16003,57,141,16/01/2021
Tirunelveli,15465,15157,96,212,16/01/2021
Tiruppur,17521,17083,218,220,16/01/2021
Trichy,14486,14156,151,179,16/01/2021
Vellore,20548,20021,183,344,16/01/2021
Villupuram,15109,14950,49,110,16/01/2021
Virudhunagar,16497,16198,69,230,16/01/2021
AirportSurveillance(International),940,928,11,1,16/01/2021
AirportSurveillance(Domestic),1031,1025,5,1,16/01/2021
RailwaySurveillance,428,428,0,0,16/01/2021
Ariyalur,4662,4600,13,49,17/01/2021
Chengalpattu,50878,49764,357,757,17/01/2021
Chennai,229074,223050,1959,4065,17/01/2021
Coimbatore,53622,52352,608,662,17/01/2021
Cuddalore,24851,24515,52,284,17/01/2021
Dharmapuri,6534,6437,43,54,17/01/2021
Dindigul,11129,10850,81,198,17/01/2021
Erode,14087,13796,144,147,17/01/2021
Kallakurichi,10860,10724,28,108,17/01/2021
Kancheepuram,29070,28485,148,437,17/01/2021
Kanyakumari,16659,16264,138,257,17/01/2021
Karur,5335,5227,58,50,17/01/2021
Krishnagiri,8006,7825,64,117,17/01/2021
Madurai,20816,20241,120,455,17/01/2021
Nagapattinam,8327,8127,69,131,17/01/2021
Namakkal,11471,11252,109,110,17/01/2021
Nilgiris,8109,7985,77,47,17/01/2021
Perambalur,2260,2238,1,21,17/01/2021
Pudukottai,11501,11303,43,155,17/01/2021
Ramanathapuram,6385,6218,30,137,17/01/2021
Ranipet,16042,15809,47,186,17/01/2021
Salem,32162,31445,252,465,17/01/2021
Sivagangai,6613,6440,47,126,17/01/2021
Tenkasi,8347,8157,32,158,17/01/2021
Thanjavur,17527,17112,172,243,17/01/2021
Theni,17012,16757,50,205,17/01/2021
Thirupathur,7538,7373,40,125,17/01/2021
Thiruvallur,43218,42299,235,684,17/01/2021
Thiruvannamalai,19298,18963,52,283,17/01/2021
Thiruvarur,11072,10903,60,109,17/01/2021
Thoothukudi,16204,16013,50,141,17/01/2021
Tirunelveli,15475,15165,98,212,17/01/2021
Tiruppur,17542,17109,213,220,17/01/2021
Trichy,14503,14190,134,179,17/01/2021
Vellore,20565,20036,185,344,17/01/2021
Villupuram,15113,14956,47,110,17/01/2021
Virudhunagar,16506,16207,68,231,17/01/2021
AirportSurveillance(International),940,928,11,1,17/01/2021
AirportSurveillance(Domestic),1031,1025,5,1,17/01/2021
RailwaySurveillance,428,428,0,0,17/01/2021
Ariyalur,4663,4602,12,49,18/01/2021
Chengalpattu,50922,49814,351,757,18/01/2021
Chennai,229238,223230,1939,4069,18/01/2021
Coimbatore,53691,52433,595,663,18/01/2021
Cuddalore,24858,24524,50,284,18/01/2021
Dharmapuri,6539,6444,41,54,18/01/2021
Dindigul,11134,10867,69,198,18/01/2021
Erode,14095,13818,130,147,18/01/2021
Kallakurichi,10861,10726,27,108,18/01/2021
Kancheepuram,29082,28512,133,437,18/01/2021
Kanyakumari,16667,16282,128,257,18/01/2021
Karur,5343,5237,56,50,18/01/2021
Krishnagiri,8008,7833,58,117,18/01/2021
Madurai,20830,20260,115,455,18/01/2021
Nagapattinam,8335,8134,70,131,18/01/2021
Namakkal,11477,11269,98,110,18/01/2021
Nilgiris,8113,7994,72,47,18/01/2021
Perambalur,2260,2238,1,21,18/01/2021
Pudukottai,11505,11309,40,156,18/01/2021
Ramanathapuram,6391,6224,30,137,18/01/2021
Ranipet,16045,15824,35,186,18/01/2021
Salem,32186,31483,238,465,18/01/2021
Sivagangai,6614,6445,43,126,18/01/2021
Tenkasi,8352,8159,35,158,18/01/2021
Thanjavur,17547,17131,173,243,18/01/2021
Theni,17015,16762,48,205,18/01/2021
Thirupathur,7540,7379,36,125,18/01/2021
Thiruvallur,43247,42347,216,684,18/01/2021
Thiruvannamalai,19303,18971,49,283,18/01/2021
Thiruvarur,11086,10915,62,109,18/01/2021
Thoothukudi,16210,16021,48,141,18/01/2021
Tirunelveli,15489,15175,102,212,18/01/2021
Tiruppur,17564,17134,210,220,18/01/2021
Trichy,14511,14219,113,179,18/01/2021
Vellore,20579,20050,183,346,18/01/2021
Villupuram,15115,14961,44,110,18/01/2021
Virudhunagar,16509,16219,59,231,18/01/2021
AirportSurveillance(International),940,928,11,1,18/01/2021
AirportSurveillance(Domestic),1031,1025,5,1,18/01/2021
RailwaySurveillance,428,428,0,0,18/01/2021
Ariyalur,4665,4608,8,49,19/01/2021
Chengalpattu,50975,49876,342,757,19/01/2021
Chennai,229386,223421,1893,4072,19/01/2021
Coimbatore,53749,52531,554,664,19/01/2021
Cuddalore,24864,24529,51,284,19/01/2021
Dharmapuri,6540,6449,37,54,19/01/2021
Dindigul,11138,10885,55,198,19/01/2021
Erode,14117,13829,140,148,19/01/2021
Kallakurichi,10861,10728,25,108,19/01/2021
Kancheepuram,29089,28527,124,438,19/01/2021
Kanyakumari,16678,16306,115,257,19/01/2021
Karur,5349,5241,58,50,19/01/2021
Krishnagiri,8014,7836,61,117,19/01/2021
Madurai,20839,20267,117,455,19/01/2021
Nagapattinam,8346,8148,67,131,19/01/2021
Namakkal,11486,11288,88,110,19/01/2021
Nilgiris,8121,8009,65,47,19/01/2021
Perambalur,2261,2238,2,21,19/01/2021
Pudukottai,11512,11313,43,156,19/01/2021
Ramanathapuram,6393,6228,28,137,19/01/2021
Ranipet,16049,15839,24,186,19/01/2021
Salem,32204,31519,220,465,19/01/2021
Sivagangai,6618,6454,38,126,19/01/2021
Tenkasi,8354,8166,30,158,19/01/2021
Thanjavur,17561,17146,172,243,19/01/2021
Theni,17022,16770,47,205,19/01/2021
Thirupathur,7541,7383,33,125,19/01/2021
Thiruvallur,43286,42383,217,686,19/01/2021
Thiruvannamalai,19309,18983,43,283,19/01/2021
Thiruvarur,11090,10928,53,109,19/01/2021
Thoothukudi,16214,16024,49,141,19/01/2021
Tirunelveli,15501,15189,100,212,19/01/2021
Tiruppur,17585,17163,202,220,19/01/2021
Trichy,14527,14239,109,179,19/01/2021
Vellore,20590,20069,175,346,19/01/2021
Villupuram,15120,14970,39,111,19/01/2021
Virudhunagar,16513,16230,52,231,19/01/2021
AirportSurveillance(International),940,931,8,1,19/01/2021
AirportSurveillance(Domestic),1031,1027,3,1,19/01/2021
RailwaySurveillance,428,428,0,0,19/01/2021
Ariyalur,4666,4610,7,49,20/01/2021
Chengalpattu,51024,49914,351,759,20/01/2021
Chennai,229537,223594,1867,4076,20/01/2021
Coimbatore,53804,52610,530,664,20/01/2021
Cuddalore,24865,24535,46,284,20/01/2021
Dharmapuri,6543,6456,33,54,20/01/2021
Dindigul,11144,10891,55,198,20/01/2021
Erode,14142,13847,147,148,20/01/2021
Kallakurichi,10861,10733,20,108,20/01/2021
Kancheepuram,29101,28536,127,438,20/01/2021
Kanyakumari,16685,16327,101,257,20/01/2021
Karur,5356,5249,57,50,20/01/2021
Krishnagiri,8018,7845,56,117,20/01/2021
Madurai,20849,20281,112,456,20/01/2021
Nagapattinam,8349,8164,53,132,20/01/2021
Namakkal,11501,11300,91,110,20/01/2021
Nilgiris,8129,8021,61,47,20/01/2021
Perambalur,2260,2238,1,21,20/01/2021
Pudukottai,11516,11322,38,156,20/01/2021
Ramanathapuram,6393,6231,25,137,20/01/2021
Ranipet,16057,15843,28,186,20/01/2021
Salem,32221,31571,185,465,20/01/2021
Sivagangai,6620,6461,33,126,20/01/2021
Tenkasi,8363,8170,35,158,20/01/2021
Thanjavur,17582,17168,171,243,20/01/2021
Theni,17032,16774,53,205,20/01/2021
Thirupathur,7543,7388,30,125,20/01/2021
Thiruvallur,43312,42411,214,687,20/01/2021
Thiruvannamalai,19311,18990,38,283,20/01/2021
Thiruvarur,11101,10937,55,109,20/01/2021
Thoothukudi,16221,16037,43,141,20/01/2021
Tirunelveli,15507,15208,87,212,20/01/2021
Tiruppur,17607,17201,186,220,20/01/2021
Trichy,14539,14251,109,179,20/01/2021
Vellore,20608,20097,165,346,20/01/2021
Villupuram,15126,14974,41,111,20/01/2021
Virudhunagar,16522,16238,53,231,20/01/2021
AirportSurveillance(International),940,933,6,1,20/01/2021
AirportSurveillance(Domestic),1032,1027,4,1,20/01/2021
RailwaySurveillance,428,428,0,0,20/01/2021
Ariyalur,4667,4613,5,49,21/01/2021
Chengalpattu,51102,49964,377,761,21/01/2021
Chennai,229705,223783,1842,4080,21/01/2021
Coimbatore,53863,52670,528,665,21/01/2021
Cuddalore,24868,24539,45,284,21/01/2021
Dharmapuri,6549,6461,34,54,21/01/2021
Dindigul,11150,10900,52,198,21/01/2021
Erode,14159,13874,137,148,21/01/2021
Kallakurichi,10862,10735,19,108,21/01/2021
Kancheepuram,29119,28548,133,438,21/01/2021
Kanyakumari,16700,16350,93,257,21/01/2021
Karur,5363,5260,53,50,21/01/2021
Krishnagiri,8021,7855,49,117,21/01/2021
Madurai,20871,20296,119,456,21/01/2021
Nagapattinam,8361,8177,52,132,21/01/2021
Namakkal,11509,11312,87,110,21/01/2021
Nilgiris,8135,8032,56,47,21/01/2021
Perambalur,2260,2238,1,21,21/01/2021
Pudukottai,11519,11325,38,156,21/01/2021
Ramanathapuram,6399,6237,25,137,21/01/2021
Ranipet,16061,15846,29,186,21/01/2021
Salem,32249,31605,179,465,21/01/2021
Sivagangai,6624,6465,33,126,21/01/2021
Tenkasi,8367,8174,35,158,21/01/2021
Thanjavur,17588,17206,138,244,21/01/2021
Theni,17037,16779,53,205,21/01/2021
Thirupathur,7543,7392,26,125,21/01/2021
Thiruvallur,43326,42430,209,687,21/01/2021
Thiruvannamalai,19315,18997,35,283,21/01/2021
Thiruvarur,11107,10940,58,109,21/01/2021
Thoothukudi,16229,16043,45,141,21/01/2021
Tirunelveli,15508,15219,77,212,21/01/2021
Tiruppur,17639,17239,180,220,21/01/2021
Trichy,14551,14264,108,179,21/01/2021
Vellore,20620,20133,141,346,21/01/2021
Villupuram,15137,14982,43,112,21/01/2021
Virudhunagar,16528,16245,52,231,21/01/2021
AirportSurveillance(International),940,933,6,1,21/01/2021
AirportSurveillance(Domestic),1032,1027,4,1,21/01/2021
RailwaySurveillance,428,428,0,0,21/01/2021
Ariyalur,4672,4614,9,49,22/01/2021
Chengalpattu,51160,50020,378,762,22/01/2021
Chennai,229860,223986,1790,4084,22/01/2021
Coimbatore,53918,52738,514,666,22/01/2021
Cuddalore,24873,24544,45,284,22/01/2021
Dharmapuri,6553,6465,34,54,22/01/2021
Dindigul,11164,10911,55,198,22/01/2021
Erode,14168,13896,124,148,22/01/2021
Kallakurichi,10866,10738,20,108,22/01/2021
Kancheepuram,29134,28561,135,438,22/01/2021
Kanyakumari,16714,16364,93,257,22/01/2021
Karur,5368,5264,54,50,22/01/2021
Krishnagiri,8027,7872,38,117,22/01/2021
Madurai,20901,20308,137,456,22/01/2021
Nagapattinam,8371,8183,56,132,22/01/2021
Namakkal,11521,11324,87,110,22/01/2021
Nilgiris,8137,8041,49,47,22/01/2021
Perambalur,2260,2238,1,21,22/01/2021
Pudukottai,11521,11330,35,156,22/01/2021
Ramanathapuram,6400,6240,23,137,22/01/2021
Ranipet,16064,15852,25,187,22/01/2021
Salem,32261,31635,161,465,22/01/2021
Sivagangai,6629,6470,33,126,22/01/2021
Tenkasi,8380,8177,45,158,22/01/2021
Thanjavur,17595,17230,121,244,22/01/2021
Theni,17043,16785,53,205,22/01/2021
Thirupathur,7546,7398,23,125,22/01/2021
Thiruvallur,43358,42446,225,687,22/01/2021
Thiruvannamalai,19323,19004,36,283,22/01/2021
Thiruvarur,11115,10948,58,109,22/01/2021
Thoothukudi,16232,16046,45,141,22/01/2021
Tirunelveli,15510,15231,67,212,22/01/2021
Tiruppur,17668,17279,169,220,22/01/2021
Trichy,14564,14274,111,179,22/01/2021
Vellore,20634,20161,126,347,22/01/2021
Villupuram,15143,14990,41,112,22/01/2021
Virudhunagar,16531,16249,51,231,22/01/2021
AirportSurveillance(International),940,935,4,1,22/01/2021
AirportSurveillance(Domestic),1033,1030,2,1,22/01/2021
RailwaySurveillance,428,428,0,0,22/01/2021
Ariyalur,4674,4616,9,49,23/01/2021
Chengalpattu,51206,50065,379,762,23/01/2021
Chennai,230026,224192,1749,4085,23/01/2021
Coimbatore,53966,52802,498,666,23/01/2021
Cuddalore,24876,24557,35,284,23/01/2021
Dharmapuri,6563,6474,35,54,23/01/2021
Dindigul,11181,10918,65,198,23/01/2021
Erode,14195,13916,131,148,23/01/2021
Kallakurichi,10869,10742,19,108,23/01/2021
Kancheepuram,29150,28575,137,438,23/01/2021
Kanyakumari,16722,16381,84,257,23/01/2021
Karur,5370,5271,49,50,23/01/2021
Krishnagiri,8034,7882,35,117,23/01/2021
Madurai,20912,20321,135,456,23/01/2021
Nagapattinam,8386,8192,62,132,23/01/2021
Namakkal,11528,11335,83,110,23/01/2021
Nilgiris,8147,8045,55,47,23/01/2021
Perambalur,2262,2238,3,21,23/01/2021
Pudukottai,11523,11339,28,156,23/01/2021
Ramanathapuram,6401,6244,20,137,23/01/2021
Ranipet,16076,15852,37,187,23/01/2021
Salem,32277,31668,144,465,23/01/2021
Sivagangai,6633,6476,31,126,23/01/2021
Tenkasi,8389,8184,47,158,23/01/2021
Thanjavur,17604,17245,115,244,23/01/2021
Theni,17050,16788,57,205,23/01/2021
Thirupathur,7549,7402,22,125,23/01/2021
Thiruvallur,43379,42465,227,687,23/01/2021
Thiruvannamalai,19328,19011,34,283,23/01/2021
Thiruvarur,11142,10953,80,109,23/01/2021
Thoothukudi,16240,16054,45,141,23/01/2021
Tirunelveli,15517,15245,59,213,23/01/2021
Tiruppur,17698,17313,165,220,23/01/2021
Trichy,14571,14286,106,179,23/01/2021
Vellore,20642,20185,110,347,23/01/2021
Villupuram,15149,14995,42,112,23/01/2021
Virudhunagar,16535,16258,46,231,23/01/2021
AirportSurveillance(International),940,935,4,1,23/01/2021
AirportSurveillance(Domestic),1033,1030,2,1,23/01/2021
RailwaySurveillance,428,428,0,0,23/01/2021
Ariyalur,4675,4617,9,49,24/01/2021
Chengalpattu,51257,50102,392,763,24/01/2021
Chennai,230195,224417,1693,4085,24/01/2021
Coimbatore,54021,52875,478,668,24/01/2021
Cuddalore,24881,24565,32,284,24/01/2021
Dharmapuri,6565,6478,33,54,24/01/2021
Dindigul,11185,10920,67,198,24/01/2021
Erode,14224,13929,147,148,24/01/2021
Kallakurichi,10867,10746,13,108,24/01/2021
Kancheepuram,29162,28588,135,439,24/01/2021
Kanyakumari,16740,16389,94,257,24/01/2021
Karur,5373,5279,44,50,24/01/2021
Krishnagiri,8039,7890,32,117,24/01/2021
Madurai,20923,20337,129,457,24/01/2021
Nagapattinam,8394,8198,64,132,24/01/2021
Namakkal,11541,11347,84,110,24/01/2021
Nilgiris,8156,8054,55,47,24/01/2021
Perambalur,2261,2238,2,21,24/01/2021
Pudukottai,11526,11342,28,156,24/01/2021
Ramanathapuram,6402,6247,18,137,24/01/2021
Ranipet,16085,15855,43,187,24/01/2021
Salem,32296,31691,140,465,24/01/2021
Sivagangai,6638,6482,30,126,24/01/2021
Tenkasi,8391,8189,44,158,24/01/2021
Thanjavur,17617,17263,110,244,24/01/2021
Theni,17052,16796,51,205,24/01/2021
Thirupathur,7553,7409,19,125,24/01/2021
Thiruvallur,43399,42491,220,688,24/01/2021
Thiruvannamalai,19330,19014,33,283,24/01/2021
Thiruvarur,11146,10959,78,109,24/01/2021
Thoothukudi,16249,16064,44,141,24/01/2021
Tirunelveli,15523,15251,59,213,24/01/2021
Tiruppur,17734,17337,176,221,24/01/2021
Trichy,14588,14302,107,179,24/01/2021
Vellore,20659,20198,114,347,24/01/2021
Villupuram,15152,15001,39,112,24/01/2021
Virudhunagar,16540,16265,44,231,24/01/2021
AirportSurveillance(International),940,937,2,1,24/01/2021
AirportSurveillance(Domestic),1033,1030,2,1,24/01/2021
RailwaySurveillance,428,428,0,0,24/01/2021
Ariyalur,4676,4618,9,49,25/01/2021
Chengalpattu,51295,50141,391,763,25/01/2021
Chennai,230346,224626,1634,4086,25/01/2021
Coimbatore,54077,52943,465,669,25/01/2021
Cuddalore,24892,24572,35,285,25/01/2021
Dharmapuri,6568,6481,33,54,25/01/2021
Dindigul,11194,10931,65,198,25/01/2021
Erode,14246,13940,158,148,25/01/2021
Kallakurichi,10866,10748,10,108,25/01/2021
Kancheepuram,29179,28600,140,439,25/01/2021
Kanyakumari,16756,16403,96,257,25/01/2021
Karur,5377,5288,39,50,25/01/2021
Krishnagiri,8043,7894,32,117,25/01/2021
Madurai,20935,20354,124,457,25/01/2021
Nagapattinam,8399,8207,60,132,25/01/2021
Namakkal,11562,11360,92,110,25/01/2021
Nilgiris,8162,8064,51,47,25/01/2021
Perambalur,2261,2239,1,21,25/01/2021
Pudukottai,11530,11346,28,156,25/01/2021
Ramanathapuram,6405,6249,19,137,25/01/2021
Ranipet,16091,15862,42,187,25/01/2021
Salem,32308,31711,132,465,25/01/2021
Sivagangai,6645,6486,33,126,25/01/2021
Tenkasi,8397,8191,48,158,25/01/2021
Thanjavur,17624,17290,90,244,25/01/2021
Theni,17053,16802,46,205,25/01/2021
Thirupathur,7558,7413,20,125,25/01/2021
Thiruvallur,43426,42514,223,689,25/01/2021
Thiruvannamalai,19335,19017,35,283,25/01/2021
Thiruvarur,11155,10964,82,109,25/01/2021
Thoothukudi,16254,16070,43,141,25/01/2021
Tirunelveli,15528,15254,61,213,25/01/2021
Tiruppur,17767,17364,182,221,25/01/2021
Trichy,14599,14317,103,179,25/01/2021
Vellore,20663,20214,102,347,25/01/2021
Villupuram,15164,15003,49,112,25/01/2021
Virudhunagar,16542,16276,35,231,25/01/2021
AirportSurveillance(International),940,937,2,1,25/01/2021
AirportSurveillance(Domestic),1034,1030,3,1,25/01/2021
RailwaySurveillance,428,428,0,0,25/01/2021
Ariyalur,4677,4618,10,49,26/01/2021
Chengalpattu,51336,50192,380,764,26/01/2021
Chennai,230522,224818,1616,4088,26/01/2021
Coimbatore,54125,53012,443,670,26/01/2021
Cuddalore,24897,24582,30,285,26/01/2021
Dharmapuri,6569,6487,28,54,26/01/2021
Dindigul,11206,10937,71,198,26/01/2021
Erode,14266,13952,166,148,26/01/2021
Kallakurichi,10866,10751,7,108,26/01/2021
Kancheepuram,29190,28614,137,439,26/01/2021
Kanyakumari,16773,16414,102,257,26/01/2021
Karur,5377,5295,32,50,26/01/2021
Krishnagiri,8048,7896,35,117,26/01/2021
Madurai,20941,20369,115,457,26/01/2021
Nagapattinam,8414,8211,71,132,26/01/2021
Namakkal,11570,11372,88,110,26/01/2021
Nilgiris,8172,8070,55,47,26/01/2021
Perambalur,2261,2239,1,21,26/01/2021
Pudukottai,11536,11352,28,156,26/01/2021
Ramanathapuram,6407,6252,18,137,26/01/2021
Ranipet,16097,15864,46,187,26/01/2021
Salem,32333,31727,141,465,26/01/2021
Sivagangai,6647,6491,30,126,26/01/2021
Tenkasi,8402,8196,48,158,26/01/2021
Thanjavur,17633,17313,76,244,26/01/2021
Theni,17060,16807,48,205,26/01/2021
Thirupathur,7561,7416,20,125,26/01/2021
Thiruvallur,43444,42535,220,689,26/01/2021
Thiruvannamalai,19337,19023,31,283,26/01/2021
Thiruvarur,11164,10972,83,109,26/01/2021
Thoothukudi,16258,16074,43,141,26/01/2021
Tirunelveli,15535,15262,60,213,26/01/2021
Tiruppur,17781,17385,175,221,26/01/2021
Trichy,14613,14330,103,180,26/01/2021
Vellore,20674,20229,98,347,26/01/2021
Villupuram,15165,15008,45,112,26/01/2021
Virudhunagar,16544,16282,31,231,26/01/2021
AirportSurveillance(International),940,937,2,1,26/01/2021
AirportSurveillance(Domestic),1034,1030,3,1,26/01/2021
RailwaySurveillance,428,428,0,0,26/01/2021
Ariyalur,4681,4618,14,49,27/01/2021
Chengalpattu,51365,50250,350,765,27/01/2021
Chennai,230675,224980,1603,4092,27/01/2021
Coimbatore,54176,53077,429,670,27/01/2021
Cuddalore,24904,24589,30,285,27/01/2021
Dharmapuri,6574,6490,30,54,27/01/2021
Dindigul,11216,10945,73,198,27/01/2021
Erode,14285,13967,168,150,27/01/2021
Kallakurichi,10867,10753,6,108,27/01/2021
Kancheepuram,29211,28629,143,439,27/01/2021
Kanyakumari,16780,16420,103,257,27/01/2021
Karur,5381,5298,33,50,27/01/2021
Krishnagiri,8052,7899,36,117,27/01/2021
Madurai,20953,20386,110,457,27/01/2021
Nagapattinam,8421,8220,69,132,27/01/2021
Namakkal,11584,11378,96,110,27/01/2021
Nilgiris,8177,8073,57,47,27/01/2021
Perambalur,2261,2239,1,21,27/01/2021
Pudukottai,11537,11359,22,156,27/01/2021
Ramanathapuram,6410,6257,16,137,27/01/2021
Ranipet,16102,15867,48,187,27/01/2021
Salem,32347,31742,140,465,27/01/2021
Sivagangai,6652,6497,29,126,27/01/2021
Tenkasi,8409,8200,51,158,27/01/2021
Thanjavur,17636,17327,65,244,27/01/2021
Theni,17063,16813,45,205,27/01/2021
Thirupathur,7562,7418,19,125,27/01/2021
Thiruvallur,43473,42560,223,690,27/01/2021
Thiruvannamalai,19342,19031,28,283,27/01/2021
Thiruvarur,11172,10984,79,109,27/01/2021
Thoothukudi,16262,16080,41,141,27/01/2021
Tirunelveli,15542,15273,56,213,27/01/2021
Tiruppur,17804,17408,175,221,27/01/2021
Trichy,14628,14341,107,180,27/01/2021
Vellore,20690,20238,105,347,27/01/2021
Villupuram,15172,15015,45,112,27/01/2021
Virudhunagar,16545,16290,24,231,27/01/2021
AirportSurveillance(International),940,937,2,1,27/01/2021
AirportSurveillance(Domestic),1036,1030,5,1,27/01/2021
RailwaySurveillance,428,428,0,0,27/01/2021
Ariyalur,4681,4619,13,49,28/01/2021
Chengalpattu,51409,50293,351,765,28/01/2021
Chennai,230834,225156,1582,4096,28/01/2021
Coimbatore,54225,53129,426,670,28/01/2021
Cuddalore,24910,24593,32,285,28/01/2021
Dharmapuri,6577,6492,31,54,28/01/2021
Dindigul,11231,10955,78,198,28/01/2021
Erode,14305,13979,176,150,28/01/2021
Kallakurichi,10866,10754,4,108,28/01/2021
Kancheepuram,29221,28643,139,439,28/01/2021
Kanyakumari,16791,16427,107,257,28/01/2021
Karur,5383,5301,32,50,28/01/2021
Krishnagiri,8055,7907,31,117,28/01/2021
Madurai,20966,20398,111,457,28/01/2021
Nagapattinam,8429,8226,71,132,28/01/2021
Namakkal,11595,11392,93,110,28/01/2021
Nilgiris,8187,8079,61,47,28/01/2021
Perambalur,2263,2239,3,21,28/01/2021
Pudukottai,11542,11364,22,156,28/01/2021
Ramanathapuram,6411,6258,16,137,28/01/2021
Ranipet,16107,15873,47,187,28/01/2021
Salem,32363,31756,142,465,28/01/2021
Sivagangai,6651,6500,25,126,28/01/2021
Tenkasi,8413,8207,48,158,28/01/2021
Thanjavur,17642,17340,57,245,28/01/2021
Theni,17067,16820,42,205,28/01/2021
Thirupathur,7565,7421,19,125,28/01/2021
Thiruvallur,43486,42595,200,691,28/01/2021
Thiruvannamalai,19346,19034,29,283,28/01/2021
Thiruvarur,11177,10991,77,109,28/01/2021
Thoothukudi,16270,16082,47,141,28/01/2021
Tirunelveli,15553,15282,58,213,28/01/2021
Tiruppur,17829,17429,179,221,28/01/2021
Trichy,14646,14354,112,180,28/01/2021
Vellore,20694,20250,97,347,28/01/2021
Villupuram,15175,15021,42,112,28/01/2021
Virudhunagar,16549,16295,23,231,28/01/2021
AirportSurveillance(International),940,937,2,1,28/01/2021
AirportSurveillance(Domestic),1036,1031,4,1,28/01/2021
RailwaySurveillance,428,428,0,0,28/01/2021
Ariyalur,4685,4621,15,49,29/01/2021
Chengalpattu,51457,50334,357,766,29/01/2021
Chennai,230982,225325,1560,4097,29/01/2021
Coimbatore,54282,53182,429,671,29/01/2021
Cuddalore,24920,24598,37,285,29/01/2021
Dharmapuri,6579,6496,29,54,29/01/2021
Dindigul,11233,10957,78,198,29/01/2021
Erode,14325,13982,193,150,29/01/2021
Kallakurichi,10869,10756,5,108,29/01/2021
Kancheepuram,29235,28656,140,439,29/01/2021
Kanyakumari,16801,16434,110,257,29/01/2021
Karur,5391,5307,34,50,29/01/2021
Krishnagiri,8064,7910,37,117,29/01/2021
Madurai,20975,20405,113,457,29/01/2021
Nagapattinam,8437,8234,71,132,29/01/2021
Namakkal,11601,11400,91,110,29/01/2021
Nilgiris,8199,8087,65,47,29/01/2021
Perambalur,2264,2239,4,21,29/01/2021
Pudukottai,11548,11365,27,156,29/01/2021
Ramanathapuram,6411,6260,14,137,29/01/2021
Ranipet,16110,15877,46,187,29/01/2021
Salem,32384,31786,132,466,29/01/2021
Sivagangai,6653,6504,23,126,29/01/2021
Tenkasi,8414,8210,46,158,29/01/2021
Thanjavur,17649,17346,57,246,29/01/2021
Theni,17068,16827,36,205,29/01/2021
Thirupathur,7566,7422,19,125,29/01/2021
Thiruvallur,43514,42646,177,691,29/01/2021
Thiruvannamalai,19348,19038,27,283,29/01/2021
Thiruvarur,11179,11008,62,109,29/01/2021
Thoothukudi,16272,16086,45,141,29/01/2021
Tirunelveli,15561,15285,63,213,29/01/2021
Tiruppur,17850,17452,177,221,29/01/2021
Trichy,14655,14368,107,180,29/01/2021
Vellore,20712,20260,104,348,29/01/2021
Villupuram,15176,15023,41,112,29/01/2021
Virudhunagar,16552,16299,22,231,29/01/2021
AirportSurveillance(International),940,937,2,1,29/01/2021
AirportSurveillance(Domestic),1038,1031,6,1,29/01/2021
RailwaySurveillance,428,428,0,0,29/01/2021
Ariyalur,4686,4622,15,49,30/01/2021
Chengalpattu,51501,50390,343,768,30/01/2021
Chennai,231148,225487,1563,4098,30/01/2021
Coimbatore,54330,53237,422,671,30/01/2021
Cuddalore,24925,24601,39,285,30/01/2021
Dharmapuri,6580,6498,28,54,30/01/2021
Dindigul,11240,10963,79,198,30/01/2021
Erode,14343,14002,191,150,30/01/2021
Kallakurichi,10869,10758,3,108,30/01/2021
Kancheepuram,29245,28670,136,439,30/01/2021
Kanyakumari,16815,16445,113,257,30/01/2021
Karur,5396,5311,35,50,30/01/2021
Krishnagiri,8067,7914,36,117,30/01/2021
Madurai,20992,20419,116,457,30/01/2021
Nagapattinam,8444,8246,66,132,30/01/2021
Namakkal,11612,11412,89,111,30/01/2021
Nilgiris,8203,8093,63,47,30/01/2021
Perambalur,2263,2239,3,21,30/01/2021
Pudukottai,11555,11367,32,156,30/01/2021
Ramanathapuram,6411,6263,11,137,30/01/2021
Ranipet,16114,15883,44,187,30/01/2021
Salem,32404,31807,131,466,30/01/2021
Sivagangai,6657,6506,25,126,30/01/2021
Tenkasi,8416,8216,42,158,30/01/2021
Thanjavur,17663,17354,63,246,30/01/2021
Theni,17071,16833,33,205,30/01/2021
Thirupathur,7570,7425,19,126,30/01/2021
Thiruvallur,43527,42673,163,691,30/01/2021
Thiruvannamalai,19353,19041,29,283,30/01/2021
Thiruvarur,11182,11011,62,109,30/01/2021
Thoothukudi,16273,16092,40,141,30/01/2021
Tirunelveli,15567,15290,64,213,30/01/2021
Tiruppur,17872,17468,183,221,30/01/2021
Trichy,14667,14377,110,180,30/01/2021
Vellore,20724,20270,106,348,30/01/2021
Villupuram,15180,15027,41,112,30/01/2021
Virudhunagar,16561,16301,29,231,30/01/2021
AirportSurveillance(International),940,937,2,1,30/01/2021
AirportSurveillance(Domestic),1038,1031,6,1,30/01/2021
RailwaySurveillance,428,428,0,0,30/01/2021
Ariyalur,4690,4624,17,49,31/01/2021
Chengalpattu,51540,50452,320,768,31/01/2021
Chennai,231286,225630,1554,4102,31/01/2021
Coimbatore,54384,53289,424,671,31/01/2021
Cuddalore,24934,24603,46,285,31/01/2021
Dharmapuri,6582,6503,25,54,31/01/2021
Dindigul,11253,10972,82,199,31/01/2021
Erode,14361,14025,186,150,31/01/2021
Kallakurichi,10872,10759,5,108,31/01/2021
Kancheepuram,29263,28682,142,439,31/01/2021
Kanyakumari,16825,16453,115,257,31/01/2021
Karur,5396,5316,30,50,31/01/2021
Krishnagiri,8072,7916,39,117,31/01/2021
Madurai,21003,20437,109,457,31/01/2021
Nagapattinam,8447,8253,62,132,31/01/2021
Namakkal,11637,11422,104,111,31/01/2021
Nilgiris,8209,8095,67,47,31/01/2021
Perambalur,2266,2239,6,21,31/01/2021
Pudukottai,11561,11369,36,156,31/01/2021
Ramanathapuram,6412,6264,11,137,31/01/2021
Ranipet,16122,15891,44,187,31/01/2021
Salem,32418,31824,128,466,31/01/2021
Sivagangai,6657,6507,24,126,31/01/2021
Tenkasi,8420,8224,38,158,31/01/2021
Thanjavur,17674,17369,58,247,31/01/2021
Theni,17075,16840,30,205,31/01/2021
Thirupathur,7570,7428,16,126,31/01/2021
Thiruvallur,43547,42702,154,691,31/01/2021
Thiruvannamalai,19357,19043,31,283,31/01/2021
Thiruvarur,11191,11022,60,109,31/01/2021
Thoothukudi,16275,16095,39,141,31/01/2021
Tirunelveli,15573,15294,66,213,31/01/2021
Tiruppur,17893,17477,195,221,31/01/2021
Trichy,14678,14389,109,180,31/01/2021
Vellore,20743,20285,110,348,31/01/2021
Villupuram,15184,15034,38,112,31/01/2021
Virudhunagar,16564,16307,26,231,31/01/2021
AirportSurveillance(International),940,937,2,1,31/01/2021
AirportSurveillance(Domestic),1038,1031,6,1,31/01/2021
RailwaySurveillance,428,428,0,0,31/01/2021
