Ariyalur,14906,14221,472,213,01/07/2021
Chengalpattu,157085,152827,1897,2361,01/07/2021
Chennai,532759,521637,2931,8191,01/07/2021
Coimbatore,220005,214149,3805,2051,01/07/2021
Cuddalore,58071,56344,964,763,01/07/2021
Dharmapuri,24605,23537,860,208,01/07/2021
Dindigul,31658,30715,351,592,01/07/2021
Erode,89934,85260,4080,594,01/07/2021
Kallakurichi,27193,26005,994,194,01/07/2021
Kancheepuram,70342,68460,704,1178,01/07/2021
Kanyakumari,59047,57507,552,988,01/07/2021
Karur,22077,21300,435,342,01/07/2021
Krishnagiri,39986,38641,1039,306,01/07/2021
Madurai,72377,70583,685,1109,01/07/2021
Mayiladuthurai,20177,19650,275,252,01/07/2021
Nagapattinam,17820,17291,261,268,01/07/2021
Namakkal,44810,42736,1656,418,01/07/2021
Nilgiris,28443,27569,710,164,01/07/2021
Perambalur,11089,10612,276,201,01/07/2021
Pudukottai,27042,26099,621,322,01/07/2021
Ramanathapuram,19640,19073,233,334,01/07/2021
Ranipet,40970,39578,669,723,01/07/2021
Salem,88205,85043,1685,1477,01/07/2021
Sivagangai,17751,16934,626,191,01/07/2021
Tenkasi,26422,25691,266,465,01/07/2021
Thanjavur,63812,61091,1990,731,01/07/2021
Theni,42367,41450,424,493,01/07/2021
Thirupathur,27587,26728,285,574,01/07/2021
Thiruvallur,111135,108556,871,1708,01/07/2021
Thiruvannamalai,49524,47811,1114,599,01/07/2021
Thiruvarur,36889,35961,596,332,01/07/2021
Thoothukudi,54401,53621,402,378,01/07/2021
Tirunelveli,47244,46456,378,410,01/07/2021
Tiruppur,82723,80294,1666,763,01/07/2021
Trichy,69473,67362,1197,914,01/07/2021
Vellore,46961,45381,526,1054,01/07/2021
Villupuram,42535,41728,477,330,01/07/2021
Virudhunagar,44604,43525,551,528,01/07/2021
AirportSurveillance(International),1005,1002,2,1,01/07/2021
AirportSurveillance(Domestic),1075,1074,0,1,01/07/2021
RailwaySurveillance,428,428,0,0,01/07/2021
Ariyalur,14965,14289,460,216,02/07/2021
Chengalpattu,157280,153145,1770,2365,02/07/2021
Chennai,532992,522083,2713,8196,02/07/2021
Coimbatore,220493,215053,3382,2058,02/07/2021
Cuddalore,58176,56472,937,767,02/07/2021
Dharmapuri,24703,23605,890,208,02/07/2021
Dindigul,31697,30736,368,593,02/07/2021
Erode,90183,85463,4123,597,02/07/2021
Kallakurichi,27292,26101,997,194,02/07/2021
Kancheepuram,70410,68517,713,1180,02/07/2021
Kanyakumari,59113,57545,580,988,02/07/2021
Karur,22128,21397,389,342,02/07/2021
Krishnagiri,40082,38785,990,307,02/07/2021
Madurai,72460,70620,727,1113,02/07/2021
Mayiladuthurai,20213,19694,267,252,02/07/2021
Nagapattinam,17852,17303,279,270,02/07/2021
Namakkal,44943,42946,1579,418,02/07/2021
Nilgiris,28527,27611,752,164,02/07/2021
Perambalur,11116,10631,283,202,02/07/2021
Pudukottai,27123,26158,636,329,02/07/2021
Ramanathapuram,19665,19104,226,335,02/07/2021
Ranipet,41031,39640,666,725,02/07/2021
Salem,88561,85501,1583,1477,02/07/2021
Sivagangai,17813,17008,613,192,02/07/2021
Tenkasi,26438,25702,270,466,02/07/2021
Thanjavur,64025,61289,1975,761,02/07/2021
Theni,42419,41506,420,493,02/07/2021
Thirupathur,27615,26785,254,576,02/07/2021
Thiruvallur,111236,108634,892,1710,02/07/2021
Thiruvannamalai,49699,47939,1158,602,02/07/2021
Thiruvarur,36948,36055,558,335,02/07/2021
Thoothukudi,54457,53645,434,378,02/07/2021
Tirunelveli,47267,46510,345,412,02/07/2021
Tiruppur,83046,80632,1648,766,02/07/2021
Trichy,69661,67478,1269,914,02/07/2021
Vellore,46998,45416,527,1055,02/07/2021
Villupuram,42603,41779,492,332,02/07/2021
Virudhunagar,44669,43601,540,528,02/07/2021
AirportSurveillance(International),1005,1002,2,1,02/07/2021
AirportSurveillance(Domestic),1075,1074,0,1,02/07/2021
RailwaySurveillance,428,428,0,0,02/07/2021
Ariyalur,15019,14346,457,216,03/07/2021
Chengalpattu,157468,153431,1671,2366,03/07/2021
Chennai,533224,522561,2446,8217,03/07/2021
Coimbatore,220969,215910,2996,2063,03/07/2021
Cuddalore,58275,56570,938,767,03/07/2021
Dharmapuri,24796,23687,901,208,03/07/2021
Dindigul,31714,30748,367,599,03/07/2021
Erode,90469,85606,4260,603,03/07/2021
Kallakurichi,27383,26195,994,194,03/07/2021
Kancheepuram,70472,68606,685,1181,03/07/2021
Kanyakumari,59172,57564,615,993,03/07/2021
Karur,22175,21475,356,344,03/07/2021
Krishnagiri,40174,38943,923,308,03/07/2021
Madurai,72537,70684,734,1119,03/07/2021
Mayiladuthurai,20250,19726,271,253,03/07/2021
Nagapattinam,17894,17341,281,272,03/07/2021
Namakkal,45068,43174,1474,420,03/07/2021
Nilgiris,28604,27645,795,164,03/07/2021
Perambalur,11140,10670,268,202,03/07/2021
Pudukottai,27188,26239,620,329,03/07/2021
Ramanathapuram,19690,19147,207,336,03/07/2021
Ranipet,41079,39727,627,725,03/07/2021
Salem,88883,85913,1490,1480,03/07/2021
Sivagangai,17870,17097,581,192,03/07/2021
Tenkasi,26474,25715,291,468,03/07/2021
Thanjavur,64253,61478,1988,787,03/07/2021
Theni,42469,41539,436,494,03/07/2021
Thirupathur,27638,26827,233,578,03/07/2021
Thiruvallur,111336,108701,922,1713,03/07/2021
Thiruvannamalai,49861,48048,1209,604,03/07/2021
Thiruvarur,36990,36124,528,338,03/07/2021
Thoothukudi,54468,53658,431,379,03/07/2021
Tirunelveli,47283,46539,332,412,03/07/2021
Tiruppur,83354,80940,1645,769,03/07/2021
Trichy,69830,67575,1337,918,03/07/2021
Vellore,47043,45470,517,1056,03/07/2021
Villupuram,42672,41821,519,332,03/07/2021
Virudhunagar,44727,43662,533,532,03/07/2021
AirportSurveillance(International),1006,1002,3,1,03/07/2021
AirportSurveillance(Domestic),1075,1074,0,1,03/07/2021
RailwaySurveillance,428,428,0,0,03/07/2021
Ariyalur,15070,14398,456,216,04/07/2021
Chengalpattu,157655,153629,1660,2366,04/07/2021
Chennai,533432,523042,2168,8222,04/07/2021
Coimbatore,221415,216495,2851,2069,04/07/2021
Cuddalore,58372,56664,938,770,04/07/2021
Dharmapuri,24886,23782,895,209,04/07/2021
Dindigul,31751,30767,382,602,04/07/2021
Erode,90815,85981,4227,607,04/07/2021
Kallakurichi,27479,26286,998,195,04/07/2021
Kancheepuram,70531,68700,647,1184,04/07/2021
Kanyakumari,59250,57585,670,995,04/07/2021
Karur,22216,21554,318,344,04/07/2021
Krishnagiri,40260,39108,844,308,04/07/2021
Madurai,72610,70765,725,1120,04/07/2021
Mayiladuthurai,20284,19761,268,255,04/07/2021
Nagapattinam,17933,17370,290,273,04/07/2021
Namakkal,45187,43423,1341,423,04/07/2021
Nilgiris,28678,27687,827,164,04/07/2021
Perambalur,11164,10705,257,202,04/07/2021
Pudukottai,27250,26314,603,333,04/07/2021
Ramanathapuram,19716,19182,198,336,04/07/2021
Ranipet,41130,39809,596,725,04/07/2021
Salem,89121,86025,1609,1487,04/07/2021
Sivagangai,17925,17183,549,193,04/07/2021
Tenkasi,26500,25730,302,468,04/07/2021
Thanjavur,64471,61698,1978,795,04/07/2021
Theni,42514,41573,447,494,04/07/2021
Thirupathur,27663,26861,223,579,04/07/2021
Thiruvallur,111441,108779,948,1714,04/07/2021
Thiruvannamalai,49990,48179,1207,604,04/07/2021
Thiruvarur,37049,36189,521,339,04/07/2021
Thoothukudi,54514,53673,462,379,04/07/2021
Tirunelveli,47318,46570,336,412,04/07/2021
Tiruppur,83579,81214,1592,773,04/07/2021
Trichy,69998,67685,1389,924,04/07/2021
Vellore,47092,45526,506,1060,04/07/2021
Villupuram,42738,41866,540,332,04/07/2021
Virudhunagar,44781,43726,523,532,04/07/2021
AirportSurveillance(International),1006,1002,3,1,04/07/2021
AirportSurveillance(Domestic),1075,1074,0,1,04/07/2021
RailwaySurveillance,428,428,0,0,04/07/2021
Ariyalur,15119,14439,464,216,05/07/2021
Chengalpattu,157847,153802,1677,2368,05/07/2021
Chennai,533637,523473,1937,8227,05/07/2021
Coimbatore,222020,216952,2992,2076,05/07/2021
Cuddalore,58434,56729,934,771,05/07/2021
Dharmapuri,24972,23891,869,212,05/07/2021
Dindigul,31767,30778,386,603,05/07/2021
Erode,90957,86268,4080,609,05/07/2021
Kallakurichi,27565,26403,966,196,05/07/2021
Kancheepuram,70584,68792,607,1185,05/07/2021
Kanyakumari,59316,57598,723,995,05/07/2021
Karur,22253,21606,301,346,05/07/2021
Krishnagiri,40343,39236,799,308,05/07/2021
Madurai,72681,70863,693,1125,05/07/2021
Mayiladuthurai,20313,19800,258,255,05/07/2021
Nagapattinam,17968,17394,299,275,05/07/2021
Namakkal,45325,43642,1257,426,05/07/2021
Nilgiris,28771,27756,850,165,05/07/2021
Perambalur,11183,10753,227,203,05/07/2021
Pudukottai,27309,26400,572,337,05/07/2021
Ramanathapuram,19737,19230,171,336,05/07/2021
Ranipet,41183,39893,563,727,05/07/2021
Salem,89442,86171,1784,1487,05/07/2021
Sivagangai,17975,17257,526,192,05/07/2021
Tenkasi,26512,25743,301,468,05/07/2021
Thanjavur,64672,61937,1936,799,05/07/2021
Theni,42554,41622,438,494,05/07/2021
Thirupathur,27683,26886,218,579,05/07/2021
Thiruvallur,111531,108873,944,1714,05/07/2021
Thiruvannamalai,50121,48283,1231,607,05/07/2021
Thiruvarur,37071,36243,487,341,05/07/2021
Thoothukudi,54522,53684,459,379,05/07/2021
Tirunelveli,47323,46593,318,412,05/07/2021
Tiruppur,83886,81448,1665,773,05/07/2021
Trichy,70149,67781,1441,927,05/07/2021
Vellore,47140,45590,491,1059,05/07/2021
Villupuram,42798,41907,558,333,05/07/2021
Virudhunagar,44830,43797,501,532,05/07/2021
AirportSurveillance(International),1006,1002,3,1,05/07/2021
AirportSurveillance(Domestic),1075,1074,0,1,05/07/2021
RailwaySurveillance,428,428,0,0,05/07/2021
Ariyalur,15157,14492,447,218,06/07/2021
Chengalpattu,158109,154019,1720,2370,06/07/2021
Chennai,533849,523841,1776,8232,06/07/2021
Coimbatore,222632,217250,3301,2081,06/07/2021
Cuddalore,58505,56800,931,774,06/07/2021
Dharmapuri,25051,24005,833,213,06/07/2021
Dindigul,31779,30806,370,603,06/07/2021
Erode,91064,86570,3885,609,06/07/2021
Kallakurichi,27642,26535,911,196,06/07/2021
Kancheepuram,70632,68879,566,1187,06/07/2021
Kanyakumari,59327,57622,708,997,06/07/2021
Karur,22249,21638,265,346,06/07/2021
Krishnagiri,40414,39342,764,308,06/07/2021
Madurai,72746,70954,663,1129,06/07/2021
Mayiladuthurai,20335,19828,251,256,06/07/2021
Nagapattinam,17994,17406,312,276,06/07/2021
Namakkal,45444,43869,1147,428,06/07/2021
Nilgiris,28876,27849,862,165,06/07/2021
Perambalur,11197,10790,204,203,06/07/2021
Pudukottai,27360,26479,544,337,06/07/2021
Ramanathapuram,19754,19261,155,338,06/07/2021
Ranipet,41238,39981,528,729,06/07/2021
Salem,89747,86290,1966,1491,06/07/2021
Sivagangai,18022,17324,505,193,06/07/2021
Tenkasi,26532,25772,290,470,06/07/2021
Thanjavur,64808,62162,1846,800,06/07/2021
Theni,42579,41679,402,498,06/07/2021
Thirupathur,27698,26900,218,580,06/07/2021
Thiruvallur,111622,108994,911,1717,06/07/2021
Thiruvannamalai,50236,48372,1253,611,06/07/2021
Thiruvarur,37105,36305,455,345,06/07/2021
Thoothukudi,54533,53697,456,380,06/07/2021
Tirunelveli,47342,46618,312,412,06/07/2021
Tiruppur,84171,81653,1737,781,06/07/2021
Trichy,70300,67883,1486,931,06/07/2021
Vellore,47183,45662,460,1061,06/07/2021
Villupuram,42857,41976,548,333,06/07/2021
Virudhunagar,44883,43865,486,532,06/07/2021
AirportSurveillance(International),1006,1002,3,1,06/07/2021
AirportSurveillance(Domestic),1075,1074,0,1,06/07/2021
RailwaySurveillance,428,428,0,0,06/07/2021
Ariyalur,15204,14534,450,220,07/07/2021
Chengalpattu,158380,154290,1718,2372,07/07/2021
Chennai,534037,524145,1654,8238,07/07/2021
Coimbatore,223277,217541,3651,2085,07/07/2021
Cuddalore,58594,56868,950,776,07/07/2021
Dharmapuri,25124,24103,804,217,07/07/2021
Dindigul,31804,30838,363,603,07/07/2021
Erode,91082,86826,3647,609,07/07/2021
Kallakurichi,27712,26647,868,197,07/07/2021
Kancheepuram,70683,68960,533,1190,07/07/2021
Kanyakumari,59383,57658,727,998,07/07/2021
Karur,22273,21657,270,346,07/07/2021
Krishnagiri,40484,39431,744,309,07/07/2021
Madurai,72805,71037,634,1134,07/07/2021
Mayiladuthurai,20367,19849,261,257,07/07/2021
Nagapattinam,18010,17420,313,277,07/07/2021
Namakkal,45555,44090,1037,428,07/07/2021
Nilgiris,28986,27961,859,166,07/07/2021
Perambalur,11220,10821,196,203,07/07/2021
Pudukottai,27405,26544,522,339,07/07/2021
Ramanathapuram,19767,19280,148,339,07/07/2021
Ranipet,41290,40055,504,731,07/07/2021
Salem,90036,86458,2085,1493,07/07/2021
Sivagangai,18065,17385,487,193,07/07/2021
Tenkasi,26532,25809,252,471,07/07/2021
Thanjavur,64978,62379,1796,803,07/07/2021
Theni,42550,41727,320,503,07/07/2021
Thirupathur,27705,26911,212,582,07/07/2021
Thiruvallur,111714,109096,900,1718,07/07/2021
Thiruvannamalai,50343,48480,1251,612,07/07/2021
Thiruvarur,37134,36354,433,347,07/07/2021
Thoothukudi,54515,53711,424,380,07/07/2021
Tirunelveli,47351,46635,302,414,07/07/2021
Tiruppur,84457,81911,1765,781,07/07/2021
Trichy,70442,67988,1520,934,07/07/2021
Vellore,47234,45730,441,1063,07/07/2021
Villupuram,42911,42029,549,333,07/07/2021
Virudhunagar,44930,43914,483,533,07/07/2021
AirportSurveillance(International),1006,1002,3,1,07/07/2021
AirportSurveillance(Domestic),1075,1074,0,1,07/07/2021
RailwaySurveillance,428,428,0,0,07/07/2021
Ariyalur,15247,14572,455,220,08/07/2021
Chengalpattu,158570,154602,1595,2373,08/07/2021
Chennai,534310,524408,1657,8245,08/07/2021
Coimbatore,223861,217812,3957,2092,08/07/2021
Cuddalore,58669,56944,946,779,08/07/2021
Dharmapuri,25199,24181,799,219,08/07/2021
Dindigul,31821,30882,334,605,08/07/2021
Erode,91108,87067,3430,611,08/07/2021
Kallakurichi,27799,26750,852,197,08/07/2021
Kancheepuram,70732,69018,524,1190,08/07/2021
Kanyakumari,59427,57707,720,1000,08/07/2021
Karur,22291,21669,276,346,08/07/2021
Krishnagiri,40546,39502,734,310,08/07/2021
Madurai,72852,71111,603,1138,08/07/2021
Nagapattinam,18015,17446,292,277,08/07/2021
Namakkal,45658,44277,953,428,08/07/2021
Nilgiris,29112,28087,858,167,08/07/2021
Perambalur,11223,10845,174,204,08/07/2021
Pudukottai,27434,26597,497,340,08/07/2021
Ramanathapuram,19777,19291,147,339,08/07/2021
Salem,90306,86641,2172,1493,08/07/2021
Sivagangai,18104,17438,473,193,08/07/2021
Tenkasi,26559,25843,242,474,08/07/2021
Thanjavur,65121,62575,1742,804,08/07/2021
Theni,42548,41754,291,503,08/07/2021
Thirupathur,27732,26924,226,582,08/07/2021
Thiruvallur,111803,109194,890,1719,08/07/2021
Thiruvannamalai,50440,48591,1234,615,08/07/2021
Thiruvarur,37178,36394,436,348,08/07/2021
Thoothukudi,54526,53730,416,380,08/07/2021
Tirunelveli,47364,46659,288,417,08/07/2021
Tiruppur,84703,82208,1711,784,08/07/2021
Trichy,70575,68096,1544,935,08/07/2021
Vellore,47279,45794,419,1066,08/07/2021
Villupuram,42951,42088,529,334,08/07/2021
Virudhunagar,44974,43951,488,535,08/07/2021
AirportSurveillance(International),1006,1002,3,1,08/07/2021
AirportSurveillance(Domestic),1075,1074,0,1,08/07/2021
RailwaySurveillance,428,428,0,0,08/07/2021
Ariyalur,15282,14618,443,221,09/07/2021
Chengalpattu,158729,154890,1467,2372,09/07/2021
Chennai,534557,524659,1646,8252,09/07/2021
Coimbatore,224376,218158,4121,2097,09/07/2021
Cuddalore,58763,57015,967,781,09/07/2021
Dharmapuri,25267,24244,803,220,09/07/2021
Dindigul,31822,30917,299,606,09/07/2021
Erode,91168,87314,3242,612,09/07/2021
Kallakurichi,27879,26842,840,197,09/07/2021
Kancheepuram,70779,69067,520,1192,09/07/2021
Kanyakumari,59447,57765,681,1001,09/07/2021
Karur,22305,21684,275,346,09/07/2021
Krishnagiri,40603,39556,736,311,09/07/2021
Madurai,72897,71172,585,1140,09/07/2021
Mayiladuthurai,20430,19883,290,257,09/07/2021
Nagapattinam,18037,17467,293,277,09/07/2021
Namakkal,45788,44460,899,429,09/07/2021
Nilgiris,29215,28201,845,169,09/07/2021
Perambalur,11240,10862,172,206,09/07/2021
Pudukottai,27460,26635,484,341,09/07/2021
Ramanathapuram,19785,19303,143,339,09/07/2021
Ranipet,41381,40178,470,733,09/07/2021
Salem,90502,86828,2175,1499,09/07/2021
Sivagangai,18156,17479,484,193,09/07/2021
Tenkasi,26567,25871,220,476,09/07/2021
Thanjavur,65197,62749,1640,808,09/07/2021
Theni,42575,41770,299,506,09/07/2021
Thirupathur,27756,26935,238,583,09/07/2021
Thiruvallur,111895,109276,898,1721,09/07/2021
Thiruvannamalai,50547,48683,1246,618,09/07/2021
Thiruvarur,37218,36428,441,349,09/07/2021
Thoothukudi,54559,53745,432,382,09/07/2021
Tirunelveli,47378,46678,283,417,09/07/2021
Tiruppur,84975,82527,1656,792,09/07/2021
Trichy,70702,68222,1544,936,09/07/2021
Vellore,47326,45855,401,1070,09/07/2021
Villupuram,43013,42135,544,334,09/07/2021
Virudhunagar,45013,43977,499,537,09/07/2021
AirportSurveillance(International),1006,1002,3,1,09/07/2021
AirportSurveillance(Domestic),1075,1074,0,1,09/07/2021
RailwaySurveillance,428,428,0,0,09/07/2021
Ariyalur,15315,14666,428,221,10/07/2021
Chengalpattu,159013,155183,1457,2373,10/07/2021
Chennai,534819,524904,1659,8256,10/07/2021
Coimbatore,224744,218536,4108,2100,10/07/2021
Cuddalore,58852,57101,963,788,10/07/2021
Dharmapuri,25332,24311,799,222,10/07/2021
Dindigul,31834,30946,281,607,10/07/2021
Erode,91130,87521,2997,612,10/07/2021
Kallakurichi,27971,26955,819,197,10/07/2021
Kancheepuram,70841,69125,523,1193,10/07/2021
Kanyakumari,59427,57821,604,1002,10/07/2021
Karur,22328,21696,285,347,10/07/2021
Krishnagiri,40656,39621,723,312,10/07/2021
Madurai,72956,71220,596,1140,10/07/2021
Mayiladuthurai,20461,19902,302,257,10/07/2021
Nagapattinam,18083,17484,320,279,10/07/2021
Namakkal,45885,44602,851,432,10/07/2021
Nilgiris,29314,28295,849,170,10/07/2021
Perambalur,11256,10874,174,208,10/07/2021
Pudukottai,27505,26658,504,343,10/07/2021
Ramanathapuram,19792,19314,139,339,10/07/2021
Ranipet,41425,40223,470,732,10/07/2021
Salem,90692,87034,2155,1503,10/07/2021
Sivagangai,18202,17526,483,193,10/07/2021
Tenkasi,26584,25894,214,476,10/07/2021
Thanjavur,65365,62897,1658,810,10/07/2021
Theni,42597,41782,309,506,10/07/2021
Thirupathur,27763,26948,232,583,10/07/2021
Thiruvallur,111982,109365,895,1722,10/07/2021
Thiruvannamalai,50631,48780,1232,619,10/07/2021
Thiruvarur,37217,36452,414,351,10/07/2021
Thoothukudi,54602,53762,458,382,10/07/2021
Tirunelveli,47396,46699,280,417,10/07/2021
Tiruppur,85228,82823,1607,798,10/07/2021
Trichy,70822,68356,1530,936,10/07/2021
Vellore,47364,45907,385,1072,10/07/2021
Villupuram,43069,42173,562,334,10/07/2021
Virudhunagar,45049,44013,499,537,10/07/2021
AirportSurveillance(International),1006,1002,3,1,10/07/2021
AirportSurveillance(Domestic),1075,1074,0,1,10/07/2021
RailwaySurveillance,428,428,0,0,10/07/2021
Ariyalur,15347,14703,423,221,11/07/2021
Chengalpattu,159220,155479,1368,2373,11/07/2021
Chennai,535044,525127,1661,8256,11/07/2021
Coimbatore,225043,218930,4006,2107,11/07/2021
Cuddalore,58939,57192,954,793,11/07/2021
Dharmapuri,25391,24387,780,224,11/07/2021
Dindigul,31832,30967,258,607,11/07/2021
Erode,91157,87695,2847,615,11/07/2021
Kallakurichi,28038,27047,794,197,11/07/2021
Kancheepuram,70885,69182,509,1194,11/07/2021
Kanyakumari,59470,57874,593,1003,11/07/2021
Karur,22352,21707,298,347,11/07/2021
Krishnagiri,40710,39682,716,312,11/07/2021
Madurai,72993,71263,590,1140,11/07/2021
Mayiladuthurai,20483,19917,308,258,11/07/2021
Nagapattinam,18131,17508,343,280,11/07/2021
Namakkal,45976,44711,831,434,11/07/2021
Nilgiris,29402,28373,858,171,11/07/2021
Perambalur,11273,10884,181,208,11/07/2021
Pudukottai,27547,26691,513,343,11/07/2021
Ramanathapuram,19797,19326,132,339,11/07/2021
Ranipet,41464,40257,475,732,11/07/2021
Salem,90870,87272,2086,1512,11/07/2021
Sivagangai,18242,17561,488,193,11/07/2021
Tenkasi,26604,25921,207,476,11/07/2021
Thanjavur,65564,63013,1739,812,11/07/2021
Theni,42625,41795,324,506,11/07/2021
Thirupathur,27799,26959,257,583,11/07/2021
Thiruvallur,112066,109462,881,1723,11/07/2021
Thiruvannamalai,50710,48874,1215,621,11/07/2021
Thiruvarur,37260,36484,423,353,11/07/2021
Thoothukudi,54647,53790,475,382,11/07/2021
Tirunelveli,47414,46736,260,418,11/07/2021
Tiruppur,85453,83101,1552,800,11/07/2021
Trichy,70927,68500,1491,936,11/07/2021
Vellore,47402,45944,382,1076,11/07/2021
Villupuram,43119,42204,581,334,11/07/2021
Virudhunagar,45081,44039,505,537,11/07/2021
AirportSurveillance(International),1006,1002,3,1,11/07/2021
AirportSurveillance(Domestic),1075,1074,0,1,11/07/2021
RailwaySurveillance,428,428,0,0,11/07/2021
Ariyalur,15368,14741,405,222,12/07/2021
Chengalpattu,159430,155762,1294,2374,12/07/2021
Chennai,535278,525336,1680,8262,12/07/2021
Coimbatore,225334,219322,3905,2107,12/07/2021
Cuddalore,59020,57288,940,792,12/07/2021
Dharmapuri,25443,24461,757,225,12/07/2021
Dindigul,31853,30993,253,607,12/07/2021
Erode,91205,87848,2742,615,12/07/2021
Kallakurichi,28104,27123,784,197,12/07/2021
Kancheepuram,70921,69235,491,1195,12/07/2021
Kanyakumari,59472,57922,543,1007,12/07/2021
Karur,22374,21723,304,347,12/07/2021
Krishnagiri,40759,39754,693,312,12/07/2021
Madurai,73026,71314,572,1140,12/07/2021
Mayiladuthurai,20508,19936,312,260,12/07/2021
Nagapattinam,18161,17524,355,282,12/07/2021
Namakkal,46055,44798,823,434,12/07/2021
Nilgiris,29486,28438,876,172,12/07/2021
Perambalur,11286,10898,180,208,12/07/2021
Pudukottai,27585,26729,510,346,12/07/2021
Ramanathapuram,19816,19336,141,339,12/07/2021
Ranipet,41500,40298,470,732,12/07/2021
Salem,91043,87499,2031,1513,12/07/2021
Sivagangai,18277,17600,483,194,12/07/2021
Tenkasi,26619,25949,194,476,12/07/2021
Thanjavur,65747,63108,1823,816,12/07/2021
Theni,42650,41813,331,506,12/07/2021
Thirupathur,27830,26974,273,583,12/07/2021
Thiruvallur,112144,109564,854,1726,12/07/2021
Thiruvannamalai,50788,48990,1177,621,12/07/2021
Thiruvarur,37296,36529,412,355,12/07/2021
Thoothukudi,54692,53827,483,382,12/07/2021
Tirunelveli,47433,46770,245,418,12/07/2021
Tiruppur,85673,83329,1543,801,12/07/2021
Trichy,71033,68641,1454,938,12/07/2021
Vellore,47437,45967,393,1077,12/07/2021
Villupuram,43171,42242,595,334,12/07/2021
Virudhunagar,45112,44080,495,537,12/07/2021
AirportSurveillance(International),1006,1002,3,1,12/07/2021
AirportSurveillance(Domestic),1075,1074,0,1,12/07/2021
RailwaySurveillance,428,428,0,0,12/07/2021
Ariyalur,15394,14782,386,226,13/07/2021
Chengalpattu,159645,156026,1242,2377,13/07/2021
Chennai,535439,525523,1649,8267,13/07/2021
Coimbatore,225617,219730,3779,2108,13/07/2021
Cuddalore,59086,57380,914,792,13/07/2021
Dharmapuri,25496,24544,726,226,13/07/2021
Dindigul,31872,31021,239,612,13/07/2021
Erode,91305,88022,2668,615,13/07/2021
Kallakurichi,28164,27195,772,197,13/07/2021
Kancheepuram,70956,69286,472,1198,13/07/2021
Kanyakumari,59492,57958,527,1007,13/07/2021
Karur,22383,21741,294,348,13/07/2021
Krishnagiri,40801,39822,667,312,13/07/2021
Madurai,73057,71357,560,1140,13/07/2021
Mayiladuthurai,20554,19958,336,260,13/07/2021
Nagapattinam,18183,17542,359,282,13/07/2021
Namakkal,46135,44872,829,434,13/07/2021
Nilgiris,29556,28499,885,172,13/07/2021
Perambalur,11299,10911,180,208,13/07/2021
Pudukottai,27622,26773,501,348,13/07/2021
Ramanathapuram,19829,19345,145,339,13/07/2021
Ranipet,41534,40344,458,732,13/07/2021
Salem,91206,87717,1970,1519,13/07/2021
Sivagangai,18318,17649,475,194,13/07/2021
Tenkasi,26627,25970,180,477,13/07/2021
Thanjavur,65929,63205,1906,818,13/07/2021
Theni,42672,41836,330,506,13/07/2021
Thirupathur,27855,26990,281,584,13/07/2021
Thiruvallur,112209,109653,829,1727,13/07/2021
Thiruvannamalai,50862,49118,1121,623,13/07/2021
Thiruvarur,37303,36570,375,358,13/07/2021
Thoothukudi,54726,53874,469,383,13/07/2021
Tirunelveli,47457,46802,237,418,13/07/2021
Tiruppur,85897,83515,1576,806,13/07/2021
Trichy,71129,68787,1403,939,13/07/2021
Vellore,47468,45988,403,1077,13/07/2021
Villupuram,43216,42281,601,334,13/07/2021
Virudhunagar,45140,44133,470,537,13/07/2021
AirportSurveillance(International),1007,1002,4,1,13/07/2021
AirportSurveillance(Domestic),1075,1074,0,1,13/07/2021
RailwaySurveillance,428,428,0,0,13/07/2021
Ariyalur,15422,14815,381,226,14/07/2021
Chengalpattu,159770,156257,1136,2377,14/07/2021
Chennai,535588,525687,1629,8272,14/07/2021
Coimbatore,225889,220144,3629,2116,14/07/2021
Cuddalore,59180,57469,917,794,14/07/2021
Dharmapuri,25539,24622,690,227,14/07/2021
Dindigul,31890,31047,230,613,14/07/2021
Erode,91472,88215,2641,616,14/07/2021
Kallakurichi,28231,27269,765,197,14/07/2021
Kancheepuram,70990,69334,457,1199,14/07/2021
Kanyakumari,59546,58000,537,1009,14/07/2021
Karur,22399,21764,286,349,14/07/2021
Krishnagiri,40844,39887,644,313,14/07/2021
Madurai,73087,71404,543,1140,14/07/2021
Mayiladuthurai,20590,19986,343,261,14/07/2021
Nagapattinam,18213,17563,367,283,14/07/2021
Namakkal,46205,44950,821,434,14/07/2021
Nilgiris,29625,28555,898,172,14/07/2021
Perambalur,11313,10925,178,210,14/07/2021
Pudukottai,27658,26818,491,349,14/07/2021
Ramanathapuram,19841,19356,145,340,14/07/2021
Ranipet,41564,40386,446,732,14/07/2021
Salem,91371,87944,1906,1521,14/07/2021
Sivagangai,18365,17702,469,194,14/07/2021
Tenkasi,26641,25988,176,477,14/07/2021
Thanjavur,66102,63311,1968,823,14/07/2021
Theni,42698,41862,328,508,14/07/2021
Thirupathur,27879,27002,291,586,14/07/2021
Thiruvallur,112275,109739,807,1729,14/07/2021
Thiruvannamalai,50936,49242,1070,624,14/07/2021
Thiruvarur,37332,36609,363,360,14/07/2021
Thoothukudi,54764,53932,448,384,14/07/2021
Tirunelveli,47481,46836,224,421,14/07/2021
Tiruppur,86044,83679,1557,808,14/07/2021
Trichy,71215,68924,1349,942,14/07/2021
Vellore,47506,46012,416,1078,14/07/2021
Villupuram,43261,42324,603,334,14/07/2021
Virudhunagar,45165,44181,447,537,14/07/2021
AirportSurveillance(International),1007,1002,4,1,14/07/2021
AirportSurveillance(Domestic),1075,1074,0,1,14/07/2021
RailwaySurveillance,428,428,0,0,14/07/2021
Ariyalur,15452,14852,372,228,15/07/2021
Chengalpattu,159947,156451,1116,2380,15/07/2021
Chennai,535747,525835,1633,8279,15/07/2021
Coimbatore,226151,220576,3453,2122,15/07/2021
Cuddalore,59266,57560,913,793,15/07/2021
Dharmapuri,25580,24705,646,229,15/07/2021
Dindigul,31912,31068,230,614,15/07/2021
Erode,91618,88434,2568,616,15/07/2021
Kallakurichi,28303,27347,759,197,15/07/2021
Kancheepuram,71035,69380,455,1200,15/07/2021
Kanyakumari,59584,58048,525,1011,15/07/2021
Karur,22415,21790,276,349,15/07/2021
Krishnagiri,40884,39958,612,314,15/07/2021
Madurai,73121,71457,524,1140,15/07/2021
Mayiladuthurai,20618,20018,338,262,15/07/2021
Nagapattinam,18241,17579,378,284,15/07/2021
Namakkal,46277,45016,827,434,15/07/2021
Nilgiris,29692,28607,913,172,15/07/2021
Perambalur,11337,10937,187,213,15/07/2021
Pudukottai,27684,26865,470,349,15/07/2021
Ramanathapuram,19856,19364,151,341,15/07/2021
Ranipet,41591,40430,429,732,15/07/2021
Salem,91527,88180,1823,1524,15/07/2021
Sivagangai,18395,17753,448,194,15/07/2021
Tenkasi,26652,26000,175,477,15/07/2021
Thanjavur,66267,63432,2010,825,15/07/2021
Theni,42722,41891,323,508,15/07/2021
Thirupathur,27899,27017,293,589,15/07/2021
Thiruvallur,112332,109821,780,1731,15/07/2021
Thiruvannamalai,51009,49368,1015,626,15/07/2021
Thiruvarur,37354,36637,355,362,15/07/2021
Thoothukudi,54795,53994,417,384,15/07/2021
Tirunelveli,47501,46867,213,421,15/07/2021
Tiruppur,86184,83813,1561,810,15/07/2021
Trichy,71303,69066,1293,944,15/07/2021
Vellore,47546,46033,435,1078,15/07/2021
Villupuram,43301,42372,594,335,15/07/2021
Virudhunagar,45198,44225,436,537,15/07/2021
AirportSurveillance(International),1007,1002,4,1,15/07/2021
AirportSurveillance(Domestic),1075,1074,0,1,15/07/2021
RailwaySurveillance,428,428,0,0,15/07/2021
Ariyalur,15478,14887,361,230,16/07/2021
Chengalpattu,160119,156638,1097,2384,16/07/2021
Chennai,535902,525977,1639,8286,16/07/2021
Coimbatore,226404,220994,3284,2126,16/07/2021
Cuddalore,59338,57653,888,797,16/07/2021
Dharmapuri,25616,24782,604,230,16/07/2021
Dindigul,31930,31092,224,614,16/07/2021
Erode,91713,88665,2430,618,16/07/2021
Kallakurichi,28373,27430,746,197,16/07/2021
Kancheepuram,71078,69429,449,1200,16/07/2021
Kanyakumari,59628,58100,518,1010,16/07/2021
Karur,22430,21818,263,349,16/07/2021
Krishnagiri,40921,40025,582,314,16/07/2021
Madurai,73148,71526,482,1140,16/07/2021
Mayiladuthurai,20645,20049,333,263,16/07/2021
Nagapattinam,18259,17598,376,285,16/07/2021
Namakkal,46350,45085,830,435,16/07/2021
Nilgiris,29750,28661,917,172,16/07/2021
Perambalur,11354,10951,189,214,16/07/2021
Pudukottai,27715,26917,447,351,16/07/2021
Ramanathapuram,19869,19375,153,341,16/07/2021
Ranipet,41611,40476,401,734,16/07/2021
Salem,91699,88388,1787,1524,16/07/2021
Sivagangai,18431,17802,435,194,16/07/2021
Tenkasi,26662,26010,175,477,16/07/2021
Thanjavur,66398,63566,2006,826,16/07/2021
Theni,42742,41923,310,509,16/07/2021
Thirupathur,27914,27035,289,590,16/07/2021
Thiruvallur,112408,109897,776,1735,16/07/2021
Thiruvannamalai,51100,49487,986,627,16/07/2021
Thiruvarur,37391,36661,367,363,16/07/2021
Thoothukudi,54821,54050,387,384,16/07/2021
Tirunelveli,47517,46894,200,423,16/07/2021
Tiruppur,86346,83939,1597,810,16/07/2021
Trichy,71389,69199,1246,944,16/07/2021
Vellore,47586,46056,448,1082,16/07/2021
Villupuram,43347,42424,588,335,16/07/2021
Virudhunagar,45226,44273,416,537,16/07/2021
AirportSurveillance(International),1007,1002,4,1,16/07/2021
AirportSurveillance(Domestic),1075,1074,0,1,16/07/2021
RailwaySurveillance,428,428,0,0,16/07/2021
Ariyalur,15498,14919,349,230,17/07/2021
Chengalpattu,160247,156753,1110,2384,17/07/2021
Chennai,536032,526108,1632,8292,17/07/2021
Coimbatore,226647,221419,3100,2128,17/07/2021
Cuddalore,59417,57735,881,801,17/07/2021
Dharmapuri,25646,24847,569,230,17/07/2021
Dindigul,31943,31113,215,615,17/07/2021
Erode,91858,88889,2351,618,17/07/2021
Kallakurichi,28446,27502,747,197,17/07/2021
Kancheepuram,71117,69476,441,1200,17/07/2021
Kanyakumari,59662,58144,506,1012,17/07/2021
Karur,22447,21840,257,350,17/07/2021
Krishnagiri,40953,40080,557,316,17/07/2021
Madurai,73172,71590,442,1140,17/07/2021
Mayiladuthurai,20668,20078,326,264,17/07/2021
Nagapattinam,18291,17615,390,286,17/07/2021
Namakkal,46411,45147,828,436,17/07/2021
Nilgiris,29810,28712,926,172,17/07/2021
Perambalur,11366,10961,191,214,17/07/2021
Pudukottai,27748,26955,442,351,17/07/2021
Ramanathapuram,19887,19387,158,342,17/07/2021
Ranipet,41641,40509,398,734,17/07/2021
Salem,91865,88578,1762,1525,17/07/2021
Sivagangai,18465,17857,414,194,17/07/2021
Tenkasi,26677,26021,179,477,17/07/2021
Thanjavur,66547,63805,1913,829,17/07/2021
Theni,42760,41956,295,509,17/07/2021
Thirupathur,27933,27050,290,593,17/07/2021
Thiruvallur,112487,109961,788,1738,17/07/2021
Thiruvannamalai,51193,49585,980,628,17/07/2021
Thiruvarur,37426,36689,374,363,17/07/2021
Thoothukudi,54841,54086,371,384,17/07/2021
Tirunelveli,47533,46917,192,424,17/07/2021
Tiruppur,86476,84060,1605,811,17/07/2021
Trichy,71465,69318,1199,948,17/07/2021
Vellore,47618,46082,451,1085,17/07/2021
Villupuram,43369,42478,555,336,17/07/2021
Virudhunagar,45251,44312,402,537,17/07/2021
AirportSurveillance(International),1007,1002,4,1,17/07/2021
AirportSurveillance(Domestic),1075,1074,0,1,17/07/2021
RailwaySurveillance,428,428,0,0,17/07/2021
Ariyalur,15517,14955,332,230,18/07/2021
Chengalpattu,160488,156879,1224,2385,18/07/2021
Chennai,536206,526247,1663,8296,18/07/2021
Coimbatore,226869,221810,2927,2132,18/07/2021
Cuddalore,59497,57812,884,801,18/07/2021
Dharmapuri,25681,24903,548,230,18/07/2021
Dindigul,31967,31135,215,617,18/07/2021
Erode,91944,89105,2220,619,18/07/2021
Kallakurichi,28494,27570,727,197,18/07/2021
Kancheepuram,71164,69517,446,1201,18/07/2021
Kanyakumari,59697,58187,498,1012,18/07/2021
Karur,22465,21863,252,350,18/07/2021
Krishnagiri,40978,40137,523,318,18/07/2021
Madurai,73199,71651,408,1140,18/07/2021
Mayiladuthurai,20689,20109,316,264,18/07/2021
Nagapattinam,18331,17637,408,286,18/07/2021
Namakkal,46471,45214,821,436,18/07/2021
Nilgiris,29864,28776,916,172,18/07/2021
Perambalur,11375,10973,188,214,18/07/2021
Pudukottai,27770,26996,422,352,18/07/2021
Ramanathapuram,19900,19403,155,342,18/07/2021
Ranipet,41660,40546,378,736,18/07/2021
Salem,92005,88756,1722,1527,18/07/2021
Sivagangai,18493,17903,396,194,18/07/2021
Tenkasi,26685,26033,175,477,18/07/2021
Thanjavur,66613,64018,1765,830,18/07/2021
Theni,42769,41980,278,511,18/07/2021
Thirupathur,27948,27066,288,594,18/07/2021
Thiruvallur,112562,110032,791,1739,18/07/2021
Thiruvannamalai,51276,49688,960,628,18/07/2021
Thiruvarur,37455,36725,367,363,18/07/2021
Thoothukudi,54858,54119,354,385,18/07/2021
Tirunelveli,47555,46933,198,424,18/07/2021
Tiruppur,86597,84179,1605,813,18/07/2021
Trichy,71542,69424,1170,948,18/07/2021
Vellore,47648,46113,449,1086,18/07/2021
Villupuram,43387,42527,524,336,18/07/2021
Virudhunagar,45273,44356,380,537,18/07/2021
AirportSurveillance(International),1007,1002,4,1,18/07/2021
AirportSurveillance(Domestic),1075,1074,0,1,18/07/2021
RailwaySurveillance,428,428,0,0,18/07/2021
Ariyalur,15538,14989,319,230,19/07/2021
Chengalpattu,160607,156987,1234,2386,19/07/2021
Chennai,536351,526369,1683,8299,19/07/2021
Coimbatore,227079,222167,2777,2135,19/07/2021
Cuddalore,59590,57881,907,802,19/07/2021
Dharmapuri,25714,24961,523,230,19/07/2021
Dindigul,31982,31153,212,617,19/07/2021
Erode,92063,89342,2102,619,19/07/2021
Kallakurichi,28543,27626,720,197,19/07/2021
Kancheepuram,71208,69556,451,1201,19/07/2021
Kanyakumari,59744,58231,501,1012,19/07/2021
Karur,22483,21889,244,350,19/07/2021
Krishnagiri,41000,40190,492,318,19/07/2021
Madurai,73224,71707,377,1140,19/07/2021
Mayiladuthurai,20717,20141,311,265,19/07/2021
Nagapattinam,18358,17660,411,287,19/07/2021
Namakkal,46530,45275,818,437,19/07/2021
Nilgiris,29916,28848,896,172,19/07/2021
Perambalur,11382,10983,184,215,19/07/2021
Pudukottai,27799,27034,411,354,19/07/2021
Ramanathapuram,19911,19415,152,344,19/07/2021
Ranipet,41678,40577,364,737,19/07/2021
Salem,92142,88909,1705,1528,19/07/2021
Sivagangai,18515,17934,387,194,19/07/2021
Tenkasi,26696,26048,171,477,19/07/2021
Thanjavur,66714,64196,1684,834,19/07/2021
Theni,42780,42001,268,511,19/07/2021
Thirupathur,27970,27080,296,594,19/07/2021
Thiruvallur,112629,110110,778,1741,19/07/2021
Thiruvannamalai,51354,49799,927,628,19/07/2021
Thiruvarur,37483,36760,360,363,19/07/2021
Thoothukudi,54873,54146,341,386,19/07/2021
Tirunelveli,47573,46950,199,424,19/07/2021
Tiruppur,86709,84281,1614,814,19/07/2021
Trichy,71614,69522,1143,949,19/07/2021
Vellore,47681,46149,445,1087,19/07/2021
Villupuram,43418,42574,508,336,19/07/2021
Virudhunagar,45294,44395,362,537,19/07/2021
AirportSurveillance(International),1008,1002,5,1,19/07/2021
AirportSurveillance(Domestic),1075,1074,0,1,19/07/2021
RailwaySurveillance,428,428,0,0,19/07/2021
Ariyalur,15552,15018,304,230,20/07/2021
Chengalpattu,160762,157099,1275,2388,20/07/2021
Chennai,536493,526504,1687,8302,20/07/2021
Coimbatore,227283,222495,2648,2140,20/07/2021
Cuddalore,59676,57943,931,802,20/07/2021
Dharmapuri,25742,25017,495,230,20/07/2021
Dindigul,31997,31167,213,617,20/07/2021
Erode,92189,89550,2016,623,20/07/2021
Kallakurichi,28591,27684,710,197,20/07/2021
Kancheepuram,71247,69598,449,1200,20/07/2021
Kanyakumari,59769,58279,477,1013,20/07/2021
Karur,22496,21918,228,350,20/07/2021
Krishnagiri,41024,40234,472,318,20/07/2021
Madurai,73252,71754,358,1140,20/07/2021
Mayiladuthurai,20733,20169,298,266,20/07/2021
Nagapattinam,18387,17681,420,286,20/07/2021
Namakkal,46587,45354,796,437,20/07/2021
Nilgiris,29961,28924,864,173,20/07/2021
Perambalur,11398,10994,189,215,20/07/2021
Pudukottai,27825,27068,402,355,20/07/2021
Ramanathapuram,19920,19424,151,345,20/07/2021
Ranipet,41705,40605,362,738,20/07/2021
Salem,92277,89056,1691,1530,20/07/2021
Sivagangai,18543,17960,389,194,20/07/2021
Tenkasi,26697,26065,155,477,20/07/2021
Thanjavur,66814,64348,1632,834,20/07/2021
Theni,42795,42023,261,511,20/07/2021
Thirupathur,27991,27096,300,595,20/07/2021
Thiruvallur,112686,110180,765,1741,20/07/2021
Thiruvannamalai,51428,49896,900,632,20/07/2021
Thiruvarur,37508,36793,352,363,20/07/2021
Thoothukudi,54885,54164,335,386,20/07/2021
Tirunelveli,47589,46963,202,424,20/07/2021
Tiruppur,86818,84407,1596,815,20/07/2021
Trichy,71676,69615,1110,951,20/07/2021
Vellore,47716,46190,438,1088,20/07/2021
Villupuram,43442,42612,493,337,20/07/2021
Virudhunagar,45312,44427,348,537,20/07/2021
AirportSurveillance(International),1008,1002,5,1,20/07/2021
AirportSurveillance(Domestic),1075,1074,0,1,20/07/2021
RailwaySurveillance,428,428,0,0,20/07/2021
Ariyalur,15558,15042,286,230,21/07/2021
Chengalpattu,160935,157217,1330,2388,21/07/2021
Chennai,536623,526646,1673,8304,21/07/2021
Coimbatore,227467,222801,2525,2141,21/07/2021
Cuddalore,59748,58017,929,802,21/07/2021
Dharmapuri,25774,25082,461,231,21/07/2021
Dindigul,32024,31178,229,617,21/07/2021
Erode,92325,89763,1936,626,21/07/2021
Kallakurichi,28634,27738,699,197,21/07/2021
Kancheepuram,71293,69635,457,1201,21/07/2021
Kanyakumari,59805,58324,467,1014,21/07/2021
Karur,22504,21942,212,350,21/07/2021
Krishnagiri,41052,40282,452,318,21/07/2021
Madurai,73282,71797,345,1140,21/07/2021
Mayiladuthurai,20769,20195,308,266,21/07/2021
Nagapattinam,18391,17705,400,286,21/07/2021
Namakkal,46648,45437,773,438,21/07/2021
Nilgiris,30013,29002,838,173,21/07/2021
Perambalur,11401,11003,183,215,21/07/2021
Pudukottai,27831,27099,376,356,21/07/2021
Ramanathapuram,19933,19434,153,346,21/07/2021
Ranipet,41732,40638,356,738,21/07/2021
Salem,92397,89210,1653,1534,21/07/2021
Sivagangai,18563,17978,390,195,21/07/2021
Tenkasi,26709,26079,153,477,21/07/2021
Thanjavur,66901,64485,1582,834,21/07/2021
Theni,42809,42040,258,511,21/07/2021
Thirupathur,28009,27115,297,597,21/07/2021
Thiruvallur,112760,110256,763,1741,21/07/2021
Thiruvannamalai,51493,49988,872,633,21/07/2021
Thiruvarur,37533,36822,348,363,21/07/2021
Thoothukudi,54890,54178,325,387,21/07/2021
Tirunelveli,47621,46974,223,424,21/07/2021
Tiruppur,86916,84539,1562,815,21/07/2021
Trichy,71749,69713,1082,954,21/07/2021
Vellore,47754,46236,428,1090,21/07/2021
Villupuram,43476,42644,495,337,21/07/2021
Virudhunagar,45329,44463,328,538,21/07/2021
AirportSurveillance(International),1013,1002,10,1,21/07/2021
AirportSurveillance(Domestic),1076,1074,1,1,21/07/2021
RailwaySurveillance,428,428,0,0,21/07/2021
Ariyalur,15581,15068,283,230,22/07/2021
Chengalpattu,161033,157341,1303,2389,22/07/2021
Chennai,536756,526793,1658,8305,22/07/2021
Coimbatore,227648,223113,2388,2147,22/07/2021
Cuddalore,59824,58100,921,803,22/07/2021
Dharmapuri,25814,25143,440,231,22/07/2021
Dindigul,32044,31192,235,617,22/07/2021
Erode,92452,89968,1858,626,22/07/2021
Kallakurichi,28677,27789,691,197,22/07/2021
Kancheepuram,71335,69674,460,1201,22/07/2021
Kanyakumari,59840,58365,461,1014,22/07/2021
Karur,22518,21964,204,350,22/07/2021
Krishnagiri,41076,40325,431,320,22/07/2021
Madurai,73307,71838,329,1140,22/07/2021
Mayiladuthurai,20797,20220,312,265,22/07/2021
Nagapattinam,18419,17732,401,286,22/07/2021
Namakkal,46702,45539,725,438,22/07/2021
Nilgiris,30073,29084,816,173,22/07/2021
Perambalur,11410,11016,179,215,22/07/2021
Pudukottai,27864,27133,374,357,22/07/2021
Ramanathapuram,19945,19445,152,348,22/07/2021
Ranipet,41758,40674,345,739,22/07/2021
Salem,92513,89352,1627,1534,22/07/2021
Sivagangai,18582,17999,388,195,22/07/2021
Tenkasi,26720,26092,150,478,22/07/2021
Thanjavur,66995,64619,1539,837,22/07/2021
Theni,42821,42061,247,513,22/07/2021
Thirupathur,28035,27132,306,597,22/07/2021
Thiruvallur,112816,110335,738,1743,22/07/2021
Thiruvannamalai,51553,50084,834,635,22/07/2021
Thiruvarur,37567,36849,354,364,22/07/2021
Thoothukudi,54911,54196,327,388,22/07/2021
Tirunelveli,47654,46989,241,424,22/07/2021
Tiruppur,87015,84665,1535,815,22/07/2021
Trichy,71818,69817,1045,956,22/07/2021
Vellore,47792,46287,414,1091,22/07/2021
Villupuram,43514,42682,495,337,22/07/2021
Virudhunagar,45344,44497,309,538,22/07/2021
AirportSurveillance(International),1013,1002,10,1,22/07/2021
AirportSurveillance(Domestic),1076,1074,1,1,22/07/2021
RailwaySurveillance,428,428,0,0,22/07/2021
Ariyalur,15606,15097,279,230,23/07/2021
Chengalpattu,161129,157472,1267,2390,23/07/2021
Chennai,536883,526945,1633,8305,23/07/2021
Coimbatore,227825,223381,2293,2151,23/07/2021
Cuddalore,59889,58194,892,803,23/07/2021
Dharmapuri,25853,25206,415,232,23/07/2021
Dindigul,32060,31205,238,617,23/07/2021
Erode,92578,90179,1773,626,23/07/2021
Kallakurichi,28718,27861,660,197,23/07/2021
Kancheepuram,71379,69722,456,1201,23/07/2021
Kanyakumari,59880,58401,465,1014,23/07/2021
Karur,22526,21982,193,351,23/07/2021
Krishnagiri,41096,40374,401,321,23/07/2021
Madurai,73330,71871,319,1140,23/07/2021
Mayiladuthurai,20822,20247,308,267,23/07/2021
Nagapattinam,18452,17763,402,287,23/07/2021
Namakkal,46754,45636,679,439,23/07/2021
Nilgiris,30131,29177,780,174,23/07/2021
Perambalur,11418,11026,175,217,23/07/2021
Pudukottai,27895,27164,371,360,23/07/2021
Ramanathapuram,19955,19457,150,348,23/07/2021
Ranipet,41781,40705,337,739,23/07/2021
Salem,92628,89499,1595,1534,23/07/2021
Sivagangai,18607,18022,390,195,23/07/2021
Tenkasi,26731,26103,150,478,23/07/2021
Thanjavur,67091,64760,1493,838,23/07/2021
Theni,42832,42085,234,513,23/07/2021
Thirupathur,28063,27153,312,598,23/07/2021
Thiruvallur,112873,110407,722,1744,23/07/2021
Thiruvannamalai,51612,50171,806,635,23/07/2021
Thiruvarur,37589,36878,347,364,23/07/2021
Thoothukudi,54937,54218,330,389,23/07/2021
Tirunelveli,47690,47001,265,424,23/07/2021
Tiruppur,87111,84805,1491,815,23/07/2021
Trichy,71886,69930,1000,956,23/07/2021
Vellore,47827,46336,399,1092,23/07/2021
Villupuram,43554,42723,493,338,23/07/2021
Virudhunagar,45361,44529,294,538,23/07/2021
AirportSurveillance(International),1013,1005,7,1,23/07/2021
AirportSurveillance(Domestic),1077,1074,2,1,23/07/2021
RailwaySurveillance,428,428,0,0,23/07/2021
Ariyalur,15626,15128,268,230,24/07/2021
Chengalpattu,161225,157610,1223,2392,24/07/2021
Chennai,537013,527102,1604,8307,24/07/2021
Coimbatore,228000,223624,2222,2154,24/07/2021
Cuddalore,59957,58291,863,803,24/07/2021
Dharmapuri,25889,25266,391,232,24/07/2021
Dindigul,32078,31224,236,618,24/07/2021
Erode,92708,90396,1684,628,24/07/2021
Kallakurichi,28755,27940,618,197,24/07/2021
Kancheepuram,71419,69766,452,1201,24/07/2021
Kanyakumari,59915,58440,459,1016,24/07/2021
Karur,22541,22004,186,351,24/07/2021
Krishnagiri,41123,40427,375,321,24/07/2021
Madurai,73355,71900,314,1141,24/07/2021
Mayiladuthurai,20855,20279,309,267,24/07/2021
Nagapattinam,18472,17801,384,287,24/07/2021
Namakkal,46801,45727,634,440,24/07/2021
Nilgiris,30192,29270,745,177,24/07/2021
Perambalur,11426,11038,171,217,24/07/2021
Pudukottai,27935,27203,372,360,24/07/2021
Ramanathapuram,19967,19470,149,348,24/07/2021
Ranipet,41806,40740,327,739,24/07/2021
Salem,92737,89652,1548,1537,24/07/2021
Sivagangai,18624,18051,378,195,24/07/2021
Tenkasi,26739,26117,143,479,24/07/2021
Thanjavur,67180,64908,1433,839,24/07/2021
Theni,42843,42111,219,513,24/07/2021
Thirupathur,28094,27181,315,598,24/07/2021
Thiruvallur,112930,110473,712,1745,24/07/2021
Thiruvannamalai,51669,50252,782,635,24/07/2021
Thiruvarur,37616,36910,342,364,24/07/2021
Thoothukudi,54960,54252,319,389,24/07/2021
Tirunelveli,47723,47016,283,424,24/07/2021
Tiruppur,87210,84948,1447,815,24/07/2021
Trichy,71952,70036,960,956,24/07/2021
Vellore,47861,46379,388,1094,24/07/2021
Villupuram,43593,42771,483,339,24/07/2021
Virudhunagar,45382,44565,278,539,24/07/2021
AirportSurveillance(International),1013,1005,7,1,24/07/2021
AirportSurveillance(Domestic),1077,1074,2,1,24/07/2021
RailwaySurveillance,428,428,0,0,24/07/2021
Ariyalur,15640,15163,245,232,25/07/2021
Chengalpattu,161323,157732,1196,2395,25/07/2021
Chennai,537124,527263,1551,8310,25/07/2021
Coimbatore,228169,223878,2133,2158,25/07/2021
Cuddalore,60034,58383,848,803,25/07/2021
Dharmapuri,25921,25321,368,232,25/07/2021
Dindigul,32099,31240,241,618,25/07/2021
Erode,92833,90619,1586,628,25/07/2021
Kallakurichi,28798,28005,596,197,25/07/2021
Kancheepuram,71457,69807,449,1201,25/07/2021
Kanyakumari,59946,58472,458,1016,25/07/2021
Karur,22553,22022,180,351,25/07/2021
Krishnagiri,41144,40472,351,321,25/07/2021
Madurai,73377,71923,312,1142,25/07/2021
Mayiladuthurai,20881,20307,307,267,25/07/2021
Nagapattinam,18501,17832,381,288,25/07/2021
Namakkal,46854,45812,602,440,25/07/2021
Nilgiris,30246,29351,718,177,25/07/2021
Perambalur,11433,11049,167,217,25/07/2021
Pudukottai,27974,27236,376,362,25/07/2021
Ramanathapuram,19977,19485,144,348,25/07/2021
Ranipet,41836,40766,331,739,25/07/2021
Salem,92840,89797,1506,1537,25/07/2021
Sivagangai,18645,18073,377,195,25/07/2021
Tenkasi,26751,26128,144,479,25/07/2021
Thanjavur,67277,65039,1398,840,25/07/2021
Theni,42853,42139,200,514,25/07/2021
Thirupathur,28126,27213,315,598,25/07/2021
Thiruvallur,113002,110542,712,1748,25/07/2021
Thiruvannamalai,51741,50327,779,635,25/07/2021
Thiruvarur,37640,36939,337,364,25/07/2021
Thoothukudi,54980,54288,303,389,25/07/2021
Tirunelveli,47750,47028,298,424,25/07/2021
Tiruppur,87305,85099,1391,815,25/07/2021
Trichy,72014,70134,924,956,25/07/2021
Vellore,47895,46418,383,1094,25/07/2021
Villupuram,43638,42813,485,340,25/07/2021
Virudhunagar,45401,44600,262,539,25/07/2021
AirportSurveillance(International),1013,1005,7,1,25/07/2021
AirportSurveillance(Domestic),1078,1074,3,1,25/07/2021
RailwaySurveillance,428,428,0,0,25/07/2021
Ariyalur,15663,15191,240,232,26/07/2021
Chengalpattu,161417,157867,1154,2396,26/07/2021
Chennai,537249,527435,1502,8312,26/07/2021
Coimbatore,228334,224144,2028,2162,26/07/2021
Cuddalore,60107,58467,837,803,26/07/2021
Dharmapuri,25950,25357,361,232,26/07/2021
Dindigul,32117,31265,234,618,26/07/2021
Erode,92952,90830,1494,628,26/07/2021
Kallakurichi,28839,28053,589,197,26/07/2021
Kancheepuram,71492,69844,447,1201,26/07/2021
Kanyakumari,59974,58508,448,1018,26/07/2021
Karur,22567,22033,183,351,26/07/2021
Krishnagiri,41175,40504,350,321,26/07/2021
Madurai,73396,71944,310,1142,26/07/2021
Mayiladuthurai,20903,20330,306,267,26/07/2021
Nagapattinam,18527,17861,378,288,26/07/2021
Namakkal,46907,45901,566,440,26/07/2021
Nilgiris,30304,29426,701,177,26/07/2021
Perambalur,11439,11058,162,219,26/07/2021
Pudukottai,28006,27264,379,363,26/07/2021
Ramanathapuram,19988,19493,147,348,26/07/2021
Ranipet,41863,40793,331,739,26/07/2021
Salem,92942,89955,1448,1539,26/07/2021
Sivagangai,18665,18091,379,195,26/07/2021
Tenkasi,26777,26141,157,479,26/07/2021
Thanjavur,67381,65166,1371,844,26/07/2021
Theni,42864,42161,189,514,26/07/2021
Thirupathur,28153,27244,310,599,26/07/2021
Thiruvallur,113066,110607,710,1749,26/07/2021
Thiruvannamalai,51811,50398,777,636,26/07/2021
Thiruvarur,37663,36963,335,365,26/07/2021
Thoothukudi,54999,54321,288,390,26/07/2021
Tirunelveli,47775,47046,304,425,26/07/2021
Tiruppur,87398,85261,1321,816,26/07/2021
Trichy,72078,70221,900,957,26/07/2021
Vellore,47921,46453,374,1094,26/07/2021
Villupuram,43681,42851,490,340,26/07/2021
Virudhunagar,45420,44629,252,539,26/07/2021
AirportSurveillance(International),1013,1005,7,1,26/07/2021
AirportSurveillance(Domestic),1078,1074,3,1,26/07/2021
RailwaySurveillance,428,428,0,0,26/07/2021
Ariyalur,15683,15220,229,234,27/07/2021
Chengalpattu,161507,157988,1120,2399,27/07/2021
Chennai,537386,527594,1480,8312,27/07/2021
Coimbatore,228504,224392,1947,2165,27/07/2021
Cuddalore,60179,58556,819,804,27/07/2021
Dharmapuri,25986,25391,362,233,27/07/2021
Dindigul,32129,31287,224,618,27/07/2021
Erode,93078,91038,1410,630,27/07/2021
Kallakurichi,28876,28110,569,197,27/07/2021
Kancheepuram,71536,69885,450,1201,27/07/2021
Kanyakumari,59993,58540,435,1018,27/07/2021
Karur,22579,22046,182,351,27/07/2021
Krishnagiri,41203,40540,342,321,27/07/2021
Madurai,73424,71967,314,1143,27/07/2021
Mayiladuthurai,20937,20356,314,267,27/07/2021
Nagapattinam,18544,17884,372,288,27/07/2021
Namakkal,46956,45963,551,442,27/07/2021
Nilgiris,30354,29515,661,178,27/07/2021
Perambalur,11445,11070,155,220,27/07/2021
Pudukottai,28034,27289,382,363,27/07/2021
Ramanathapuram,19997,19503,146,348,27/07/2021
Ranipet,41886,40824,323,739,27/07/2021
Salem,93042,90102,1400,1540,27/07/2021
Sivagangai,18696,18115,385,196,27/07/2021
Tenkasi,26798,26159,160,479,27/07/2021
Thanjavur,67475,65305,1325,845,27/07/2021
Theni,42875,42178,183,514,27/07/2021
Thirupathur,28174,27271,303,600,27/07/2021
Thiruvallur,113134,110665,718,1751,27/07/2021
Thiruvannamalai,51871,50472,763,636,27/07/2021
Thiruvarur,37691,36990,335,366,27/07/2021
Thoothukudi,55013,54349,273,391,27/07/2021
Tirunelveli,47807,47060,321,426,27/07/2021
Tiruppur,87487,85415,1255,817,27/07/2021
Trichy,72139,70313,868,958,27/07/2021
Vellore,47955,46489,372,1094,27/07/2021
Villupuram,43720,42893,487,340,27/07/2021
Virudhunagar,45437,44653,244,540,27/07/2021
AirportSurveillance(International),1013,1006,6,1,27/07/2021
AirportSurveillance(Domestic),1078,1074,3,1,27/07/2021
RailwaySurveillance,428,428,0,0,27/07/2021
Ariyalur,15705,15247,223,235,28/07/2021
Chengalpattu,161623,158102,1121,2400,28/07/2021
Chennai,537546,527757,1474,8315,28/07/2021
Coimbatore,228685,224599,1917,2169,28/07/2021
Cuddalore,60241,58642,792,807,28/07/2021
Dharmapuri,26018,25432,353,233,28/07/2021
Dindigul,32149,31314,217,618,28/07/2021
Erode,93207,91224,1351,632,28/07/2021
Kallakurichi,28921,28181,542,198,28/07/2021
Kancheepuram,71575,69930,443,1202,28/07/2021
Kanyakumari,60013,58578,417,1018,28/07/2021
Karur,22598,22067,180,351,28/07/2021
Krishnagiri,41238,40579,337,322,28/07/2021
Madurai,73443,71995,305,1143,28/07/2021
Mayiladuthurai,20963,20386,310,267,28/07/2021
Nagapattinam,18571,17911,372,288,28/07/2021
Namakkal,47007,46030,534,443,28/07/2021
Nilgiris,30399,29608,612,179,28/07/2021
Perambalur,11453,11085,147,221,28/07/2021
Pudukottai,28066,27321,382,363,28/07/2021
Ramanathapuram,20004,19516,140,348,28/07/2021
Ranipet,41904,40861,304,739,28/07/2021
Salem,93140,90258,1337,1545,28/07/2021
Sivagangai,18719,18148,375,196,28/07/2021
Tenkasi,26816,26180,157,479,28/07/2021
Thanjavur,67538,65452,1240,846,28/07/2021
Theni,42888,42197,177,514,28/07/2021
Thirupathur,28195,27302,293,600,28/07/2021
Thiruvallur,113201,110736,714,1751,28/07/2021
Thiruvannamalai,51918,50544,738,636,28/07/2021
Thiruvarur,37722,37022,334,366,28/07/2021
Thoothukudi,55027,54375,261,391,28/07/2021
Tirunelveli,47830,47078,326,426,28/07/2021
Tiruppur,87570,85563,1189,818,28/07/2021
Trichy,72190,70408,822,960,28/07/2021
Vellore,47987,46528,365,1094,28/07/2021
Villupuram,43764,42946,478,340,28/07/2021
Virudhunagar,45452,44679,233,540,28/07/2021
AirportSurveillance(International),1013,1006,6,1,28/07/2021
AirportSurveillance(Domestic),1078,1074,3,1,28/07/2021
RailwaySurveillance,428,428,0,0,28/07/2021
Ariyalur,15729,15272,222,235,29/07/2021
Chengalpattu,161736,158211,1125,2400,29/07/2021
Chennai,537732,527908,1508,8316,29/07/2021
Coimbatore,228874,224797,1905,2172,29/07/2021
Cuddalore,60309,58724,776,809,29/07/2021
Dharmapuri,26048,25471,342,235,29/07/2021
Dindigul,32160,31335,206,619,29/07/2021
Erode,93369,91368,1368,633,29/07/2021
Kallakurichi,28969,28236,535,198,29/07/2021
Kancheepuram,71619,69970,447,1202,29/07/2021
Kanyakumari,60032,58610,403,1019,29/07/2021
Karur,22618,22082,185,351,29/07/2021
Krishnagiri,41275,40615,338,322,29/07/2021
Madurai,73461,72017,301,1143,29/07/2021
Mayiladuthurai,20988,20405,315,268,29/07/2021
Nagapattinam,18601,17938,374,289,29/07/2021
Namakkal,47065,46075,546,444,29/07/2021
Nilgiris,30438,29695,564,179,29/07/2021
Perambalur,11460,11097,142,221,29/07/2021
Pudukottai,28091,27349,378,364,29/07/2021
Ramanathapuram,20012,19525,139,348,29/07/2021
Ranipet,41926,40895,291,740,29/07/2021
Salem,93236,90419,1270,1547,29/07/2021
Sivagangai,18747,18174,377,196,29/07/2021
Tenkasi,26828,26195,153,480,29/07/2021
Thanjavur,67639,65589,1204,846,29/07/2021
Theni,42900,42213,173,514,29/07/2021
Thirupathur,28213,27329,284,600,29/07/2021
Thiruvallur,113268,110805,712,1751,29/07/2021
Thiruvannamalai,51974,50608,729,637,29/07/2021
Thiruvarur,37742,37050,326,366,29/07/2021
Thoothukudi,55046,54396,257,393,29/07/2021
Tirunelveli,47853,47092,334,427,29/07/2021
Tiruppur,87650,85706,1123,821,29/07/2021
Trichy,72262,70500,800,962,29/07/2021
Vellore,48015,46559,362,1094,29/07/2021
Villupuram,43794,42995,459,340,29/07/2021
Virudhunagar,45466,44701,225,540,29/07/2021
AirportSurveillance(International),1013,1006,6,1,29/07/2021
AirportSurveillance(Domestic),1078,1074,3,1,29/07/2021
RailwaySurveillance,428,428,0,0,29/07/2021
Ariyalur,15751,15294,221,236,30/07/2021
Chengalpattu,161840,158331,1108,2401,30/07/2021
Chennai,537951,528064,1569,8318,30/07/2021
Coimbatore,229106,225013,1917,2176,30/07/2021
Cuddalore,60381,58802,770,809,30/07/2021
Dharmapuri,26076,25502,339,235,30/07/2021
Dindigul,32181,31354,205,622,30/07/2021
Erode,93532,91495,1404,633,30/07/2021
Kallakurichi,29014,28299,517,198,30/07/2021
Kancheepuram,71663,70016,444,1203,30/07/2021
Kanyakumari,60065,58646,400,1019,30/07/2021
Karur,22633,22101,181,351,30/07/2021
Krishnagiri,41317,40656,339,322,30/07/2021
Madurai,73476,72042,291,1143,30/07/2021
Mayiladuthurai,21003,20429,306,268,30/07/2021
Nagapattinam,18635,17961,385,289,30/07/2021
Namakkal,47143,46123,575,445,30/07/2021
Nilgiris,30479,29759,541,179,30/07/2021
Perambalur,11469,11114,134,221,30/07/2021
Pudukottai,28110,27382,364,364,30/07/2021
Ramanathapuram,20025,19537,139,349,30/07/2021
Ranipet,41946,40926,279,741,30/07/2021
Salem,93321,90573,1198,1550,30/07/2021
Sivagangai,18767,18208,363,196,30/07/2021
Tenkasi,26844,26213,151,480,30/07/2021
Thanjavur,67742,65733,1162,847,30/07/2021
Theni,42914,42231,169,514,30/07/2021
Thirupathur,28226,27352,273,601,30/07/2021
Thiruvallur,113353,110876,726,1751,30/07/2021
Thiruvannamalai,52016,50684,695,637,30/07/2021
Thiruvarur,37769,37081,321,367,30/07/2021
Thoothukudi,55066,54420,252,394,30/07/2021
Tirunelveli,47875,47108,340,427,30/07/2021
Tiruppur,87723,85833,1065,825,30/07/2021
Trichy,72344,70597,785,962,30/07/2021
Vellore,48035,46593,348,1094,30/07/2021
Villupuram,43823,43051,431,341,30/07/2021
Virudhunagar,45478,44720,218,540,30/07/2021
AirportSurveillance(International),1013,1006,6,1,30/07/2021
AirportSurveillance(Domestic),1078,1074,3,1,30/07/2021
RailwaySurveillance,428,428,0,0,30/07/2021
Ariyalur,15769,15320,213,236,31/07/2021
Chengalpattu,161963,158446,1116,2401,31/07/2021
Chennai,538152,528207,1627,8318,31/07/2021
Coimbatore,229353,225236,1940,2177,31/07/2021
Cuddalore,60450,58883,756,811,31/07/2021
Dharmapuri,26105,25528,342,235,31/07/2021
Dindigul,32192,31371,199,622,31/07/2021
Erode,93694,91599,1462,633,31/07/2021
Kallakurichi,29066,28367,501,198,31/07/2021
Kancheepuram,71706,70065,438,1203,31/07/2021
Kanyakumari,60100,58688,393,1019,31/07/2021
Karur,22642,22122,169,351,31/07/2021
Krishnagiri,41359,40699,338,322,31/07/2021
Madurai,73492,72065,283,1144,31/07/2021
Mayiladuthurai,21041,20457,315,269,31/07/2021
Nagapattinam,18653,17983,381,289,31/07/2021
Namakkal,47206,46165,593,448,31/07/2021
Nilgiris,30524,29805,540,179,31/07/2021
Perambalur,11481,11135,124,222,31/07/2021
Pudukottai,28130,27420,345,365,31/07/2021
Ramanathapuram,20034,19546,139,349,31/07/2021
Ranipet,41964,40955,268,741,31/07/2021
Salem,93396,90705,1137,1554,31/07/2021
Sivagangai,18789,18248,344,197,31/07/2021
Tenkasi,26856,26223,153,480,31/07/2021
Thanjavur,67863,65885,1131,847,31/07/2021
Theni,42925,42252,159,514,31/07/2021
Thirupathur,28245,27378,266,601,31/07/2021
Thiruvallur,113440,110952,736,1752,31/07/2021
Thiruvannamalai,52061,50758,666,637,31/07/2021
Thiruvarur,37824,37119,338,367,31/07/2021
Thoothukudi,55078,54446,238,394,31/07/2021
Tirunelveli,47900,47130,342,428,31/07/2021
Tiruppur,87801,85966,1004,831,31/07/2021
Trichy,72422,70707,751,964,31/07/2021
Vellore,48057,46624,338,1095,31/07/2021
Villupuram,43851,43098,412,341,31/07/2021
Virudhunagar,45494,44744,210,540,31/07/2021
AirportSurveillance(International),1013,1006,6,1,31/07/2021
AirportSurveillance(Domestic),1078,1074,3,1,31/07/2021
RailwaySurveillance,428,428,0,0,31/07/2021
