Ariyalur,14127,13384,560,183,19/06/2021
Chengalpattu,153794,149743,1748,2303,19/06/2021
Chennai,528768,518474,2262,8032,19/06/2021
Coimbatore,211588,198526,11191,1871,19/06/2021
Cuddalore,56339,53614,2011,714,19/06/2021
Dharmapuri,23294,21662,1446,186,19/06/2021
Dindigul,30986,29639,786,561,19/06/2021
Erode,82794,73335,8928,531,19/06/2021
Kallakurichi,25677,23898,1592,187,19/06/2021
Kancheepuram,69210,67246,817,1147,19/06/2021
Kanyakumari,57804,53905,2955,944,19/06/2021
Karur,21283,20108,844,331,19/06/2021
Krishnagiri,38389,36474,1633,282,19/06/2021
Madurai,71142,68846,1233,1063,19/06/2021
Nagapattinam,36958,34770,1707,481,19/06/2021
Namakkal,42085,39266,2450,369,19/06/2021
Nilgiris,26983,24683,2157,143,19/06/2021
Perambalur,10702,10121,401,180,19/06/2021
Pudukottai,26107,24944,878,285,19/06/2021
Ramanathapuram,19252,18276,653,323,19/06/2021
Ranipet,39842,37994,1194,654,19/06/2021
Salem,83297,77147,4795,1355,19/06/2021
Sivagangai,16842,15752,905,185,19/06/2021
Tenkasi,26154,24773,932,449,19/06/2021
Thanjavur,60411,56385,3357,669,19/06/2021
Theni,41609,39834,1302,473,19/06/2021
Thirupathur,27042,25887,628,527,19/06/2021
Thiruvallur,109287,106521,1118,1648,19/06/2021
Thiruvannamalai,47491,45594,1342,555,19/06/2021
Thiruvarur,35961,34429,1228,304,19/06/2021
Thoothukudi,53436,51165,1906,365,19/06/2021
Tirunelveli,47059,45626,1029,404,19/06/2021
Tiruppur,78243,71049,6506,688,19/06/2021
Trichy,66876,63091,2952,833,19/06/2021
Vellore,46197,45015,225,957,19/06/2021
Villupuram,41504,39549,1634,321,19/06/2021
Virudhunagar,43639,41657,1472,510,19/06/2021
AirportSurveillance(International),1005,1001,3,1,19/06/2021
AirportSurveillance(Domestic),1075,1074,0,1,19/06/2021
RailwaySurveillance,428,428,0,0,19/06/2021
Ariyalur,11806,9361,2320,125,02/06/2021
Chengalpattu,142715,131409,9382,1924,02/06/2021
Coimbatore,176910,136453,39112,1345,02/06/2021
Cuddalore,49870,43352,5977,541,02/06/2021
Dharmapuri,19290,16154,3005,131,02/06/2021
Dindigul,27630,24060,3150,420,02/06/2021
Erode,59768,43367,16020,381,02/06/2021
Kallakurichi,21904,17153,4609,142,02/06/2021
Kancheepuram,64396,58517,4876,1003,02/06/2021
Kanyakumari,50486,40533,9194,759,02/06/2021
Karur,18015,14150,3626,239,02/06/2021
Krishnagiri,33648,29188,4252,208,02/06/2021
Madurai,66056,50621,14504,931,02/06/2021
Nagapattinam,30431,24420,5653,358,02/06/2021
Namakkal,34005,26283,7451,271,02/06/2021
Nilgiris,20241,16073,4068,100,02/06/2021
Perambalur,8905,6362,2480,63,02/06/2021
Pudukottai,23448,19790,3448,210,02/06/2021
Ramanathapuram,17290,13762,3291,237,02/06/2021
Ranipet,35356,31373,3467,516,02/06/2021
Salem,68066,57807,9248,1011,02/06/2021
Sivagangai,14838,12685,1992,161,02/06/2021
Tenkasi,23074,19020,3703,351,02/06/2021
Thanjavur,49125,41709,6882,534,02/06/2021
Theni,37369,31477,5530,362,02/06/2021
Thirupathur,23522,19569,3581,372,02/06/2021
Thiruvallur,102709,94028,7254,1427,02/06/2021
Thiruvannamalai,42112,34568,7116,428,02/06/2021
Thiruvarur,30956,25196,5557,203,02/06/2021
Thoothukudi,48760,40670,7804,286,02/06/2021
Tirunelveli,44009,39291,4365,353,02/06/2021
Tiruppur,63552,44302,18743,507,02/06/2021
Trichy,59073,47157,11302,614,02/06/2021
Vellore,42907,38965,3165,777,02/06/2021
Villupuram,35647,30160,5228,259,02/06/2021
Virudhunagar,38716,30765,7519,432,02/06/2021
AirportSurveillance(International),1004,1001,2,1,02/06/2021
AirportSurveillance(Domestic),1075,1074,0,1,02/06/2021
RailwaySurveillance,428,428,0,0,02/06/2021
Ariyalur,12075,9680,2262,133,03/06/2021
Chengalpattu,143730,133191,8566,1973,03/06/2021
Chennai,511258,475781,28186,7291,03/06/2021
Coimbatore,179898,140999,37505,1394,03/06/2021
Cuddalore,50444,43891,6005,548,03/06/2021
Dharmapuri,19591,16539,2916,136,03/06/2021
Dindigul,27948,24557,2963,428,03/06/2021
Erode,61408,44932,16087,389,03/06/2021
Kallakurichi,22219,17484,4592,143,03/06/2021
Kancheepuram,64870,59637,4221,1012,03/06/2021
Kanyakumari,51223,41625,8833,765,03/06/2021
Karur,18345,14604,3492,249,03/06/2021
Krishnagiri,34064,30071,3780,213,03/06/2021
Madurai,66571,51404,14224,943,03/06/2021
Nagapattinam,31039,25126,5548,365,03/06/2021
Namakkal,34816,27023,7512,281,03/06/2021
Nilgiris,20825,16513,4207,105,03/06/2021
Perambalur,9136,6490,2576,70,03/06/2021
Pudukottai,23772,20556,2999,217,03/06/2021
Ramanathapuram,17529,13992,3289,248,03/06/2021
Ranipet,35691,32009,3154,528,03/06/2021
Salem,69336,58494,9798,1044,03/06/2021
Sivagangai,15000,12889,1949,162,03/06/2021
Tenkasi,23378,19295,3723,360,03/06/2021
Thanjavur,50150,42767,6839,544,03/06/2021
Theni,37849,32005,5471,373,03/06/2021
Thirupathur,23848,20010,3462,376,03/06/2021
Thiruvallur,103407,95504,6459,1444,03/06/2021
Thiruvannamalai,42553,35150,6971,432,03/06/2021
Thiruvarur,31578,25825,5542,211,03/06/2021
Thoothukudi,49105,41334,7482,289,03/06/2021
Tirunelveli,44305,39697,4249,359,03/06/2021
Tiruppur,64835,45371,18943,521,03/06/2021
Trichy,59869,47816,11428,625,03/06/2021
Vellore,43177,39269,3114,794,03/06/2021
Villupuram,36234,30819,5153,262,03/06/2021
Virudhunagar,39168,31808,6924,436,03/06/2021
AirportSurveillance(International),1004,1001,2,1,03/06/2021
AirportSurveillance(Domestic),1075,1074,0,1,03/06/2021
RailwaySurveillance,428,428,0,0,03/06/2021
Ariyalur,12321,10004,2179,138,04/06/2021
Chengalpattu,144639,134599,8024,2016,04/06/2021
Chennai,513229,479145,26722,7362,04/06/2021
Coimbatore,182708,145589,35694,1425,04/06/2021
Cuddalore,50932,45089,5282,561,04/06/2021
Dharmapuri,19909,16902,2871,136,04/06/2021
Dindigul,28256,25071,2736,449,04/06/2021
Erode,63027,46548,16078,401,04/06/2021
Kallakurichi,22462,17851,4467,144,04/06/2021
Kancheepuram,65258,60357,3879,1022,04/06/2021
Kanyakumari,51935,42759,8389,787,04/06/2021
Karur,18682,15013,3412,257,04/06/2021
Krishnagiri,34441,30708,3514,219,04/06/2021
Madurai,67052,52963,13141,948,04/06/2021
Nagapattinam,31555,25954,5223,378,04/06/2021
Namakkal,35535,27710,7533,292,04/06/2021
Nilgiris,21340,16949,4282,109,04/06/2021
Perambalur,9345,6788,2465,92,04/06/2021
Pudukottai,24060,21096,2740,224,04/06/2021
Ramanathapuram,17700,14398,3037,265,04/06/2021
Ranipet,35997,32554,2912,531,04/06/2021
Salem,70523,59266,10193,1064,04/06/2021
Sivagangai,15187,13153,1867,167,04/06/2021
Tenkasi,23604,19648,3595,361,04/06/2021
Thanjavur,51154,43842,6766,546,04/06/2021
Theni,38294,32864,5057,373,04/06/2021
Thirupathur,24189,20397,3409,383,04/06/2021
Thiruvallur,103990,96733,5784,1473,04/06/2021
Thiruvannamalai,43050,35637,6974,439,04/06/2021
Thiruvarur,32154,26404,5534,216,04/06/2021
Thoothukudi,49470,42015,7162,293,04/06/2021
Tirunelveli,44561,40112,4088,361,04/06/2021
Tiruppur,65996,46958,18501,537,04/06/2021
Trichy,60558,48525,11393,640,04/06/2021
Vellore,43448,39866,2776,806,04/06/2021
Villupuram,36755,31502,4983,270,04/06/2021
Virudhunagar,39579,32834,6304,441,04/06/2021
AirportSurveillance(International),1004,1001,2,1,04/06/2021
AirportSurveillance(Domestic),1075,1074,0,1,04/06/2021
RailwaySurveillance,428,428,0,0,04/06/2021
Ariyalur,12513,10220,2150,143,05/06/2021
Chengalpattu,145501,135922,7521,2058,05/06/2021
Chennai,515018,483303,24290,7425,05/06/2021
Coimbatore,185371,150245,33658,1468,05/06/2021
Cuddalore,51522,45663,5283,576,05/06/2021
Dharmapuri,20279,17207,2932,140,05/06/2021
Dindigul,28554,25504,2598,452,05/06/2021
Erode,64596,48269,15902,425,05/06/2021
Kallakurichi,22688,18163,4381,144,05/06/2021
Kancheepuram,65630,61224,3375,1031,05/06/2021
Kanyakumari,52568,43861,7912,795,05/06/2021
Karur,19004,15489,3250,265,05/06/2021
Krishnagiri,34800,31152,3424,224,05/06/2021
Madurai,67520,53944,12616,960,05/06/2021
Nagapattinam,32065,26738,4936,391,05/06/2021
Namakkal,36217,28584,7330,303,05/06/2021
Nilgiris,21857,17410,4333,114,05/06/2021
Perambalur,9503,7295,2106,102,05/06/2021
Pudukottai,24197,21487,2478,232,05/06/2021
Ramanathapuram,17833,14629,2933,271,05/06/2021
Ranipet,36280,33121,2624,535,05/06/2021
Salem,71694,60316,10294,1084,05/06/2021
Sivagangai,15333,13358,1807,168,05/06/2021
Tenkasi,23895,20139,3384,372,05/06/2021
Thanjavur,52083,44678,6854,551,05/06/2021
Theni,38685,33443,4857,385,05/06/2021
Thirupathur,24525,20795,3341,389,05/06/2021
Thiruvallur,104515,97723,5303,1489,05/06/2021
Thiruvannamalai,43532,36127,6963,442,05/06/2021
Thiruvarur,32585,27101,5261,223,05/06/2021
Thoothukudi,49828,42795,6735,298,05/06/2021
Tirunelveli,44832,40429,4037,366,05/06/2021
Tiruppur,67100,47798,18754,548,05/06/2021
Trichy,61209,49743,10815,651,05/06/2021
Vellore,43696,40265,2612,819,05/06/2021
Villupuram,37226,32077,4873,276,05/06/2021
Virudhunagar,40051,34058,5539,454,05/06/2021
AirportSurveillance(International),1004,1001,2,1,05/06/2021
AirportSurveillance(Domestic),1075,1074,0,1,05/06/2021
RailwaySurveillance,428,428,0,0,05/06/2021
Ariyalur,12699,10389,2166,144,06/06/2021
Chengalpattu,146374,137231,7064,2079,06/06/2021
Chennai,516628,487749,21404,7475,06/06/2021
Coimbatore,188023,154978,31539,1506,06/06/2021
Cuddalore,52061,46432,5041,588,06/06/2021
Dharmapuri,20620,17572,2903,145,06/06/2021
Dindigul,28842,25897,2492,453,06/06/2021
Erode,66274,50347,15492,435,06/06/2021
Kallakurichi,22992,18539,4306,147,06/06/2021
Kancheepuram,66002,61789,3168,1045,06/06/2021
Kanyakumari,53132,44828,7490,814,06/06/2021
Karur,19307,16005,3030,272,06/06/2021
Krishnagiri,35141,31605,3307,229,06/06/2021
Madurai,67930,55513,11443,974,06/06/2021
Nagapattinam,32609,27321,4894,394,06/06/2021
Namakkal,36831,29442,7080,309,06/06/2021
Nilgiris,22369,17915,4338,116,06/06/2021
Perambalur,9646,7611,1926,109,06/06/2021
Pudukottai,24396,21764,2393,239,06/06/2021
Ramanathapuram,17957,14840,2840,277,06/06/2021
Ranipet,36554,33596,2404,554,06/06/2021
Salem,72778,61219,10441,1118,06/06/2021
Sivagangai,15461,13542,1744,175,06/06/2021
Tenkasi,24118,20419,3312,387,06/06/2021
Thanjavur,52963,45484,6918,561,06/06/2021
Theni,39024,34394,4234,396,06/06/2021
Thirupathur,24808,21198,3217,393,06/06/2021
Thiruvallur,104904,98752,4649,1503,06/06/2021
Thiruvannamalai,43968,36620,6901,447,06/06/2021
Thiruvarur,32978,27978,4770,230,06/06/2021
Thoothukudi,50176,43647,6224,305,06/06/2021
Tirunelveli,45089,40902,3819,368,06/06/2021
Tiruppur,68180,48765,18859,556,06/06/2021
Trichy,61799,50729,10398,672,06/06/2021
Vellore,43959,40866,2247,846,06/06/2021
Villupuram,37646,32430,4932,284,06/06/2021
Virudhunagar,40488,35128,4902,458,06/06/2021
AirportSurveillance(International),1004,1001,2,1,06/06/2021
AirportSurveillance(Domestic),1075,1074,0,1,06/06/2021
RailwaySurveillance,428,428,0,0,06/06/2021
Ariyalur,12892,10698,2050,144,07/06/2021
Chengalpattu,147209,138736,6370,2103,07/06/2021
Chennai,518162,491462,19184,7516,07/06/2021
Coimbatore,190593,159793,29268,1532,07/06/2021
Cuddalore,52558,47017,4948,593,07/06/2021
Dharmapuri,20921,17926,2847,148,07/06/2021
Dindigul,29108,26259,2394,455,07/06/2021
Erode,67905,52739,14712,454,07/06/2021
Kallakurichi,23285,18893,4241,151,07/06/2021
Kancheepuram,66304,62459,2785,1060,07/06/2021
Kanyakumari,53667,45798,7034,835,07/06/2021
Karur,19589,16476,2834,279,07/06/2021
Krishnagiri,35462,31915,3314,233,07/06/2021
Madurai,68324,56677,10666,981,07/06/2021
Nagapattinam,33105,27980,4720,405,07/06/2021
Namakkal,37444,30342,6780,322,07/06/2021
Nilgiris,22872,18455,4298,119,07/06/2021
Perambalur,9764,7926,1725,113,07/06/2021
Pudukottai,24619,21965,2406,248,07/06/2021
Ramanathapuram,18081,15098,2701,282,07/06/2021
Ranipet,36962,33970,2432,560,07/06/2021
Salem,73769,61970,10669,1130,07/06/2021
Sivagangai,15569,13729,1665,175,07/06/2021
Tenkasi,24348,20693,3268,387,07/06/2021
Thanjavur,53803,46271,6962,570,07/06/2021
Theni,39332,34964,3972,396,07/06/2021
Thirupathur,25082,21659,3025,398,07/06/2021
Thiruvallur,105342,99619,4205,1518,07/06/2021
Thiruvannamalai,44331,37094,6760,477,07/06/2021
Thiruvarur,33355,28537,4577,241,07/06/2021
Thoothukudi,50502,44222,5969,311,07/06/2021
Tirunelveli,45287,41257,3662,368,07/06/2021
Tiruppur,69211,49795,18849,567,07/06/2021
Trichy,62347,52335,9326,686,07/06/2021
Vellore,44154,41279,2030,845,07/06/2021
Villupuram,38035,33006,4742,287,07/06/2021
Virudhunagar,40881,35782,4634,465,07/06/2021
AirportSurveillance(International),1004,1001,2,1,07/06/2021
AirportSurveillance(Domestic),1075,1074,0,1,07/06/2021
RailwaySurveillance,428,428,0,0,07/06/2021
Ariyalur,13039,11117,1768,154,08/06/2021
Chengalpattu,147996,139890,5987,2119,08/06/2021
Chennai,519574,495305,16709,7560,08/06/2021
Coimbatore,193037,164710,26751,1576,08/06/2021
Cuddalore,53029,47533,4894,602,08/06/2021
Dharmapuri,21165,18239,2772,154,08/06/2021
Dindigul,29303,26620,2206,477,08/06/2021
Erode,69485,54742,14284,459,08/06/2021
Kallakurichi,23539,19200,4184,155,08/06/2021
Kancheepuram,66589,62967,2558,1064,08/06/2021
Kanyakumari,54154,46493,6810,851,08/06/2021
Karur,19784,16783,2716,285,08/06/2021
Krishnagiri,35739,32238,3265,236,08/06/2021
Madurai,68684,58025,9671,988,08/06/2021
Nagapattinam,33550,28590,4551,409,08/06/2021
Namakkal,37987,31224,6437,326,08/06/2021
Nilgiris,23370,19042,4204,124,08/06/2021
Perambalur,9883,8205,1554,124,08/06/2021
Pudukottai,24811,22276,2284,251,08/06/2021
Ramanathapuram,18188,15346,2557,285,08/06/2021
Ranipet,37297,34383,2345,569,08/06/2021
Salem,74744,63032,10558,1154,08/06/2021
Sivagangai,15709,13937,1596,176,08/06/2021
Tenkasi,24546,21214,2935,397,08/06/2021
Thanjavur,54580,47054,6943,583,08/06/2021
Theni,39589,35503,3674,412,08/06/2021
Thirupathur,25308,22211,2693,404,08/06/2021
Thiruvallur,105744,100483,3721,1540,08/06/2021
Thiruvannamalai,44671,37635,6554,482,08/06/2021
Thiruvarur,33675,29321,4106,248,08/06/2021
Thoothukudi,50783,44901,5562,320,08/06/2021
Tirunelveli,45474,41728,3373,373,08/06/2021
Tiruppur,70213,50659,18969,585,08/06/2021
Trichy,62822,53622,8496,704,08/06/2021
Vellore,44433,41691,1890,852,08/06/2021
Villupuram,38480,33655,4530,295,08/06/2021
Virudhunagar,41223,36267,4486,470,08/06/2021
AirportSurveillance(International),1004,1001,2,1,08/06/2021
AirportSurveillance(Domestic),1075,1074,0,1,08/06/2021
RailwaySurveillance,428,428,0,0,08/06/2021
Ariyalur,13215,11440,1618,157,09/06/2021
Chengalpattu,148732,140998,5588,2146,09/06/2021
Chennai,520877,498586,14678,7613,09/06/2021
Coimbatore,195362,169702,24022,1638,09/06/2021
Cuddalore,53456,48010,4831,615,09/06/2021
Dharmapuri,21420,18575,2686,159,09/06/2021
Dindigul,29520,26991,2047,482,09/06/2021
Erode,70888,56695,13724,469,09/06/2021
Kallakurichi,23841,19654,4026,161,09/06/2021
Kancheepuram,66898,63493,2328,1077,09/06/2021
Kanyakumari,54601,46775,6961,865,09/06/2021
Karur,19967,17133,2543,291,09/06/2021
Krishnagiri,36041,32854,2941,246,09/06/2021
Madurai,69049,59280,8766,1003,09/06/2021
Nagapattinam,33972,29190,4365,417,09/06/2021
Namakkal,38467,32215,5916,336,09/06/2021
Nilgiris,23859,19625,4109,125,09/06/2021
Perambalur,10018,8432,1447,139,09/06/2021
Pudukottai,24998,22597,2150,251,09/06/2021
Ramanathapuram,18316,15494,2535,287,09/06/2021
Ranipet,37626,34797,2253,576,09/06/2021
Salem,75701,64147,10377,1177,09/06/2021
Sivagangai,15825,14083,1566,176,09/06/2021
Tenkasi,24738,21891,2441,406,09/06/2021
Thanjavur,55268,47868,6810,590,09/06/2021
Theni,39854,35939,3503,412,09/06/2021
Thirupathur,25521,22925,2186,410,09/06/2021
Thiruvallur,106138,101220,3366,1552,09/06/2021
Thiruvannamalai,44989,38119,6382,488,09/06/2021
Thiruvarur,33962,30021,3686,255,09/06/2021
Thoothukudi,51083,45663,5096,324,09/06/2021
Tirunelveli,45726,42330,3020,376,09/06/2021
Tiruppur,71129,52170,18359,600,09/06/2021
Trichy,63338,54719,7903,716,09/06/2021
Vellore,44691,42089,1740,862,09/06/2021
Villupuram,38872,34338,4236,298,09/06/2021
Virudhunagar,41560,37036,4051,473,09/06/2021
AirportSurveillance(International),1004,1001,2,1,09/06/2021
AirportSurveillance(Domestic),1075,1074,0,1,09/06/2021
RailwaySurveillance,428,428,0,0,09/06/2021
Ariyalur,13324,11722,1444,158,10/06/2021
Chengalpattu,149431,142029,5234,2168,10/06/2021
Chennai,522052,502184,12210,7658,10/06/2021
Coimbatore,197601,174759,21184,1658,10/06/2021
Cuddalore,53851,48529,4694,628,10/06/2021
Dharmapuri,21712,18901,2650,161,10/06/2021
Dindigul,29757,27342,1930,485,10/06/2021
Erode,72262,58685,13102,475,10/06/2021
Kallakurichi,24117,20017,3931,169,10/06/2021
Kancheepuram,67243,63948,2213,1082,10/06/2021
Kanyakumari,55070,47593,6603,874,10/06/2021
Karur,20149,17332,2513,304,10/06/2021
Krishnagiri,36342,33526,2560,256,10/06/2021
Madurai,69320,60457,7854,1009,10/06/2021
Nagapattinam,34477,29875,4178,424,10/06/2021
Namakkal,38912,33108,5467,337,10/06/2021
Nilgiris,24301,20204,3969,128,10/06/2021
Perambalur,10133,8680,1307,146,10/06/2021
Pudukottai,25188,22897,2034,257,10/06/2021
Ramanathapuram,18439,15724,2421,294,10/06/2021
Ranipet,37894,35223,2086,585,10/06/2021
Salem,76656,65288,10168,1200,10/06/2021
Sivagangai,15929,14231,1520,178,10/06/2021
Tenkasi,24973,22606,1953,414,10/06/2021
Thanjavur,55926,48877,6443,606,10/06/2021
Theni,40111,36694,2986,431,10/06/2021
Thirupathur,25728,23399,1900,429,10/06/2021
Thiruvallur,106593,101942,3095,1556,10/06/2021
Thiruvannamalai,45301,38583,6216,502,10/06/2021
Thiruvarur,34255,30722,3278,255,10/06/2021
Thoothukudi,51428,46316,4783,329,10/06/2021
Tirunelveli,45995,42607,3008,380,10/06/2021
Tiruppur,72037,53940,17485,612,10/06/2021
Trichy,63784,55828,7232,724,10/06/2021
Vellore,44905,42472,1556,877,10/06/2021
Villupuram,39278,34935,4041,302,10/06/2021
Virudhunagar,41857,37968,3414,475,10/06/2021
AirportSurveillance(International),1004,1001,2,1,10/06/2021
AirportSurveillance(Domestic),1075,1074,0,1,10/06/2021
RailwaySurveillance,428,428,0,0,10/06/2021
Ariyalur,13430,11978,1283,169,11/06/2021
Chengalpattu,150061,143311,4566,2184,11/06/2021
Chennai,523123,504561,10842,7720,11/06/2021
Coimbatore,199660,179371,18600,1689,11/06/2021
Cuddalore,54210,48882,4677,651,11/06/2021
Dharmapuri,21966,19230,2572,164,11/06/2021
Dindigul,29962,27594,1877,491,11/06/2021
Erode,73612,60606,12520,486,11/06/2021
Kallakurichi,24353,20427,3754,172,11/06/2021
Kancheepuram,67573,64552,1931,1090,11/06/2021
Kanyakumari,55527,48598,6040,889,11/06/2021
Karur,20311,17727,2274,310,11/06/2021
Krishnagiri,36620,33930,2433,257,11/06/2021
Madurai,69597,61517,7064,1016,11/06/2021
Nagapattinam,34951,30448,4069,434,11/06/2021
Namakkal,39352,33930,5080,342,11/06/2021
Nilgiris,24721,20789,3804,128,11/06/2021
Perambalur,10230,8897,1182,151,11/06/2021
Pudukottai,25349,23203,1889,257,11/06/2021
Ramanathapuram,18565,16914,1351,300,11/06/2021
Ranipet,38146,35543,2015,588,11/06/2021
Salem,77583,66570,9799,1214,11/06/2021
Sivagangai,16046,14446,1421,179,11/06/2021
Tenkasi,25171,22994,1758,419,11/06/2021
Thanjavur,56588,49905,6069,614,11/06/2021
Theni,40323,37218,2661,444,11/06/2021
Thirupathur,25910,23724,1743,443,11/06/2021
Thiruvallur,106982,102631,2780,1571,11/06/2021
Thiruvannamalai,45600,39015,6070,515,11/06/2021
Thiruvarur,34527,31459,2807,261,11/06/2021
Thoothukudi,51767,46878,4552,337,11/06/2021
Tirunelveli,46227,43039,2807,381,11/06/2021
Tiruppur,72899,54776,17498,625,11/06/2021
Trichy,64220,56942,6534,744,11/06/2021
Vellore,45112,42784,1442,886,11/06/2021
Villupuram,39665,35544,3817,304,11/06/2021
Virudhunagar,42151,38453,3219,479,11/06/2021
AirportSurveillance(International),1004,1001,2,1,11/06/2021
AirportSurveillance(Domestic),1075,1074,0,1,11/06/2021
RailwaySurveillance,428,428,0,0,11/06/2021
Ariyalur,13528,12256,1102,170,12/06/2021
Chengalpattu,150657,143929,4531,2197,12/06/2021
Chennai,524085,506454,9838,7793,12/06/2021
Coimbatore,201644,181654,18274,1716,12/06/2021
Cuddalore,54559,49439,4459,661,12/06/2021
Dharmapuri,22205,19539,2499,167,12/06/2021
Dindigul,30152,27840,1800,512,12/06/2021
Erode,74969,62588,11892,489,12/06/2021
Kallakurichi,24584,20958,3450,176,12/06/2021
Kancheepuram,67880,64918,1866,1096,12/06/2021
Kanyakumari,55971,49437,5637,897,12/06/2021
Karur,20439,18059,2066,314,12/06/2021
Krishnagiri,36888,34299,2329,260,12/06/2021
Madurai,69880,62937,5921,1022,12/06/2021
Nagapattinam,35368,31139,3782,447,12/06/2021
Namakkal,39738,34724,4668,346,12/06/2021
Nilgiris,25136,21304,3700,132,12/06/2021
Perambalur,10315,9127,1033,155,12/06/2021
Pudukottai,25505,23572,1674,259,12/06/2021
Ramanathapuram,18682,17285,1096,301,12/06/2021
Ranipet,38384,35852,1934,598,12/06/2021
Salem,78483,67943,9296,1244,12/06/2021
Sivagangai,16191,14627,1383,181,12/06/2021
Tenkasi,25354,23223,1708,423,12/06/2021
Thanjavur,57220,50526,6076,618,12/06/2021
Theni,40543,37980,2107,456,12/06/2021
Thirupathur,26093,24062,1581,450,12/06/2021
Thiruvallur,107377,103244,2533,1600,12/06/2021
Thiruvannamalai,45941,41526,3895,520,12/06/2021
Thiruvarur,34800,32038,2497,265,12/06/2021
Thoothukudi,52071,47375,4353,343,12/06/2021
Tirunelveli,46402,43486,2534,382,12/06/2021
Tiruppur,73751,56553,16567,631,12/06/2021
Trichy,64640,57928,5957,755,12/06/2021
Vellore,45299,43010,1383,906,12/06/2021
Villupuram,40038,36121,3608,309,12/06/2021
Virudhunagar,42426,38897,3042,487,12/06/2021
AirportSurveillance(International),1004,1001,2,1,12/06/2021
AirportSurveillance(Domestic),1075,1074,0,1,12/06/2021
RailwaySurveillance,428,428,0,0,12/06/2021
Ariyalur,13619,12420,1029,170,13/06/2021
Chengalpattu,151228,144811,4205,2212,13/06/2021
Chennai,525009,508043,9140,7826,13/06/2021
Coimbatore,203540,184188,17617,1735,13/06/2021
Cuddalore,54877,50160,4051,666,13/06/2021
Dharmapuri,22419,19859,2388,172,13/06/2021
Dindigul,30313,28149,1639,525,13/06/2021
Erode,76260,64397,11371,492,13/06/2021
Kallakurichi,24751,21594,2975,182,13/06/2021
Kancheepuram,68174,65318,1746,1110,13/06/2021
Kanyakumari,56375,50264,5206,905,13/06/2021
Karur,20535,18461,1758,316,13/06/2021
Krishnagiri,37162,34552,2349,261,13/06/2021
Madurai,70097,63710,5358,1029,13/06/2021
Nagapattinam,35695,31737,3504,454,13/06/2021
Namakkal,40127,35458,4317,352,13/06/2021
Nilgiris,25558,21821,3602,135,13/06/2021
Perambalur,10381,9337,886,158,13/06/2021
Pudukottai,25621,23832,1523,266,13/06/2021
Ramanathapuram,18800,17402,1090,308,13/06/2021
Ranipet,38567,36137,1813,617,13/06/2021
Salem,79352,69343,8754,1255,13/06/2021
Sivagangai,16329,14972,1176,181,13/06/2021
Tenkasi,25516,23439,1645,432,13/06/2021
Thanjavur,57834,51837,5375,622,13/06/2021
Theni,40740,38488,1794,458,13/06/2021
Thirupathur,26254,24401,1397,456,13/06/2021
Thiruvallur,107734,103758,2366,1610,13/06/2021
Thiruvannamalai,46249,43302,2422,525,13/06/2021
Thoothukudi,52365,48398,3619,348,13/06/2021
Tirunelveli,46538,43661,2489,388,13/06/2021
Tiruppur,74582,58123,15825,634,13/06/2021
Trichy,65052,58803,5483,766,13/06/2021
Vellore,45486,43257,1323,906,13/06/2021
Villupuram,40341,36645,3388,308,13/06/2021
Virudhunagar,42693,39203,2999,491,13/06/2021
AirportSurveillance(International),1005,1001,3,1,13/06/2021
AirportSurveillance(Domestic),1075,1074,0,1,13/06/2021
RailwaySurveillance,428,428,0,0,13/06/2021
Ariyalur,13702,12601,928,173,14/06/2021
Chengalpattu,151759,145640,3872,2247,14/06/2021
Chennai,525826,509497,8475,7854,14/06/2021
Coimbatore,205269,186852,16655,1762,14/06/2021
Cuddalore,55161,51109,3377,675,14/06/2021
Dharmapuri,22586,20230,2181,175,14/06/2021
Dindigul,30451,28443,1481,527,14/06/2021
Erode,77555,66095,10965,495,14/06/2021
Kallakurichi,24895,22207,2505,183,14/06/2021
Kancheepuram,68379,65674,1584,1121,14/06/2021
Kanyakumari,56739,51202,4628,909,14/06/2021
Karur,20666,18917,1433,316,14/06/2021
Krishnagiri,37404,35020,2122,262,14/06/2021
Madurai,70315,64987,4290,1038,14/06/2021
Nagapattinam,35982,32366,3153,463,14/06/2021
Namakkal,40443,36149,3937,357,14/06/2021
Nilgiris,25938,22331,3470,137,14/06/2021
Perambalur,10433,9495,774,164,14/06/2021
Pudukottai,25711,24030,1413,268,14/06/2021
Ramanathapuram,18896,17601,986,309,14/06/2021
Ranipet,38863,36415,1824,624,14/06/2021
Salem,80149,70963,7920,1266,14/06/2021
Sivagangai,16421,15209,1030,182,14/06/2021
Tenkasi,25650,23511,1707,432,14/06/2021
Thanjavur,58422,52718,5079,625,14/06/2021
Theni,40911,38778,1668,465,14/06/2021
Thirupathur,26452,24694,1295,463,14/06/2021
Thiruvallur,108064,104234,2215,1615,14/06/2021
Thiruvannamalai,46506,43725,2250,531,14/06/2021
Thiruvarur,35236,32854,2101,281,14/06/2021
Thoothukudi,52617,49339,2928,350,14/06/2021
Tirunelveli,46659,43940,2328,391,14/06/2021
Tiruppur,75369,60340,14387,642,14/06/2021
Trichy,65429,59627,5026,776,14/06/2021
Vellore,45628,43530,1185,913,14/06/2021
Villupuram,40604,37118,3175,311,14/06/2021
Virudhunagar,42895,39864,2534,497,14/06/2021
AirportSurveillance(International),1005,1001,3,1,14/06/2021
AirportSurveillance(Domestic),1075,1074,0,1,14/06/2021
RailwaySurveillance,428,428,0,0,14/06/2021
Ariyalur,13769,12811,784,174,15/06/2021
Chengalpattu,152257,146491,3505,2261,15/06/2021
Chennai,526614,511274,7464,7876,15/06/2021
Coimbatore,206833,189606,15449,1778,15/06/2021
Cuddalore,55426,51590,3142,694,15/06/2021
Dharmapuri,22731,20568,1988,175,15/06/2021
Dindigul,30578,28744,1304,530,15/06/2021
Erode,78820,67734,10589,497,15/06/2021
Kallakurichi,25012,22467,2361,184,15/06/2021
Kancheepuram,68597,65985,1486,1126,15/06/2021
Kanyakumari,57072,51499,4648,925,15/06/2021
Karur,20790,19227,1242,321,15/06/2021
Krishnagiri,37622,35292,2066,264,15/06/2021
Madurai,70503,65888,3572,1043,15/06/2021
Nagapattinam,36238,32858,2913,467,15/06/2021
Namakkal,40750,36773,3620,357,15/06/2021
Nilgiris,26246,22834,3274,138,15/06/2021
Perambalur,10489,9645,677,167,15/06/2021
Pudukottai,25792,24211,1307,274,15/06/2021
Ramanathapuram,18979,17682,983,314,15/06/2021
Ranipet,39130,36808,1686,636,15/06/2021
Salem,80912,72842,6780,1290,15/06/2021
Sivagangai,16499,15352,961,186,15/06/2021
Tenkasi,25769,23699,1634,436,15/06/2021
Thanjavur,58964,53552,4767,645,15/06/2021
Theni,41061,39006,1584,471,15/06/2021
Thirupathur,26623,24957,1199,467,15/06/2021
Thiruvallur,108369,104673,2067,1629,15/06/2021
Thiruvannamalai,46753,44088,2127,538,15/06/2021
Thiruvarur,35404,33240,1880,284,15/06/2021
Thoothukudi,52846,49865,2627,354,15/06/2021
Tirunelveli,46765,44583,1790,392,15/06/2021
Tiruppur,76101,62717,12738,646,15/06/2021
Trichy,65783,60310,4683,790,15/06/2021
Vellore,45768,43822,1021,925,15/06/2021
Villupuram,40850,37530,3008,312,15/06/2021
Virudhunagar,43075,40289,2286,500,15/06/2021
AirportSurveillance(International),1005,1001,3,1,15/06/2021
AirportSurveillance(Domestic),1075,1074,0,1,15/06/2021
RailwaySurveillance,428,428,0,0,15/06/2021
Ariyalur,13852,12976,697,179,16/06/2021
Chengalpattu,152722,147278,3169,2275,16/06/2021
Chennai,527283,512832,6531,7920,16/06/2021
Coimbatore,208253,192051,14396,1806,16/06/2021
Cuddalore,55674,51937,3038,699,16/06/2021
Dharmapuri,22911,20872,1862,177,16/06/2021
Dindigul,30695,28975,1178,542,16/06/2021
Erode,79938,69467,9962,509,16/06/2021
Kallakurichi,25165,22794,2186,185,16/06/2021
Kancheepuram,68772,66275,1368,1129,16/06/2021
Kanyakumari,57324,51903,4491,930,16/06/2021
Karur,20902,19325,1254,323,16/06/2021
Krishnagiri,37827,35512,2046,269,16/06/2021
Madurai,70685,66512,3125,1048,16/06/2021
Nagapattinam,36447,33330,2641,476,16/06/2021
Namakkal,41068,37381,3324,363,16/06/2021
Nilgiris,26488,23332,3016,140,16/06/2021
Perambalur,10536,9754,611,171,16/06/2021
Pudukottai,25864,24411,1175,278,16/06/2021
Ramanathapuram,19055,17842,898,315,16/06/2021
Ranipet,39348,37144,1564,640,16/06/2021
Salem,81608,74298,6003,1307,16/06/2021
Sivagangai,16603,15440,977,186,16/06/2021
Tenkasi,25871,23910,1520,441,16/06/2021
Thanjavur,59370,54121,4596,653,16/06/2021
Theni,41216,39169,1575,472,16/06/2021
Thirupathur,26747,25383,875,489,16/06/2021
Thiruvallur,108650,105091,1925,1634,16/06/2021
Thiruvannamalai,46951,44747,1664,540,16/06/2021
Thiruvarur,35558,33563,1708,287,16/06/2021
Thoothukudi,53015,50223,2434,358,16/06/2021
Tirunelveli,46866,44999,1473,394,16/06/2021
Tiruppur,76702,64685,11361,656,16/06/2021
Trichy,66102,60959,4348,795,16/06/2021
Vellore,45899,44328,639,932,16/06/2021
Villupuram,41034,37920,2799,315,16/06/2021
Virudhunagar,43237,40831,1903,503,16/06/2021
AirportSurveillance(International),1005,1001,3,1,16/06/2021
AirportSurveillance(Domestic),1075,1074,0,1,16/06/2021
RailwaySurveillance,428,428,0,0,16/06/2021
Ariyalur,13938,13144,615,179,17/06/2021
Chengalpattu,153095,148337,2473,2285,17/06/2021
Chennai,527835,515199,4683,7953,17/06/2021
Coimbatore,209481,194838,12820,1823,17/06/2021
Cuddalore,55906,52531,2673,702,17/06/2021
Dharmapuri,23046,21107,1756,183,17/06/2021
Dindigul,30786,29218,1021,547,17/06/2021
Erode,80927,70706,9709,512,17/06/2021
Kallakurichi,25337,23052,2099,186,17/06/2021
Kancheepuram,68929,66562,1232,1135,17/06/2021
Kanyakumari,57503,52908,3660,935,17/06/2021
Karur,21035,19762,947,326,17/06/2021
Krishnagiri,38022,35918,1832,272,17/06/2021
Madurai,70842,67451,2341,1050,17/06/2021
Nagapattinam,36632,33763,2392,477,17/06/2021
Namakkal,41417,37907,3145,365,17/06/2021
Nilgiris,26662,23821,2700,141,17/06/2021
Perambalur,10577,9872,532,173,17/06/2021
Pudukottai,25937,24670,985,282,17/06/2021
Ramanathapuram,19120,18072,730,318,17/06/2021
Ranipet,39520,37478,1401,641,17/06/2021
Salem,82222,75268,5633,1321,17/06/2021
Sivagangai,16688,15576,926,186,17/06/2021
Tenkasi,25964,24509,1013,442,17/06/2021
Thanjavur,59683,55080,3943,660,17/06/2021
Theni,41354,39396,1486,472,17/06/2021
Thirupathur,26856,25611,744,501,17/06/2021
Thiruvallur,108863,105794,1428,1641,17/06/2021
Thiruvannamalai,47131,45052,1534,545,17/06/2021
Thiruvarur,35695,33850,1552,293,17/06/2021
Thoothukudi,53165,50536,2266,363,17/06/2021
Tirunelveli,46955,45168,1390,397,17/06/2021
Tiruppur,77266,65562,11039,665,17/06/2021
Trichy,66374,62092,3471,811,17/06/2021
Vellore,46016,44771,305,940,17/06/2021
Villupuram,41198,38365,2515,318,17/06/2021
Virudhunagar,43379,41344,1529,506,17/06/2021
AirportSurveillance(International),1005,1001,3,1,17/06/2021
AirportSurveillance(Domestic),1075,1074,0,1,17/06/2021
RailwaySurveillance,428,428,0,0,17/06/2021
Ariyalur,14036,13257,597,182,18/06/2021
Chengalpattu,153451,149208,1949,2294,18/06/2021
Chennai,528322,516961,3360,8001,18/06/2021
Coimbatore,210573,197075,11644,1854,18/06/2021
Cuddalore,56130,53132,2291,707,18/06/2021
Dharmapuri,23176,21370,1622,184,18/06/2021
Dindigul,30891,29451,884,556,18/06/2021
Erode,81861,71972,9365,524,18/06/2021
Kallakurichi,25503,23418,1898,187,18/06/2021
Kancheepuram,69078,66919,1016,1143,18/06/2021
Kanyakumari,57653,53350,3362,941,18/06/2021
Karur,21165,19979,856,330,18/06/2021
Krishnagiri,38207,36219,1710,278,18/06/2021
Madurai,70997,68211,1726,1060,18/06/2021
Nagapattinam,36800,34280,2041,479,18/06/2021
Namakkal,41756,38845,2543,368,18/06/2021
Nilgiris,26843,24264,2437,142,18/06/2021
Perambalur,10643,10008,457,178,18/06/2021
Pudukottai,26020,24810,926,284,18/06/2021
Ramanathapuram,19188,18200,668,320,18/06/2021
Ranipet,39683,37744,1288,651,18/06/2021
Salem,82764,76224,5196,1344,18/06/2021
Sivagangai,16767,15670,912,185,18/06/2021
Tenkasi,26047,24612,991,444,18/06/2021
Thanjavur,60045,55735,3648,662,18/06/2021
Theni,41486,39611,1403,472,18/06/2021
Thirupathur,26953,25766,671,516,18/06/2021
Thiruvallur,109081,106216,1220,1645,18/06/2021
Thiruvannamalai,47318,45304,1459,555,18/06/2021
Thiruvarur,35834,34148,1392,294,18/06/2021
Thoothukudi,53304,50856,2085,363,18/06/2021
Tirunelveli,47035,45377,1258,400,18/06/2021
Tiruppur,77754,68153,8917,684,18/06/2021
Trichy,66644,62581,3239,824,18/06/2021
Vellore,46108,44890,263,955,18/06/2021
Villupuram,41355,38759,2275,321,18/06/2021
Virudhunagar,43518,41575,1437,506,18/06/2021
AirportSurveillance(International),1005,1001,3,1,18/06/2021
AirportSurveillance(Domestic),1075,1074,0,1,18/06/2021
RailwaySurveillance,428,428,0,0,18/06/2021
Ariyalur,14209,13460,562,187,20/06/2021
Chengalpattu,154118,149996,1815,2307,20/06/2021
Chennai,529211,519849,1316,8046,20/06/2021
Coimbatore,212493,199803,10802,1888,20/06/2021
Cuddalore,56539,53913,1907,719,20/06/2021
Dharmapuri,23423,21916,1318,189,20/06/2021
Dindigul,31066,29834,668,564,20/06/2021
Erode,83658,74786,8326,546,20/06/2021
Kallakurichi,25843,24367,1288,188,20/06/2021
Kancheepuram,69331,67552,630,1149,20/06/2021
Kanyakumari,57944,54376,2619,949,20/06/2021
Karur,21387,20269,787,331,20/06/2021
Krishnagiri,38559,36696,1579,284,20/06/2021
Madurai,71299,69408,823,1068,20/06/2021
Nagapattinam,37094,35160,1451,483,20/06/2021
Namakkal,42414,39663,2372,379,20/06/2021
Nilgiris,27158,25098,1914,146,20/06/2021
Perambalur,10754,10217,356,181,20/06/2021
Pudukottai,26192,25131,774,287,20/06/2021
Ramanathapuram,19309,18358,626,325,20/06/2021
Ranipet,39987,38231,1099,657,20/06/2021
Salem,83815,78047,4392,1376,20/06/2021
Sivagangai,16922,15917,820,185,20/06/2021
Tenkasi,26228,24952,822,454,20/06/2021
Thanjavur,60777,57019,3081,677,20/06/2021
Theni,41706,40078,1154,474,20/06/2021
Thirupathur,27116,25966,619,531,20/06/2021
Thiruvallur,109491,106789,1049,1653,20/06/2021
Thiruvannamalai,47700,45695,1445,560,20/06/2021
Thiruvarur,36073,34695,1073,305,20/06/2021
Thoothukudi,53564,51507,1691,366,20/06/2021
Tirunelveli,47071,45859,809,403,20/06/2021
Tiruppur,78724,73567,4461,696,20/06/2021
Trichy,67139,64007,2286,846,20/06/2021
Vellore,46290,45099,229,962,20/06/2021
Villupuram,41632,39922,1387,323,20/06/2021
Virudhunagar,43753,42223,1019,511,20/06/2021
AirportSurveillance(International),1005,1001,3,1,20/06/2021
AirportSurveillance(Domestic),1075,1074,0,1,20/06/2021
RailwaySurveillance,428,428,0,0,20/06/2021
Ariyalur,14292,13515,588,189,21/06/2021
Chengalpattu,154428,150202,1909,2317,21/06/2021
Chennai,529650,520236,1343,8071,21/06/2021
Coimbatore,213384,201907,9566,1911,21/06/2021
Cuddalore,56728,54171,1831,726,21/06/2021
Dharmapuri,23539,22197,1151,191,21/06/2021
Dindigul,31144,30010,570,564,21/06/2021
Erode,84453,76828,7070,555,21/06/2021
Kallakurichi,25990,24514,1288,188,21/06/2021
Kancheepuram,69434,67840,441,1153,21/06/2021
Kanyakumari,58077,55253,1873,951,21/06/2021
Karur,21488,20385,771,332,21/06/2021
Krishnagiri,38726,36954,1485,287,21/06/2021
Madurai,71443,69617,753,1073,21/06/2021
Nagapattinam,37214,35484,1243,487,21/06/2021
Namakkal,42728,40039,2306,383,21/06/2021
Nilgiris,27324,25540,1634,150,21/06/2021
Perambalur,10791,10301,307,183,21/06/2021
Pudukottai,26278,25305,680,293,21/06/2021
Ramanathapuram,19358,18451,581,326,21/06/2021
Ranipet,40119,38416,1039,664,21/06/2021
Salem,84326,78905,4036,1385,21/06/2021
Sivagangai,16996,16088,723,185,21/06/2021
Tenkasi,26279,25100,725,454,21/06/2021
Thanjavur,61165,57589,2891,685,21/06/2021
Theni,41783,40276,1032,475,21/06/2021
Thirupathur,27187,26023,628,536,21/06/2021
Thiruvallur,109688,107038,991,1659,21/06/2021
Thiruvannamalai,47894,45791,1538,565,21/06/2021
Thiruvarur,36176,34933,936,307,21/06/2021
Thoothukudi,53663,51948,1348,367,21/06/2021
Tirunelveli,47116,45963,750,403,21/06/2021
Tiruppur,79182,75142,3341,699,21/06/2021
Trichy,67390,64891,1641,858,21/06/2021
Vellore,46377,45139,263,975,21/06/2021
Villupuram,41747,40228,1195,324,21/06/2021
Virudhunagar,43859,42487,859,513,21/06/2021
AirportSurveillance(International),1005,1001,3,1,21/06/2021
AirportSurveillance(Domestic),1075,1074,0,1,21/06/2021
RailwaySurveillance,428,428,0,0,21/06/2021
Ariyalur,14365,13626,544,195,22/06/2021
Chengalpattu,154709,150447,1939,2323,22/06/2021
Chennai,530034,518588#,3351#,8095,22/06/2021
Coimbatore,214256,203953,8373,1930,22/06/2021
Cuddalore,56910,54440,1739,731,22/06/2021
Dharmapuri,23641,22405,1043,193,22/06/2021
Dindigul,31215,30160,485,570,22/06/2021
Erode,85184,78683,5942,559,22/06/2021
Kallakurichi,26126,24634,1302,190,22/06/2021
Kancheepuram,69544,67970,418,1156,22/06/2021
Kanyakumari,58186,55922,1311,953,22/06/2021
Karur,21582,20472,777,333,22/06/2021
Krishnagiri,38883,37238,1357,288,22/06/2021
Madurai,71566,69802,689,1075,22/06/2021
Nagapattinam,37325,35784,1048,493,22/06/2021
Namakkal,42995,40352,2254,389,22/06/2021
Nilgiris,27464,25921,1391,152,22/06/2021
Perambalur,10825,10368,268,189,22/06/2021
Pudukottai,26363,25435,631,297,22/06/2021
Ramanathapuram,19399,18551,522,326,22/06/2021
Ranipet,40238,38703,867,668,22/06/2021
Salem,84826,79722,3696,1408,22/06/2021
Sivagangai,17090,16183,722,185,22/06/2021
Tenkasi,26319,25273,592,454,22/06/2021
Thanjavur,61527,58140,2698,689,22/06/2021
Theni,41851,40429,946,476,22/06/2021
Thirupathur,27249,26097,611,541,22/06/2021
Thiruvallur,109875,107277,931,1667,22/06/2021
Thiruvannamalai,48076,46065,1441,570,22/06/2021
Thiruvarur,36270,35126,834,310,22/06/2021
Thoothukudi,53758,52237,1153,368,22/06/2021
Tirunelveli,47162,46090,667,405,22/06/2021
Tiruppur,79621,76061,2848,712,22/06/2021
Trichy,67617,65362,1393,862,22/06/2021
Vellore,46453,45167,304,982,22/06/2021
Villupuram,41850,40532,993,325,22/06/2021
Virudhunagar,43957,42635,803,519,22/06/2021
AirportSurveillance(International),1005,1001,3,1,22/06/2021
AirportSurveillance(Domestic),1075,1074,0,1,22/06/2021
RailwaySurveillance,428,428,0,0,22/06/2021
Ariyalur,14432,13669,567,196,23/06/2021
Chengalpattu,154994,150643,2025,2326,23/06/2021
Chennai,530432,518870,3447,8115,23/06/2021
Coimbatore,215051,205441,7654,1956,23/06/2021
Cuddalore,57078,54685,1654,739,23/06/2021
Dharmapuri,23743,22598,951,194,23/06/2021
Dindigul,31276,30285,420,571,23/06/2021
Erode,85872,79990,5318,564,23/06/2021
Kallakurichi,26248,24732,1326,190,23/06/2021
Kancheepuram,69630,68082,390,1158,23/06/2021
Kanyakumari,58307,56369,980,958,23/06/2021
Karur,21669,20537,798,334,23/06/2021
Krishnagiri,39036,37468,1278,290,23/06/2021
Madurai,71684,69957,652,1075,23/06/2021
Nagapattinam,37446,36001,944,501,23/06/2021
Namakkal,43265,40630,2242,393,23/06/2021
Nilgiris,27588,26259,1175,154,23/06/2021
Perambalur,10869,10420,258,191,23/06/2021
Pudukottai,26453,25533,617,303,23/06/2021
Ramanathapuram,19442,18638,475,329,23/06/2021
Ranipet,40344,38873,800,671,23/06/2021
Salem,85299,80465,3418,1416,23/06/2021
Sivagangai,17176,16274,717,185,23/06/2021
Tenkasi,26370,25415,501,454,23/06/2021
Thanjavur,61859,58636,2531,692,23/06/2021
Theni,41927,40557,894,476,23/06/2021
Thirupathur,27305,26160,595,550,23/06/2021
Thiruvallur,110056,107482,900,1674,23/06/2021
Thiruvannamalai,48251,46280,1394,577,23/06/2021
Thiruvarur,36353,35265,775,313,23/06/2021
Thoothukudi,53847,52504,975,368,23/06/2021
Tirunelveli,47193,46194,593,406,23/06/2021
Tiruppur,80039,76918,2401,720,23/06/2021
Trichy,67855,65753,1234,868,23/06/2021
Vellore,46523,45194,338,991,23/06/2021
Villupuram,41946,40760,860,326,23/06/2021
Virudhunagar,44049,42745,784,520,23/06/2021
AirportSurveillance(International),1005,1001,3,1,23/06/2021
AirportSurveillance(Domestic),1075,1074,0,1,23/06/2021
RailwaySurveillance,428,428,0,0,23/06/2021
Ariyalur,14495,13705,593,197,24/06/2021
Chengalpattu,155325,150836,2158,2331,24/06/2021
Chennai,530789,519128,3530,8131,24/06/2021
Coimbatore,215808,206592,7248,1968,24/06/2021
Cuddalore,57232,54915,1575,742,24/06/2021
Dharmapuri,23854,22783,874,197,24/06/2021
Dindigul,31331,30395,362,574,24/06/2021
Erode,86514,80984,4965,565,24/06/2021
Kallakurichi,26364,24875,1298,191,24/06/2021
Kancheepuram,69714,68156,393,1165,24/06/2021
Kanyakumari,58420,56792,666,962,24/06/2021
Karur,21751,20613,802,336,24/06/2021
Krishnagiri,39181,37681,1208,292,24/06/2021
Madurai,71793,70085,631,1077,24/06/2021
Namakkal,43511,40919,2193,399,24/06/2021
Nilgiris,27726,26604,967,155,24/06/2021
Perambalur,10909,10464,252,193,24/06/2021
Pudukottai,26529,25638,583,308,24/06/2021
Ramanathapuram,19479,18721,429,329,24/06/2021
Ranipet,40442,39011,744,687,24/06/2021
Salem,85725,81175,3127,1423,24/06/2021
Sivagangai,17262,16369,706,187,24/06/2021
Tenkasi,26400,25541,401,458,24/06/2021
Thanjavur,62166,59067,2405,694,24/06/2021
Theni,41995,40715,801,479,24/06/2021
Thirupathur,27351,26219,574,558,24/06/2021
Thiruvallur,110222,107674,866,1682,24/06/2021
Thiruvannamalai,48418,46521,1316,581,24/06/2021
Thiruvarur,36434,35383,738,313,24/06/2021
Thoothukudi,53923,52788,764,371,24/06/2021
Tirunelveli,47172,46236,530,406,24/06/2021
Tiruppur,80426,77456,2247,723,24/06/2021
Trichy,68082,66058,1148,876,24/06/2021
Vellore,46596,45225,371,1000,24/06/2021
Villupuram,42043,40964,753,326,24/06/2021
AirportSurveillance(International),1005,1001,3,1,24/06/2021
AirportSurveillance(Domestic),1075,1074,0,1,24/06/2021
RailwaySurveillance,428,428,0,0,24/06/2021
Ariyalur,14555,13746,609,200,25/06/2021
Chengalpattu,155696,151023,2337,2336,25/06/2021
Chennai,531127,519373,3611,8143,25/06/2021
Coimbatore,216506,207791,6721,1994,25/06/2021
Cuddalore,57371,55124,1501,746,25/06/2021
Dharmapuri,23956,22941,817,198,25/06/2021
Dindigul,31380,30477,329,574,25/06/2021
Erode,87110,81849,4695,566,25/06/2021
Kallakurichi,26474,25036,1247,191,25/06/2021
Kancheepuram,69799,68222,411,1166,25/06/2021
Kanyakumari,58527,57109,453,965,25/06/2021
Karur,21820,20684,800,336,25/06/2021
Krishnagiri,39320,37879,1147,294,25/06/2021
Madurai,71894,70197,619,1078,25/06/2021
Nagapattinam,37651,36394,748,509,25/06/2021
Namakkal,43739,41180,2154,405,25/06/2021
Nilgiris,27858,26921,782,155,25/06/2021
Perambalur,10942,10502,246,194,25/06/2021
Pudukottai,26604,25730,565,309,25/06/2021
Ramanathapuram,19514,18795,389,330,25/06/2021
Ranipet,40533,39126,715,692,25/06/2021
Salem,86120,81832,2856,1432,25/06/2021
Sivagangai,17350,16450,712,188,25/06/2021
Tenkasi,26388,25580,350,458,25/06/2021
Thanjavur,62443,59443,2302,698,25/06/2021
Theni,42060,40864,713,483,25/06/2021
Thirupathur,27392,26262,569,561,25/06/2021
Thiruvallur,110374,107830,856,1688,25/06/2021
Thiruvannamalai,48576,46746,1244,586,25/06/2021
Thiruvarur,36506,35488,702,316,25/06/2021
Thoothukudi,53999,53037,589,373,25/06/2021
Tirunelveli,47137,46267,463,407,25/06/2021
Tiruppur,80789,77918,2135,736,25/06/2021
Trichy,68302,66316,1104,882,25/06/2021
Vellore,46663,45254,395,1014,25/06/2021
Villupuram,42133,41162,645,326,25/06/2021
Virudhunagar,44216,42912,784,520,25/06/2021
AirportSurveillance(International),1005,1001,3,1,25/06/2021
AirportSurveillance(Domestic),1075,1074,0,1,25/06/2021
RailwaySurveillance,428,428,0,0,25/06/2021
Ariyalur,14613,13807,605,201,26/06/2021
Chengalpattu,155951,151269,2341,2341,26/06/2021
Chennai,531443,519701,3590,8152,26/06/2021
Coimbatore,217179,209054,6122,2003,26/06/2021
Cuddalore,57499,55412,1339,748,26/06/2021
Dharmapuri,24066,23084,782,200,26/06/2021
Dindigul,31429,30533,315,581,26/06/2021
Erode,87685,82597,4509,579,26/06/2021
Kallakurichi,26612,25225,1196,191,26/06/2021
Kancheepuram,69924,68274,483,1167,26/06/2021
Kanyakumari,58620,57202,449,969,26/06/2021
Karur,21873,20767,770,336,26/06/2021
Krishnagiri,39442,38035,1112,295,26/06/2021
Madurai,71984,70284,619,1081,26/06/2021
Nagapattinam,37730,36537,682,511,26/06/2021
Namakkal,43952,41489,2052,411,26/06/2021
Nilgiris,27986,27089,739,158,26/06/2021
Perambalur,10973,10523,256,194,26/06/2021
Pudukottai,26678,25809,554,315,26/06/2021
Ramanathapuram,19545,18877,338,330,26/06/2021
Ranipet,40623,39230,693,700,26/06/2021
Salem,86493,82452,2598,1443,26/06/2021
Sivagangai,17430,16563,679,188,26/06/2021
Tenkasi,26374,25604,310,460,26/06/2021
Thanjavur,62704,59799,2204,701,26/06/2021
Theni,42116,40997,633,486,26/06/2021
Thirupathur,27431,26324,540,567,26/06/2021
Thiruvallur,110561,107982,884,1695,26/06/2021
Thiruvannamalai,48727,46982,1156,589,26/06/2021
Thiruvarur,36573,35569,688,316,26/06/2021
Thoothukudi,54058,53245,439,374,26/06/2021
Tirunelveli,47133,46309,416,408,26/06/2021
Tiruppur,81125,78366,2021,738,26/06/2021
Trichy,68495,66554,1052,889,26/06/2021
Vellore,46721,45277,413,1031,26/06/2021
Villupuram,42208,41294,586,328,26/06/2021
Virudhunagar,44283,43005,757,521,26/06/2021
AirportSurveillance(International),1005,1002,2,1,26/06/2021
AirportSurveillance(Domestic),1075,1074,0,1,26/06/2021
RailwaySurveillance,428,428,0,0,26/06/2021
Ariyalur,14747,13950,592,205,28/06/2021
Chengalpattu,156447,151788,2313,2346,28/06/2021
Chennai,532006,520379,3462,8165,28/06/2021
Coimbatore,218426,211299,5110,2017,28/06/2021
Cuddalore,57726,55866,1103,757,28/06/2021
Dharmapuri,24281,23306,771,204,28/06/2021
Dindigul,31524,30633,308,583,28/06/2021
Erode,88723,83915,4223,585,28/06/2021
Kallakurichi,26851,25634,1025,192,28/06/2021
Kancheepuram,70087,68353,563,1171,28/06/2021
Kanyakumari,58794,57357,460,977,28/06/2021
Karur,21961,20946,673,342,28/06/2021
Krishnagiri,39668,38306,1062,300,28/06/2021
Madurai,72144,70421,630,1093,28/06/2021
Nagapattinam,37866,36753,600,513,28/06/2021
Namakkal,44327,42108,1805,414,28/06/2021
Nilgiris,28191,27362,665,164,28/06/2021
Perambalur,11014,10556,263,195,28/06/2021
Pudukottai,26826,25945,564,317,28/06/2021
Ramanathapuram,19588,18988,270,330,28/06/2021
Ranipet,40780,39411,659,710,28/06/2021
Salem,87261,83577,2230,1454,28/06/2021
Sivagangai,17566,16749,628,189,28/06/2021
Tenkasi,26363,25647,252,464,28/06/2021
Thanjavur,63166,60416,2045,705,28/06/2021
Theni,42227,41225,514,488,28/06/2021
Thirupathur,27498,26452,475,571,28/06/2021
Thiruvallur,110809,108253,854,1702,28/06/2021
Thiruvannamalai,49013,47386,1035,592,28/06/2021
Thiruvarur,36694,35726,645,323,28/06/2021
Thoothukudi,54194,53507,312,375,28/06/2021
Tirunelveli,47123,46368,346,409,28/06/2021
Tiruppur,81821,79235,1839,747,28/06/2021
Trichy,68871,66961,1010,900,28/06/2021
Vellore,46826,45317,474,1035,28/06/2021
Villupuram,42346,41537,480,329,28/06/2021
Virudhunagar,44415,43200,692,523,28/06/2021
AirportSurveillance(International),1005,1002,2,1,28/06/2021
AirportSurveillance(Domestic),1075,1074,0,1,28/06/2021
RailwaySurveillance,428,428,0,0,28/06/2021
Ariyalur,14806,14043,557,206,29/06/2021
Chengalpattu,156677,152134,2191,2352,29/06/2021
Chennai,532272,520793,3307,8172,29/06/2021
Coimbatore,218990,212285,4676,2029,29/06/2021
Cuddalore,57842,56042,1042,758,29/06/2021
Dindigul,31561,30666,307,588,29/06/2021
Erode,89212,84461,4163,588,29/06/2021
Kallakurichi,26949,25771,984,194,29/06/2021
Kancheepuram,70164,68394,597,1173,29/06/2021
Kanyakumari,58886,57419,485,982,29/06/2021
Karur,21997,21062,593,342,29/06/2021
Krishnagiri,39761,38414,1045,302,29/06/2021
Madurai,72211,70479,627,1105,29/06/2021
Mayiladuthurai,20133,19582,301,250,29/06/2021
Nagapattinam,17805,17252,287,266,29/06/2021
Namakkal,44499,42354,1727,418,29/06/2021
Nilgiris,28266,27448,654,164,29/06/2021
Perambalur,11034,10573,264,197,29/06/2021
Pudukottai,26900,26003,576,321,29/06/2021
Ramanathapuram,19605,19017,258,330,29/06/2021
Ranipet,40848,39484,647,717,29/06/2021
Salem,87569,84085,2021,1463,29/06/2021
Sivagangai,17624,16816,619,189,29/06/2021
Tenkasi,26399,25666,269,464,29/06/2021
Thanjavur,63378,60681,1992,705,29/06/2021
Theni,42274,41309,474,491,29/06/2021
Thirupathur,27527,26546,410,571,29/06/2021
Thiruvallur,110920,108364,853,1703,29/06/2021
Thiruvannamalai,49140,47543,1001,596,29/06/2021
Thiruvarur,36743,35805,613,325,29/06/2021
Thoothukudi,54256,53560,319,377,29/06/2021
Tirunelveli,47165,46396,359,410,29/06/2021
Tiruppur,82103,79631,1722,750,29/06/2021
Trichy,69039,67104,1033,902,29/06/2021
Vellore,46876,45343,491,1042,29/06/2021
Villupuram,42399,41609,460,330,29/06/2021
Virudhunagar,44464,43321,616,527,29/06/2021
AirportSurveillance(International),1005,1002,2,1,29/06/2021
AirportSurveillance(Domestic),1075,1074,0,1,29/06/2021
RailwaySurveillance,428,428,0,0,29/06/2021
Ariyalur,14861,14130,520,211,30/06/2021
Chengalpattu,156884,152485,2041,2358,30/06/2021
Chennai,532529,521221,3121,8187,30/06/2021
Coimbatore,219504,213227,4236,2041,30/06/2021
Cuddalore,57944,56200,982,762,30/06/2021
Dharmapuri,24502,23466,828,208,30/06/2021
Dindigul,31615,30693,330,592,30/06/2021
Erode,89632,84950,4093,589,30/06/2021
Kallakurichi,27064,25892,978,194,30/06/2021
Kancheepuram,70232,68428,628,1176,30/06/2021
Kanyakumari,58969,57467,515,987,30/06/2021
Karur,22029,21185,502,342,30/06/2021
Krishnagiri,39870,38532,1035,303,30/06/2021
Madurai,72279,70535,636,1108,30/06/2021
Mayiladuthurai,20177,19635,290,252,30/06/2021
Nagapattinam,17850,17273,311,266,30/06/2021
Namakkal,44657,42552,1687,418,30/06/2021
Nilgiris,28353,27514,675,164,30/06/2021
Perambalur,11056,10594,264,198,30/06/2021
Pudukottai,26966,26055,590,321,30/06/2021
Ramanathapuram,19619,19049,237,333,30/06/2021
Ranipet,40912,39537,655,720,30/06/2021
Salem,87864,84551,1841,1472,30/06/2021
Sivagangai,17689,16878,622,189,30/06/2021
Tenkasi,26427,25681,282,464,30/06/2021
Thanjavur,63575,60906,1961,708,30/06/2021
Theni,42319,41385,441,493,30/06/2021
Thirupathur,27558,26644,342,572,30/06/2021
Thiruvallur,111025,108469,851,1705,30/06/2021
Thiruvannamalai,49339,47689,1053,597,30/06/2021
Thiruvarur,36814,35890,597,327,30/06/2021
Thoothukudi,54331,53598,355,378,30/06/2021
Tirunelveli,47207,46427,370,410,30/06/2021
Tiruppur,82373,79952,1664,757,30/06/2021
Trichy,69244,67225,1109,910,30/06/2021
Vellore,46919,45365,507,1047,30/06/2021
Villupuram,42464,41673,461,330,30/06/2021
Virudhunagar,44536,43429,579,528,30/06/2021
AirportSurveillance(International),1005,1002,2,1,30/06/2021
AirportSurveillance(Domestic),1075,1074,0,1,30/06/2021
RailwaySurveillance,428,428,0,0,30/06/2021
