Ariyalur,4741,4677,15,49,01/03/2021
Chengalpattu,52819,51702,335,782,01/03/2021
Chennai,235721,229783,1783,4155,01/03/2021
Coimbatore,55799,54737,379,683,01/03/2021
Cuddalore,25173,24832,53,288,01/03/2021
Dharmapuri,6656,6588,13,55,01/03/2021
Dindigul,11492,11234,58,200,01/03/2021
Erode,14802,14558,94,150,01/03/2021
Kallakurichi,10907,10796,3,108,01/03/2021
Kancheepuram,29551,29032,71,448,01/03/2021
Kanyakumari,17089,16780,48,261,01/03/2021
Karur,5506,5435,20,51,01/03/2021
Krishnagiri,8169,8022,29,118,01/03/2021
Madurai,21249,20738,51,460,01/03/2021
Nagapattinam,8609,8440,36,133,01/03/2021
Namakkal,11810,11670,29,111,01/03/2021
Nilgiris,8359,8250,61,48,01/03/2021
Perambalur,2284,2260,3,21,01/03/2021
Pudukottai,11657,11481,19,157,01/03/2021
Ramanathapuram,6475,6325,13,137,01/03/2021
Ranipet,16242,16032,21,189,01/03/2021
Salem,32755,32220,68,467,01/03/2021
Sivagangai,6791,6621,44,126,01/03/2021
Tenkasi,8550,8350,41,159,01/03/2021
Thanjavur,18126,17752,118,256,01/03/2021
Theni,17162,16940,15,207,01/03/2021
Thirupathur,7636,7501,9,126,01/03/2021
Thiruvallur,44237,43370,168,699,01/03/2021
Thiruvannamalai,19499,19184,31,284,01/03/2021
Thiruvarur,11358,11209,38,111,01/03/2021
Thoothukudi,16359,16196,20,143,01/03/2021
Tirunelveli,15737,15471,52,214,01/03/2021
Tiruppur,18361,18021,116,224,01/03/2021
Trichy,14984,14754,47,183,01/03/2021
Vellore,20995,20590,54,351,01/03/2021
Villupuram,15268,15132,23,113,01/03/2021
Virudhunagar,16667,16418,17,232,01/03/2021
AirportSurveillance(International),950,939,10,1,01/03/2021
AirportSurveillance(Domestic),1043,1038,4,1,01/03/2021
RailwaySurveillance,428,428,0,0,01/03/2021
Ariyalur,4742,4679,14,49,02/03/2021
Chengalpattu,52852,51758,312,782,02/03/2021
Chennai,235888,229961,1771,4156,02/03/2021
Coimbatore,55838,54776,379,683,02/03/2021
Cuddalore,25184,24841,55,288,02/03/2021
Dharmapuri,6658,6591,12,55,02/03/2021
Dindigul,11498,11238,60,200,02/03/2021
Erode,14815,14571,94,150,02/03/2021
Kallakurichi,10908,10796,4,108,02/03/2021
Kancheepuram,29568,29042,78,448,02/03/2021
Kanyakumari,17098,16789,48,261,02/03/2021
Karur,5508,5438,19,51,02/03/2021
Krishnagiri,8172,8026,28,118,02/03/2021
Madurai,21263,20743,60,460,02/03/2021
Nagapattinam,8613,8446,34,133,02/03/2021
Namakkal,11813,11676,26,111,02/03/2021
Nilgiris,8365,8258,59,48,02/03/2021
Perambalur,2285,2261,3,21,02/03/2021
Pudukottai,11662,11483,22,157,02/03/2021
Ramanathapuram,6477,6327,13,137,02/03/2021
Ranipet,16245,16038,18,189,02/03/2021
Salem,32765,32227,71,467,02/03/2021
Sivagangai,6796,6628,42,126,02/03/2021
Tenkasi,8556,8354,43,159,02/03/2021
Thanjavur,18145,17761,128,256,02/03/2021
Theni,17165,16942,16,207,02/03/2021
Thirupathur,7636,7503,7,126,02/03/2021
Thiruvallur,44258,43389,170,699,02/03/2021
Thiruvannamalai,19501,19188,29,284,02/03/2021
Thiruvarur,11364,11215,38,111,02/03/2021
Thoothukudi,16361,16198,20,143,02/03/2021
Tirunelveli,15743,15481,48,214,02/03/2021
Tiruppur,18376,18036,116,224,02/03/2021
Trichy,14996,14761,52,183,02/03/2021
Vellore,21002,20596,55,351,02/03/2021
Villupuram,15272,15136,23,113,02/03/2021
Virudhunagar,16669,16421,16,232,02/03/2021
AirportSurveillance(International),950,939,10,1,02/03/2021
AirportSurveillance(Domestic),1043,1038,4,1,02/03/2021
RailwaySurveillance,428,428,0,0,02/03/2021
Ariyalur,4745,4680,16,49,03/03/2021
Chengalpattu,52915,51811,321,783,03/03/2021
Chennai,236072,230131,1784,4157,03/03/2021
Coimbatore,55883,54820,380,683,03/03/2021
Cuddalore,25197,24849,60,288,03/03/2021
Dharmapuri,6659,6593,11,55,03/03/2021
Dindigul,11503,11254,49,200,03/03/2021
Erode,14826,14588,88,150,03/03/2021
Kallakurichi,10908,10796,4,108,03/03/2021
Kancheepuram,29574,29053,73,448,03/03/2021
Kanyakumari,17106,16801,44,261,03/03/2021
Karur,5511,5442,18,51,03/03/2021
Krishnagiri,8176,8031,27,118,03/03/2021
Madurai,21270,20751,59,460,03/03/2021
Nagapattinam,8618,8452,33,133,03/03/2021
Namakkal,11817,11683,23,111,03/03/2021
Nilgiris,8370,8267,55,48,03/03/2021
Perambalur,2286,2261,4,21,03/03/2021
Pudukottai,11664,11488,19,157,03/03/2021
Ramanathapuram,6480,6331,12,137,03/03/2021
Ranipet,16246,16043,14,189,03/03/2021
Salem,32772,32235,70,467,03/03/2021
Sivagangai,6801,6636,39,126,03/03/2021
Tenkasi,8560,8360,41,159,03/03/2021
Thanjavur,18162,17768,138,256,03/03/2021
Theni,17169,16945,17,207,03/03/2021
Thirupathur,7639,7504,9,126,03/03/2021
Thiruvallur,44271,43406,166,699,03/03/2021
Thiruvannamalai,19507,19194,29,284,03/03/2021
Thiruvarur,11372,11223,38,111,03/03/2021
Thoothukudi,16363,16201,19,143,03/03/2021
Tiruppur,18394,18048,122,224,03/03/2021
Trichy,15005,14766,56,183,03/03/2021
Vellore,21011,20603,57,351,03/03/2021
Villupuram,15274,15142,19,113,03/03/2021
Virudhunagar,16673,16423,18,232,03/03/2021
AirportSurveillance(International),950,939,10,1,03/03/2021
RailwaySurveillance,428,428,0,0,03/03/2021
Ariyalur,4745,4683,13,49,04/03/2021
Chengalpattu,52963,51860,320,783,04/03/2021
Chennai,236260,230298,1802,4160,04/03/2021
Coimbatore,55931,54871,377,683,04/03/2021
Cuddalore,25205,24857,60,288,04/03/2021
Dharmapuri,6660,6596,9,55,04/03/2021
Dindigul,11513,11262,51,200,04/03/2021
Erode,14837,14606,81,150,04/03/2021
Kallakurichi,10908,10797,3,108,04/03/2021
Kancheepuram,29588,29062,78,448,04/03/2021
Kanyakumari,17114,16811,42,261,04/03/2021
Karur,5512,5445,16,51,04/03/2021
Krishnagiri,8179,8035,26,118,04/03/2021
Madurai,21274,20758,56,460,04/03/2021
Nagapattinam,8623,8459,30,134,04/03/2021
Namakkal,11823,11689,23,111,04/03/2021
Nilgiris,8374,8277,49,48,04/03/2021
Perambalur,2284,2261,2,21,04/03/2021
Pudukottai,11669,11491,21,157,04/03/2021
Ramanathapuram,6481,6335,9,137,04/03/2021
Ranipet,16249,16046,14,189,04/03/2021
Salem,32781,32245,69,467,04/03/2021
Sivagangai,6800,6642,32,126,04/03/2021
Tenkasi,8563,8365,39,159,04/03/2021
Thanjavur,18178,17781,141,256,04/03/2021
Theni,17172,16946,19,207,04/03/2021
Thirupathur,7641,7506,9,126,04/03/2021
Thiruvallur,44292,43421,172,699,04/03/2021
Thiruvannamalai,19510,19199,27,284,04/03/2021
Thiruvarur,11378,11230,37,111,04/03/2021
Thoothukudi,16364,16205,16,143,04/03/2021
Tirunelveli,15753,15498,41,214,04/03/2021
Tiruppur,18414,18064,126,224,04/03/2021
Trichy,15015,14773,59,183,04/03/2021
Vellore,21022,20612,59,351,04/03/2021
Villupuram,15275,15146,16,113,04/03/2021
Virudhunagar,16676,16426,18,232,04/03/2021
AirportSurveillance(International),952,939,12,1,04/03/2021
AirportSurveillance(Domestic),1043,1038,4,1,04/03/2021
RailwaySurveillance,428,428,0,0,04/03/2021
Ariyalur,4746,4686,11,49,05/03/2021
Chengalpattu,53009,51915,309,785,05/03/2021
Chennai,236485,230487,1837,4161,05/03/2021
Coimbatore,55982,54923,376,683,05/03/2021
Cuddalore,25211,24867,56,288,05/03/2021
Dharmapuri,6661,6598,8,55,05/03/2021
Dindigul,11520,11271,49,200,05/03/2021
Erode,14847,14622,75,150,05/03/2021
Kallakurichi,10908,10797,3,108,05/03/2021
Kancheepuram,29608,29079,80,449,05/03/2021
Kanyakumari,17120,16819,40,261,05/03/2021
Karur,5513,5449,13,51,05/03/2021
Krishnagiri,8180,8041,21,118,05/03/2021
Madurai,21284,20767,57,460,05/03/2021
Nagapattinam,8627,8467,26,134,05/03/2021
Namakkal,11826,11695,20,111,05/03/2021
Nilgiris,8377,8290,39,48,05/03/2021
Perambalur,2285,2261,3,21,05/03/2021
Pudukottai,11674,11495,22,157,05/03/2021
Ramanathapuram,6482,6338,7,137,05/03/2021
Ranipet,16250,16052,9,189,05/03/2021
Salem,32788,32256,65,467,05/03/2021
Sivagangai,6802,6646,30,126,05/03/2021
Tenkasi,8567,8371,37,159,05/03/2021
Thanjavur,18192,17793,143,256,05/03/2021
Theni,17173,16953,13,207,05/03/2021
Thirupathur,7642,7508,8,126,05/03/2021
Thiruvallur,44325,43449,176,700,05/03/2021
Thiruvannamalai,19513,19205,24,284,05/03/2021
Thiruvarur,11382,11239,32,111,05/03/2021
Thoothukudi,16365,16208,14,143,05/03/2021
Tirunelveli,15759,15509,36,214,05/03/2021
Tiruppur,18439,18085,130,224,05/03/2021
Trichy,15026,14778,65,183,05/03/2021
Vellore,21038,20619,68,351,05/03/2021
Villupuram,15278,15149,16,113,05/03/2021
Virudhunagar,16682,16433,17,232,05/03/2021
AirportSurveillance(International),954,939,14,1,05/03/2021
AirportSurveillance(Domestic),1044,1038,5,1,05/03/2021
RailwaySurveillance,428,428,0,0,05/03/2021
Ariyalur,4746,4688,9,49,06/03/2021
Chengalpattu,53058,51968,304,786,06/03/2021
Chennai,236728,230708,1857,4163,06/03/2021
Coimbatore,56030,54982,364,684,06/03/2021
Cuddalore,25214,24872,54,288,06/03/2021
Dharmapuri,6661,6599,7,55,06/03/2021
Dindigul,11525,11275,50,200,06/03/2021
Erode,14860,14635,75,150,06/03/2021
Kallakurichi,10909,10798,3,108,06/03/2021
Kancheepuram,29633,29086,98,449,06/03/2021
Kanyakumari,17126,16828,37,261,06/03/2021
Karur,5514,5452,11,51,06/03/2021
Krishnagiri,8181,8044,19,118,06/03/2021
Madurai,21289,20773,56,460,06/03/2021
Nagapattinam,8634,8472,28,134,06/03/2021
Namakkal,11833,11698,24,111,06/03/2021
Nilgiris,8383,8300,35,48,06/03/2021
Perambalur,2285,2261,3,21,06/03/2021
Pudukottai,11678,11497,24,157,06/03/2021
Ramanathapuram,6483,6339,7,137,06/03/2021
Ranipet,16252,16054,9,189,06/03/2021
Salem,32794,32265,62,467,06/03/2021
Sivagangai,6806,6650,30,126,06/03/2021
Tenkasi,8569,8379,31,159,06/03/2021
Thanjavur,18212,17816,140,256,06/03/2021
Theni,17175,16955,13,207,06/03/2021
Thirupathur,7643,7509,8,126,06/03/2021
Thiruvallur,44364,43478,186,700,06/03/2021
Thiruvannamalai,19514,19212,18,284,06/03/2021
Thiruvarur,11390,11243,36,111,06/03/2021
Thoothukudi,16367,16210,14,143,06/03/2021
Tirunelveli,15766,15517,35,214,06/03/2021
Tiruppur,18459,18115,120,224,06/03/2021
Trichy,15033,14780,70,183,06/03/2021
Vellore,21048,20624,73,351,06/03/2021
Villupuram,15281,15151,17,113,06/03/2021
Virudhunagar,16685,16436,17,232,06/03/2021
AirportSurveillance(International),954,947,6,1,06/03/2021
AirportSurveillance(Domestic),1044,1041,2,1,06/03/2021
RailwaySurveillance,428,428,0,0,06/03/2021
Ariyalur,4746,4689,8,49,07/03/2021
Chengalpattu,53114,52019,309,786,07/03/2021
Chennai,236978,230936,1878,4164,07/03/2021
Coimbatore,56079,55037,358,684,07/03/2021
Cuddalore,25231,24880,63,288,07/03/2021
Dharmapuri,6664,6600,9,55,07/03/2021
Dindigul,11534,11280,54,200,07/03/2021
Erode,14874,14642,82,150,07/03/2021
Kallakurichi,10909,10798,3,108,07/03/2021
Kancheepuram,29648,29091,108,449,07/03/2021
Kanyakumari,17138,16833,44,261,07/03/2021
Karur,5516,5453,12,51,07/03/2021
Krishnagiri,8189,8051,20,118,07/03/2021
Madurai,21294,20777,57,460,07/03/2021
Nagapattinam,8639,8476,29,134,07/03/2021
Namakkal,11841,11703,27,111,07/03/2021
Nilgiris,8389,8306,35,48,07/03/2021
Perambalur,2287,2262,4,21,07/03/2021
Pudukottai,11681,11498,26,157,07/03/2021
Ramanathapuram,6485,6339,9,137,07/03/2021
Ranipet,16255,16055,11,189,07/03/2021
Salem,32800,32276,57,467,07/03/2021
Sivagangai,6808,6653,29,126,07/03/2021
Tenkasi,8574,8386,29,159,07/03/2021
Thanjavur,18216,17838,122,256,07/03/2021
Theni,17176,16955,14,207,07/03/2021
Thirupathur,7643,7510,7,126,07/03/2021
Thiruvallur,44385,43501,184,700,07/03/2021
Thiruvannamalai,19517,19217,16,284,07/03/2021
Thiruvarur,11395,11244,40,111,07/03/2021
Thoothukudi,16370,16213,14,143,07/03/2021
Tirunelveli,15774,15524,36,214,07/03/2021
Tiruppur,18474,18137,113,224,07/03/2021
Trichy,15044,14788,73,183,07/03/2021
Vellore,21055,20631,73,351,07/03/2021
Villupuram,15285,15152,20,113,07/03/2021
Virudhunagar,16688,16438,18,232,07/03/2021
AirportSurveillance(International),954,949,4,1,07/03/2021
AirportSurveillance(Domestic),1044,1041,2,1,07/03/2021
RailwaySurveillance,428,428,0,0,07/03/2021
Ariyalur,4747,4690,8,49,08/03/2021
Chengalpattu,53168,52071,311,786,08/03/2021
Chennai,237204,231172,1866,4166,08/03/2021
Coimbatore,56127,55089,353,685,08/03/2021
Cuddalore,25238,24887,63,288,08/03/2021
Dharmapuri,6665,6601,9,55,08/03/2021
Dindigul,11539,11287,52,200,08/03/2021
Erode,14884,14651,83,150,08/03/2021
Kallakurichi,10910,10799,3,108,08/03/2021
Kancheepuram,29660,29099,112,449,08/03/2021
Kanyakumari,17152,16842,49,261,08/03/2021
Karur,5518,5455,12,51,08/03/2021
Krishnagiri,8194,8055,21,118,08/03/2021
Madurai,21302,20780,62,460,08/03/2021
Nagapattinam,8648,8481,33,134,08/03/2021
Namakkal,11848,11707,30,111,08/03/2021
Nilgiris,8392,8311,33,48,08/03/2021
Perambalur,2286,2262,3,21,08/03/2021
Pudukottai,11684,11500,27,157,08/03/2021
Ramanathapuram,6488,6340,11,137,08/03/2021
Ranipet,16256,16056,11,189,08/03/2021
Salem,32816,32288,61,467,08/03/2021
Sivagangai,6807,6657,24,126,08/03/2021
Tenkasi,8576,8390,27,159,08/03/2021
Thanjavur,18233,17857,120,256,08/03/2021
Theni,17179,16956,16,207,08/03/2021
Thirupathur,7646,7512,8,126,08/03/2021
Thiruvallur,44420,43522,198,700,08/03/2021
Thiruvannamalai,19518,19218,16,284,08/03/2021
Thiruvarur,11413,11250,52,111,08/03/2021
Thoothukudi,16373,16218,12,143,08/03/2021
Tirunelveli,15782,15530,38,214,08/03/2021
Tiruppur,18493,18156,113,224,08/03/2021
Trichy,15047,14798,66,183,08/03/2021
Vellore,21061,20640,70,351,08/03/2021
Villupuram,15286,15154,19,113,08/03/2021
Virudhunagar,16690,16439,19,232,08/03/2021
AirportSurveillance(International),955,949,5,1,08/03/2021
AirportSurveillance(Domestic),1044,1041,2,1,08/03/2021
RailwaySurveillance,428,428,0,0,08/03/2021
Ariyalur,4749,4692,8,49,09/03/2021
Chengalpattu,53270,52132,352,786,09/03/2021
Chennai,237444,231399,1876,4169,09/03/2021
Coimbatore,56182,55145,352,685,09/03/2021
Cuddalore,25243,24892,63,288,09/03/2021
Dharmapuri,6665,6601,9,55,09/03/2021
Dindigul,11546,11295,51,200,09/03/2021
Erode,14890,14662,78,150,09/03/2021
Kallakurichi,10911,10800,3,108,09/03/2021
Kancheepuram,29631,29105,77,449,09/03/2021
Kanyakumari,17159,16846,52,261,09/03/2021
Karur,5519,5458,10,51,09/03/2021
Krishnagiri,8195,8057,20,118,09/03/2021
Madurai,21307,20786,60,461,09/03/2021
Nagapattinam,8655,8483,38,134,09/03/2021
Namakkal,11855,11710,34,111,09/03/2021
Nilgiris,8398,8314,36,48,09/03/2021
Perambalur,2287,2262,4,21,09/03/2021
Pudukottai,11687,11503,27,157,09/03/2021
Ramanathapuram,6489,6341,11,137,09/03/2021
Ranipet,16260,16058,13,189,09/03/2021
Salem,32835,32296,72,467,09/03/2021
Sivagangai,6809,6660,23,126,09/03/2021
Tenkasi,8579,8395,25,159,09/03/2021
Thanjavur,18253,17875,122,256,09/03/2021
Theni,17185,16957,21,207,09/03/2021
Thirupathur,7648,7513,9,126,09/03/2021
Thiruvallur,44437,43543,194,700,09/03/2021
Thiruvannamalai,19525,19222,19,284,09/03/2021
Thiruvarur,11419,11252,56,111,09/03/2021
Thoothukudi,16375,16219,13,143,09/03/2021
Tirunelveli,15788,15532,42,214,09/03/2021
Tiruppur,18509,18174,111,224,09/03/2021
Trichy,15061,14805,73,183,09/03/2021
Vellore,21069,20647,71,351,09/03/2021
Villupuram,15291,15158,20,113,09/03/2021
Virudhunagar,16693,16441,20,232,09/03/2021
AirportSurveillance(International),956,949,6,1,09/03/2021
AirportSurveillance(Domestic),1044,1041,2,1,09/03/2021
RailwaySurveillance,428,428,0,0,09/03/2021
Ariyalur,4750,4694,7,49,10/03/2021
Chengalpattu,53332,52195,351,786,10/03/2021
Chennai,237716,231630,1915,4171,10/03/2021
Coimbatore,56246,55202,359,685,10/03/2021
Cuddalore,25248,24898,62,288,10/03/2021
Dharmapuri,6665,6602,8,55,10/03/2021
Dindigul,11552,11300,52,200,10/03/2021
Erode,14905,14671,84,150,10/03/2021
Kallakurichi,10914,10801,5,108,10/03/2021
Kancheepuram,29656,29113,94,449,10/03/2021
Kanyakumari,17170,16851,58,261,10/03/2021
Karur,5519,5460,8,51,10/03/2021
Krishnagiri,8199,8060,21,118,10/03/2021
Madurai,21318,20795,62,461,10/03/2021
Nagapattinam,8663,8487,41,135,10/03/2021
Namakkal,11859,11712,36,111,10/03/2021
Nilgiris,8406,8318,40,48,10/03/2021
Perambalur,2288,2263,4,21,10/03/2021
Pudukottai,11690,11507,26,157,10/03/2021
Ramanathapuram,6490,6343,10,137,10/03/2021
Ranipet,16262,16059,14,189,10/03/2021
Salem,32848,32306,75,467,10/03/2021
Sivagangai,6813,6665,22,126,10/03/2021
Tenkasi,8579,8399,20,160,10/03/2021
Thanjavur,18268,17890,122,256,10/03/2021
Theni,17185,16958,20,207,10/03/2021
Thirupathur,7650,7514,9,127,10/03/2021
Thiruvallur,44472,43567,205,700,10/03/2021
Thiruvannamalai,19535,19227,24,284,10/03/2021
Thiruvarur,11432,11256,65,111,10/03/2021
Thoothukudi,16376,16221,12,143,10/03/2021
Tirunelveli,15792,15536,42,214,10/03/2021
Tiruppur,18537,18189,124,224,10/03/2021
Trichy,15080,14814,83,183,10/03/2021
Vellore,21080,20655,74,351,10/03/2021
Villupuram,15297,15160,24,113,10/03/2021
Virudhunagar,16697,16444,21,232,10/03/2021
AirportSurveillance(International),956,949,6,1,10/03/2021
AirportSurveillance(Domestic),1044,1041,2,1,10/03/2021
RailwaySurveillance,428,428,0,0,10/03/2021
Ariyalur,4751,4695,7,49,11/03/2021
Chengalpattu,53391,52243,360,788,11/03/2021
Chennai,238007,231893,1940,4174,11/03/2021
Coimbatore,56298,55251,362,685,11/03/2021
Cuddalore,25251,24907,56,288,11/03/2021
Dharmapuri,6668,6603,10,55,11/03/2021
Dindigul,11564,11307,57,200,11/03/2021
Erode,14923,14684,89,150,11/03/2021
Kallakurichi,10915,10802,5,108,11/03/2021
Kancheepuram,29670,29119,102,449,11/03/2021
Kanyakumari,17176,16855,60,261,11/03/2021
Karur,5523,5461,11,51,11/03/2021
Krishnagiri,8205,8064,23,118,11/03/2021
Madurai,21324,20805,58,461,11/03/2021
Nagapattinam,8672,8492,45,135,11/03/2021
Namakkal,11862,11713,38,111,11/03/2021
Nilgiris,8410,8323,39,48,11/03/2021
Perambalur,2289,2263,5,21,11/03/2021
Pudukottai,11694,11511,26,157,11/03/2021
Ramanathapuram,6491,6344,10,137,11/03/2021
Ranipet,16264,16060,15,189,11/03/2021
Salem,32866,32312,87,467,11/03/2021
Sivagangai,6818,6669,23,126,11/03/2021
Tenkasi,8581,8402,19,160,11/03/2021
Thanjavur,18304,17905,143,256,11/03/2021
Theni,17190,16961,22,207,11/03/2021
Thirupathur,7654,7515,12,127,11/03/2021
Thiruvallur,44524,43589,235,700,11/03/2021
Thiruvannamalai,19536,19232,20,284,11/03/2021
Thiruvarur,11438,11264,63,111,11/03/2021
Thoothukudi,16379,16223,13,143,11/03/2021
Tirunelveli,15795,15539,42,214,11/03/2021
Tiruppur,18559,18203,132,224,11/03/2021
Trichy,15086,14822,81,183,11/03/2021
Vellore,21097,20664,82,351,11/03/2021
Villupuram,15299,15163,23,113,11/03/2021
Virudhunagar,16698,16445,21,232,11/03/2021
AirportSurveillance(International),958,950,7,1,11/03/2021
AirportSurveillance(Domestic),1044,1042,1,1,11/03/2021
RailwaySurveillance,428,428,0,0,11/03/2021
Ariyalur,4753,4697,7,49,12/03/2021
Chengalpattu,53450,52292,369,789,12/03/2021
Chennai,238288,232151,1961,4176,12/03/2021
Coimbatore,56349,55297,367,685,12/03/2021
Cuddalore,25260,24917,55,288,12/03/2021
Dharmapuri,6672,6604,13,55,12/03/2021
Dindigul,11573,11316,57,200,12/03/2021
Erode,14939,14696,93,150,12/03/2021
Kallakurichi,10916,10802,6,108,12/03/2021
Kancheepuram,29686,29128,109,449,12/03/2021
Kanyakumari,17184,16858,65,261,12/03/2021
Karur,5527,5462,14,51,12/03/2021
Krishnagiri,8207,8067,22,118,12/03/2021
Madurai,21334,20812,61,461,12/03/2021
Nagapattinam,8681,8496,50,135,12/03/2021
Namakkal,11865,11715,39,111,12/03/2021
Nilgiris,8416,8326,42,48,12/03/2021
Perambalur,2291,2263,7,21,12/03/2021
Pudukottai,11700,11515,28,157,12/03/2021
Ramanathapuram,6492,6345,10,137,12/03/2021
Ranipet,16270,16062,19,189,12/03/2021
Salem,32879,32320,92,467,12/03/2021
Sivagangai,6822,6672,24,126,12/03/2021
Tenkasi,8582,8404,18,160,12/03/2021
Thanjavur,18325,17920,149,256,12/03/2021
Theni,17192,16965,20,207,12/03/2021
Thirupathur,7657,7516,14,127,12/03/2021
Thiruvallur,44554,43612,241,701,12/03/2021
Thiruvannamalai,19542,19235,23,284,12/03/2021
Thiruvarur,11446,11269,66,111,12/03/2021
Thoothukudi,16381,16224,14,143,12/03/2021
Tirunelveli,15799,15541,44,214,12/03/2021
Tiruppur,18590,18216,150,224,12/03/2021
Trichy,15102,14831,88,183,12/03/2021
Vellore,21112,20671,90,351,12/03/2021
Villupuram,15301,15165,23,113,12/03/2021
Virudhunagar,16704,16446,26,232,12/03/2021
AirportSurveillance(International),959,951,7,1,12/03/2021
AirportSurveillance(Domestic),1044,1043,0,1,12/03/2021
RailwaySurveillance,428,428,0,0,12/03/2021
Ariyalur,4754,4698,7,49,13/03/2021
Chengalpattu,53515,52340,384,791,13/03/2021
Chennai,238559,232402,1980,4177,13/03/2021
Coimbatore,56403,55341,377,685,13/03/2021
Cuddalore,25266,24925,53,288,13/03/2021
Dharmapuri,6673,6606,12,55,13/03/2021
Dindigul,11586,11323,63,200,13/03/2021
Erode,14954,14702,102,150,13/03/2021
Kallakurichi,10916,10803,5,108,13/03/2021
Kancheepuram,29710,29136,125,449,13/03/2021
Kanyakumari,17194,16862,71,261,13/03/2021
Karur,5530,5463,16,51,13/03/2021
Krishnagiri,8215,8069,28,118,13/03/2021
Madurai,21348,20820,67,461,13/03/2021
Nagapattinam,8691,8499,57,135,13/03/2021
Namakkal,11869,11717,41,111,13/03/2021
Nilgiris,8428,8330,49,49,13/03/2021
Perambalur,2292,2264,7,21,13/03/2021
Pudukottai,11702,11520,25,157,13/03/2021
Ramanathapuram,6493,6346,10,137,13/03/2021
Ranipet,16272,16064,19,189,13/03/2021
Salem,32890,32329,94,467,13/03/2021
Sivagangai,6830,6674,30,126,13/03/2021
Tenkasi,8583,8407,16,160,13/03/2021
Thanjavur,18345,17936,153,256,13/03/2021
Theni,17197,16968,22,207,13/03/2021
Thirupathur,7659,7517,15,127,13/03/2021
Thiruvallur,44594,43633,260,701,13/03/2021
Thiruvannamalai,19545,19238,23,284,13/03/2021
Thiruvarur,11457,11273,73,111,13/03/2021
Thoothukudi,16387,16226,18,143,13/03/2021
Tirunelveli,15804,15544,46,214,13/03/2021
Tiruppur,18617,18227,166,224,13/03/2021
Trichy,15116,14839,94,183,13/03/2021
Vellore,21125,20682,92,351,13/03/2021
Villupuram,15303,15167,23,113,13/03/2021
Virudhunagar,16713,16448,33,232,13/03/2021
AirportSurveillance(International),960,953,6,1,13/03/2021
AirportSurveillance(Domestic),1044,1043,0,1,13/03/2021
RailwaySurveillance,428,428,0,0,13/03/2021
Ariyalur,4755,4699,7,49,14/03/2021
Chengalpattu,53585,52394,397,794,14/03/2021
Chennai,238820,232663,1979,4178,14/03/2021
Coimbatore,56468,55387,396,685,14/03/2021
Cuddalore,25277,24931,58,288,14/03/2021
Dharmapuri,6673,6607,11,55,14/03/2021
Dindigul,11594,11329,65,200,14/03/2021
Erode,14977,14713,114,150,14/03/2021
Kallakurichi,10915,10803,4,108,14/03/2021
Kancheepuram,29738,29143,146,449,14/03/2021
Kanyakumari,17206,16867,78,261,14/03/2021
Karur,5533,5465,17,51,14/03/2021
Krishnagiri,8221,8071,32,118,14/03/2021
Madurai,21360,20829,70,461,14/03/2021
Nagapattinam,8699,8501,63,135,14/03/2021
Namakkal,11877,11720,46,111,14/03/2021
Nilgiris,8441,8335,57,49,14/03/2021
Perambalur,2294,2264,9,21,14/03/2021
Pudukottai,11706,11524,25,157,14/03/2021
Ramanathapuram,6495,6347,11,137,14/03/2021
Ranipet,16274,16066,19,189,14/03/2021
Salem,32901,32342,92,467,14/03/2021
Sivagangai,6833,6676,31,126,14/03/2021
Tenkasi,8584,8410,14,160,14/03/2021
Thanjavur,18388,17955,177,256,14/03/2021
Theni,17199,16970,22,207,14/03/2021
Thirupathur,7662,7518,17,127,14/03/2021
Thiruvallur,44645,43660,284,701,14/03/2021
Thiruvannamalai,19549,19240,25,284,14/03/2021
Thiruvarur,11467,11277,79,111,14/03/2021
Thoothukudi,16392,16228,21,143,14/03/2021
Tirunelveli,15813,15547,52,214,14/03/2021
Tiruppur,18652,18244,184,224,14/03/2021
Trichy,15133,14846,104,183,14/03/2021
Vellore,21137,20694,92,351,14/03/2021
Villupuram,15306,15168,25,113,14/03/2021
Virudhunagar,16724,16452,40,232,14/03/2021
AirportSurveillance(International),961,953,7,1,14/03/2021
AirportSurveillance(Domestic),1044,1043,0,1,14/03/2021
RailwaySurveillance,428,428,0,0,14/03/2021
Ariyalur,4756,4700,7,49,15/03/2021
Chengalpattu,53673,52451,428,794,15/03/2021
Chennai,239131,232929,2023,4179,15/03/2021
Coimbatore,56543,55436,421,686,15/03/2021
Cuddalore,25286,24939,59,288,15/03/2021
Dharmapuri,6675,6609,11,55,15/03/2021
Dindigul,11602,11334,68,200,15/03/2021
Erode,14994,14723,121,150,15/03/2021
Kallakurichi,10916,10803,5,108,15/03/2021
Kancheepuram,29755,29151,155,449,15/03/2021
Kanyakumari,17221,16876,84,261,15/03/2021
Karur,5538,5466,21,51,15/03/2021
Krishnagiri,8226,8073,35,118,15/03/2021
Madurai,21376,20836,78,462,15/03/2021
Nagapattinam,8709,8506,67,136,15/03/2021
Namakkal,11883,11724,48,111,15/03/2021
Nilgiris,8451,8341,61,49,15/03/2021
Perambalur,2296,2266,9,21,15/03/2021
Pudukottai,11715,11527,31,157,15/03/2021
Ramanathapuram,6496,6348,11,137,15/03/2021
Ranipet,16276,16068,19,189,15/03/2021
Salem,32908,32353,88,467,15/03/2021
Sivagangai,6841,6677,38,126,15/03/2021
Tenkasi,8585,8412,13,160,15/03/2021
Thanjavur,18445,17973,216,256,15/03/2021
Theni,17202,16971,24,207,15/03/2021
Thirupathur,7666,7519,20,127,15/03/2021
Thiruvallur,44687,43684,302,701,15/03/2021
Thiruvannamalai,19551,19241,26,284,15/03/2021
Thiruvarur,11487,11282,94,111,15/03/2021
Thoothukudi,16395,16229,23,143,15/03/2021
Tirunelveli,15822,15549,59,214,15/03/2021
Tiruppur,18683,18260,199,224,15/03/2021
Trichy,15148,14854,111,183,15/03/2021
Vellore,21150,20703,96,351,15/03/2021
Villupuram,15310,15170,27,113,15/03/2021
Virudhunagar,16730,16455,43,232,15/03/2021
AirportSurveillance(International),962,953,8,1,15/03/2021
AirportSurveillance(Domestic),1044,1043,0,1,15/03/2021
RailwaySurveillance,428,428,0,0,15/03/2021
Ariyalur,4757,4701,7,49,16/03/2021
Chengalpattu,53759,52510,454,795,16/03/2021
Chennai,239483,233166,2135,4182,16/03/2021
Coimbatore,56624,55490,448,686,16/03/2021
Cuddalore,25296,24949,59,288,16/03/2021
Dharmapuri,6675,6610,10,55,16/03/2021
Dindigul,11608,11341,67,200,16/03/2021
Erode,15005,14736,119,150,16/03/2021
Kallakurichi,10918,10803,7,108,16/03/2021
Kancheepuram,29778,29160,169,449,16/03/2021
Kanyakumari,17234,16889,84,261,16/03/2021
Karur,5544,5467,26,51,16/03/2021
Krishnagiri,8231,8077,36,118,16/03/2021
Madurai,21389,20845,82,462,16/03/2021
Nagapattinam,8722,8514,72,136,16/03/2021
Namakkal,11888,11730,47,111,16/03/2021
Nilgiris,8455,8349,57,49,16/03/2021
Perambalur,2296,2267,8,21,16/03/2021
Pudukottai,11721,11532,32,157,16/03/2021
Ramanathapuram,6496,6349,10,137,16/03/2021
Ranipet,16279,16070,20,189,16/03/2021
Salem,32923,32360,96,467,16/03/2021
Sivagangai,6849,6679,44,126,16/03/2021
Tenkasi,8588,8414,14,160,16/03/2021
Thanjavur,18496,17989,251,256,16/03/2021
Theni,17206,16973,26,207,16/03/2021
Thirupathur,7669,7521,21,127,16/03/2021
Thiruvallur,44742,43710,331,701,16/03/2021
Thiruvannamalai,19555,19243,28,284,16/03/2021
Thiruvarur,11499,11286,101,112,16/03/2021
Thoothukudi,16397,16232,22,143,16/03/2021
Tirunelveli,15829,15554,61,214,16/03/2021
Tiruppur,18706,18274,208,224,16/03/2021
Trichy,15165,14866,116,183,16/03/2021
Vellore,21164,20709,104,351,16/03/2021
Villupuram,15313,15174,26,113,16/03/2021
Virudhunagar,16735,16460,43,232,16/03/2021
AirportSurveillance(International),962,953,8,1,16/03/2021
AirportSurveillance(Domestic),1045,1043,1,1,16/03/2021
RailwaySurveillance,428,428,0,0,16/03/2021
Ariyalur,4759,4702,8,49,17/03/2021
Chengalpattu,53862,52567,499,796,17/03/2021
Chennai,239878,233414,2277,4187,17/03/2021
Coimbatore,56731,55539,506,686,17/03/2021
Cuddalore,25307,24958,61,288,17/03/2021
Dharmapuri,6680,6611,14,55,17/03/2021
Dindigul,11620,11346,74,200,17/03/2021
Erode,15017,14747,120,150,17/03/2021
Kallakurichi,10919,10805,6,108,17/03/2021
Kancheepuram,29808,29168,191,449,17/03/2021
Kanyakumari,17248,16903,84,261,17/03/2021
Karur,5549,5468,30,51,17/03/2021
Krishnagiri,8240,8080,42,118,17/03/2021
Madurai,21408,20853,93,462,17/03/2021
Nagapattinam,8732,8521,75,136,17/03/2021
Namakkal,11895,11738,46,111,17/03/2021
Nilgiris,8465,8353,63,49,17/03/2021
Perambalur,2296,2268,7,21,17/03/2021
Pudukottai,11732,11536,39,157,17/03/2021
Ramanathapuram,6497,6351,9,137,17/03/2021
Ranipet,16280,16073,18,189,17/03/2021
Salem,32936,32369,100,467,17/03/2021
Sivagangai,6854,6682,46,126,17/03/2021
Tenkasi,8590,8416,14,160,17/03/2021
Thanjavur,18506,18004,246,256,17/03/2021
Theni,17208,16976,25,207,17/03/2021
Thirupathur,7677,7523,27,127,17/03/2021
Thiruvallur,44798,43739,358,701,17/03/2021
Thiruvannamalai,19558,19246,27,285,17/03/2021
Thiruvarur,11506,11298,96,112,17/03/2021
Thoothukudi,16403,16233,27,143,17/03/2021
Tirunelveli,15840,15563,63,214,17/03/2021
Tiruppur,18728,18289,215,224,17/03/2021
Trichy,15178,14879,116,183,17/03/2021
Vellore,21175,20716,107,352,17/03/2021
Villupuram,15318,15177,28,113,17/03/2021
Virudhunagar,16741,16462,47,232,17/03/2021
AirportSurveillance(International),962,955,6,1,17/03/2021
AirportSurveillance(Domestic),1045,1043,1,1,17/03/2021
RailwaySurveillance,428,428,0,0,17/03/2021
Ariyalur,4762,4703,10,49,18/03/2021
Chengalpattu,53964,52622,545,797,18/03/2021
Chennai,240245,233661,2394,4190,18/03/2021
Coimbatore,56814,55587,541,686,18/03/2021
Cuddalore,25322,24965,69,288,18/03/2021
Dharmapuri,6687,6612,20,55,18/03/2021
Dindigul,11632,11352,80,200,18/03/2021
Erode,15026,14756,120,150,18/03/2021
Kallakurichi,10919,10807,4,108,18/03/2021
Kancheepuram,29847,29182,216,449,18/03/2021
Kanyakumari,17259,16912,86,261,18/03/2021
Karur,5555,5469,35,51,18/03/2021
Krishnagiri,8248,8082,48,118,18/03/2021
Madurai,21418,20859,97,462,18/03/2021
Nagapattinam,8740,8527,77,136,18/03/2021
Namakkal,11905,11743,51,111,18/03/2021
Nilgiris,8472,8356,67,49,18/03/2021
Perambalur,2296,2269,6,21,18/03/2021
Pudukottai,11737,11539,41,157,18/03/2021
Ramanathapuram,6499,6353,9,137,18/03/2021
Ranipet,16280,16074,16,190,18/03/2021
Salem,32964,32380,117,467,18/03/2021
Sivagangai,6854,6684,43,127,18/03/2021
Tenkasi,8594,8419,15,160,18/03/2021
Thanjavur,18552,18016,277,259,18/03/2021
Theni,17212,16980,25,207,18/03/2021
Thirupathur,7678,7525,26,127,18/03/2021
Thiruvallur,44880,43770,409,701,18/03/2021
Thiruvannamalai,19566,19250,31,285,18/03/2021
Thiruvarur,11527,11309,106,112,18/03/2021
Thoothukudi,16409,16235,31,143,18/03/2021
Tirunelveli,15849,15571,64,214,18/03/2021
Tiruppur,18763,18306,233,224,18/03/2021
Trichy,15193,14897,113,183,18/03/2021
Vellore,21192,20724,116,352,18/03/2021
Villupuram,15322,15181,28,113,18/03/2021
Virudhunagar,16746,16465,49,232,18/03/2021
AirportSurveillance(International),962,955,6,1,18/03/2021
AirportSurveillance(Domestic),1045,1043,1,1,18/03/2021
RailwaySurveillance,428,428,0,0,18/03/2021
Ariyalur,4764,4704,11,49,19/03/2021
Chengalpattu,54063,52679,585,799,19/03/2021
Chennai,240671,233925,2552,4194,19/03/2021
Coimbatore,56917,55641,590,686,19/03/2021
Cuddalore,25334,24973,73,288,19/03/2021
Dharmapuri,6693,6613,25,55,19/03/2021
Dindigul,11646,11359,87,200,19/03/2021
Erode,15039,14766,123,150,19/03/2021
Kallakurichi,10921,10807,6,108,19/03/2021
Kancheepuram,29872,29194,229,449,19/03/2021
Kanyakumari,17264,16920,83,261,19/03/2021
Karur,5563,5471,41,51,19/03/2021
Krishnagiri,8258,8085,55,118,19/03/2021
Madurai,21433,20866,105,462,19/03/2021
Nagapattinam,8753,8535,82,136,19/03/2021
Namakkal,11912,11747,54,111,19/03/2021
Nilgiris,8482,8360,72,50,19/03/2021
Perambalur,2297,2269,7,21,19/03/2021
Pudukottai,11745,11541,47,157,19/03/2021
Ramanathapuram,6500,6355,8,137,19/03/2021
Ranipet,16290,16076,24,190,19/03/2021
Salem,32994,32394,133,467,19/03/2021
Sivagangai,6857,6685,45,127,19/03/2021
Tenkasi,8599,8421,18,160,19/03/2021
Thanjavur,18617,18031,326,260,19/03/2021
Theni,17212,16983,22,207,19/03/2021
Thirupathur,7681,7528,26,127,19/03/2021
Thiruvallur,44970,43814,454,702,19/03/2021
Thiruvannamalai,19570,19255,30,285,19/03/2021
Thiruvarur,11542,11318,112,112,19/03/2021
Thoothukudi,16414,16238,33,143,19/03/2021
Tirunelveli,15859,15577,68,214,19/03/2021
Tiruppur,18792,18325,243,224,19/03/2021
Trichy,15202,14908,111,183,19/03/2021
Vellore,21204,20736,116,352,19/03/2021
Villupuram,15330,15184,33,113,19/03/2021
Virudhunagar,16752,16467,53,232,19/03/2021
AirportSurveillance(International),963,957,5,1,19/03/2021
AirportSurveillance(Domestic),1047,1043,3,1,19/03/2021
RailwaySurveillance,428,428,0,0,19/03/2021
Ariyalur,4767,4705,13,49,20/03/2021
Chengalpattu,54206,52737,669,800,20/03/2021
Chennai,241127,234184,2747,4196,20/03/2021
Coimbatore,57023,55702,635,686,20/03/2021
Cuddalore,25343,24979,75,289,20/03/2021
Dharmapuri,6701,6614,32,55,20/03/2021
Dindigul,11664,11364,100,200,20/03/2021
Erode,15046,14779,117,150,20/03/2021
Kallakurichi,10922,10807,7,108,20/03/2021
Kancheepuram,29908,29217,241,450,20/03/2021
Kanyakumari,17285,16929,95,261,20/03/2021
Karur,5569,5473,45,51,20/03/2021
Krishnagiri,8271,8089,64,118,20/03/2021
Madurai,21446,20874,110,462,20/03/2021
Nagapattinam,8770,8545,89,136,20/03/2021
Namakkal,11924,11753,60,111,20/03/2021
Nilgiris,8493,8365,78,50,20/03/2021
Perambalur,2297,2270,6,21,20/03/2021
Pudukottai,11747,11544,46,157,20/03/2021
Ramanathapuram,6501,6356,8,137,20/03/2021
Ranipet,16295,16079,26,190,20/03/2021
Salem,33022,32406,149,467,20/03/2021
Sivagangai,6864,6688,49,127,20/03/2021
Tenkasi,8602,8422,20,160,20/03/2021
Thanjavur,18702,18048,393,261,20/03/2021
Theni,17216,16984,25,207,20/03/2021
Thirupathur,7683,7530,26,127,20/03/2021
Thiruvallur,45066,43855,509,702,20/03/2021
Thiruvannamalai,19577,19261,31,285,20/03/2021
Thiruvarur,11564,11329,123,112,20/03/2021
Thoothukudi,16426,16239,44,143,20/03/2021
Tirunelveli,15870,15581,75,214,20/03/2021
Tiruppur,18823,18349,250,224,20/03/2021
Trichy,15221,14922,115,184,20/03/2021
Vellore,21222,20747,123,352,20/03/2021
Villupuram,15335,15188,33,114,20/03/2021
Virudhunagar,16756,16470,54,232,20/03/2021
AirportSurveillance(International),964,957,6,1,20/03/2021
AirportSurveillance(Domestic),1047,1043,3,1,20/03/2021
RailwaySurveillance,428,428,0,0,20/03/2021
Ariyalur,4771,4706,16,49,21/03/2021
Chengalpattu,54347,52796,750,801,21/03/2021
Chennai,241623,234441,2985,4197,21/03/2021
Coimbatore,57132,55759,687,686,21/03/2021
Cuddalore,25358,24987,82,289,21/03/2021
Dharmapuri,6713,6618,40,55,21/03/2021
Dindigul,11686,11375,111,200,21/03/2021
Erode,15060,14791,119,150,21/03/2021
Kallakurichi,10921,10808,5,108,21/03/2021
Kancheepuram,29941,29236,254,451,21/03/2021
Kanyakumari,17297,16937,99,261,21/03/2021
Karur,5577,5477,49,51,21/03/2021
Krishnagiri,8289,8094,77,118,21/03/2021
Madurai,21467,20881,124,462,21/03/2021
Nagapattinam,8790,8557,96,137,21/03/2021
Namakkal,11934,11761,62,111,21/03/2021
Nilgiris,8508,8374,84,50,21/03/2021
Perambalur,2299,2271,7,21,21/03/2021
Pudukottai,11752,11546,48,158,21/03/2021
Ramanathapuram,6504,6357,10,137,21/03/2021
Ranipet,16305,16082,33,190,21/03/2021
Salem,33049,32425,157,467,21/03/2021
Sivagangai,6875,6692,56,127,21/03/2021
Tenkasi,8616,8424,32,160,21/03/2021
Thanjavur,18776,18067,447,262,21/03/2021
Theni,17222,16987,28,207,21/03/2021
Thirupathur,7689,7533,29,127,21/03/2021
Thiruvallur,45109,43892,514,703,21/03/2021
Thiruvannamalai,19582,19264,33,285,21/03/2021
Thiruvarur,11590,11343,135,112,21/03/2021
Thoothukudi,16432,16243,46,143,21/03/2021
Tirunelveli,15889,15590,84,215,21/03/2021
Tiruppur,18858,18376,258,224,21/03/2021
Trichy,15237,14933,120,184,21/03/2021
Vellore,21237,20761,123,353,21/03/2021
Villupuram,15343,15191,38,114,21/03/2021
Virudhunagar,16764,16477,55,232,21/03/2021
AirportSurveillance(International),965,957,7,1,21/03/2021
AirportSurveillance(Domestic),1047,1043,3,1,21/03/2021
RailwaySurveillance,428,428,0,0,21/03/2021
Ariyalur,4777,4708,20,49,22/03/2021
Chengalpattu,54469,52849,817,803,22/03/2021
Chennai,242115,234702,3211,4202,22/03/2021
Coimbatore,57267,55811,768,688,22/03/2021
Cuddalore,25388,24993,106,289,22/03/2021
Dharmapuri,6721,6621,45,55,22/03/2021
Dindigul,11702,11389,113,200,22/03/2021
Erode,15082,14804,128,150,22/03/2021
Kallakurichi,10920,10808,4,108,22/03/2021
Kancheepuram,29980,29254,275,451,22/03/2021
Kanyakumari,17310,16944,105,261,22/03/2021
Karur,5582,5482,49,51,22/03/2021
Krishnagiri,8297,8101,78,118,22/03/2021
Madurai,21498,20885,151,462,22/03/2021
Nagapattinam,8805,8564,104,137,22/03/2021
Namakkal,11946,11767,68,111,22/03/2021
Nilgiris,8522,8383,89,50,22/03/2021
Perambalur,2300,2271,8,21,22/03/2021
Pudukottai,11756,11547,51,158,22/03/2021
Ramanathapuram,6505,6359,9,137,22/03/2021
Ranipet,16320,16084,46,190,22/03/2021
Salem,33085,32440,177,468,22/03/2021
Sivagangai,6887,6697,63,127,22/03/2021
Tenkasi,8636,8426,50,160,22/03/2021
Thanjavur,18860,18093,504,263,22/03/2021
Theni,17231,16991,33,207,22/03/2021
Thirupathur,7704,7536,41,127,22/03/2021
Thiruvallur,45176,43930,543,703,22/03/2021
Thiruvannamalai,19587,19268,34,285,22/03/2021
Thiruvarur,11625,11356,157,112,22/03/2021
Thoothukudi,16443,16248,52,143,22/03/2021
Tirunelveli,15900,15596,89,215,22/03/2021
Tiruppur,18899,18405,270,224,22/03/2021
Trichy,15257,14943,130,184,22/03/2021
Vellore,21247,20777,117,353,22/03/2021
Villupuram,15358,15193,52,113,22/03/2021
Virudhunagar,16769,16484,53,232,22/03/2021
AirportSurveillance(International),966,959,6,1,22/03/2021
AirportSurveillance(Domestic),1047,1043,3,1,22/03/2021
RailwaySurveillance,428,428,0,0,22/03/2021
Ariyalur,4782,4709,24,49,23/03/2021
Chengalpattu,54618,52904,909,805,23/03/2021
Chennai,242647,235000,3441,4206,23/03/2021
Coimbatore,57413,55900,825,688,23/03/2021
Cuddalore,25403,24996,118,289,23/03/2021
Dharmapuri,6726,6623,48,55,23/03/2021
Dindigul,11716,11409,107,200,23/03/2021
Erode,15112,14821,141,150,23/03/2021
Kallakurichi,10921,10808,5,108,23/03/2021
Kancheepuram,30031,29294,286,451,23/03/2021
Kanyakumari,17337,16953,123,261,23/03/2021
Karur,5587,5486,50,51,23/03/2021
Krishnagiri,8307,8110,79,118,23/03/2021
Madurai,21538,20897,179,462,23/03/2021
Nagapattinam,8826,8573,115,138,23/03/2021
Namakkal,11963,11769,83,111,23/03/2021
Nilgiris,8536,8392,94,50,23/03/2021
Perambalur,2301,2272,8,21,23/03/2021
Pudukottai,11759,11551,50,158,23/03/2021
Ramanathapuram,6509,6360,12,137,23/03/2021
Ranipet,16327,16096,41,190,23/03/2021
Salem,33118,32453,197,468,23/03/2021
Sivagangai,6894,6705,62,127,23/03/2021
Tenkasi,8646,8427,59,160,23/03/2021
Thanjavur,18927,18162,502,263,23/03/2021
Theni,17237,16993,37,207,23/03/2021
Thirupathur,7715,7538,50,127,23/03/2021
Thiruvallur,45247,43985,557,705,23/03/2021
Thiruvannamalai,19589,19270,34,285,23/03/2021
Thiruvarur,11646,11368,166,112,23/03/2021
Thoothukudi,16449,16252,54,143,23/03/2021
Tirunelveli,15919,15604,100,215,23/03/2021
Tiruppur,18931,18448,259,224,23/03/2021
Trichy,15270,14955,131,184,23/03/2021
Vellore,21274,20831,90,353,23/03/2021
Villupuram,15364,15195,56,113,23/03/2021
Virudhunagar,16776,16502,42,232,23/03/2021
AirportSurveillance(International),968,959,8,1,23/03/2021
AirportSurveillance(Domestic),1047,1043,3,1,23/03/2021
RailwaySurveillance,428,428,0,0,23/03/2021
Ariyalur,4785,4711,25,49,24/03/2021
Chengalpattu,54812,52991,1014,807,24/03/2021
Chennai,243287,235325,3751,4211,24/03/2021
Coimbatore,57563,55995,879,689,24/03/2021
Cuddalore,25424,25018,117,289,24/03/2021
Dharmapuri,6734,6625,54,55,24/03/2021
Dindigul,11731,11428,103,200,24/03/2021
Erode,15141,14845,146,150,24/03/2021
Kallakurichi,10924,10809,7,108,24/03/2021
Kancheepuram,30075,29319,303,453,24/03/2021
Kanyakumari,17348,16972,114,262,24/03/2021
Karur,5593,5489,53,51,24/03/2021
Krishnagiri,8327,8115,94,118,24/03/2021
Madurai,21564,20912,190,462,24/03/2021
Nagapattinam,8856,8588,131,137,24/03/2021
Namakkal,11981,11777,93,111,24/03/2021
Nilgiris,8552,8404,98,50,24/03/2021
Perambalur,2302,2272,9,21,24/03/2021
Pudukottai,11769,11561,50,158,24/03/2021
Ramanathapuram,6516,6361,18,137,24/03/2021
Ranipet,16339,16100,49,190,24/03/2021
Salem,33156,32474,214,468,24/03/2021
Sivagangai,6899,6711,61,127,24/03/2021
Tenkasi,8656,8432,64,160,24/03/2021
Thanjavur,19000,18286,449,265,24/03/2021
Theni,17245,16996,42,207,24/03/2021
Thirupathur,7726,7542,57,127,24/03/2021
Thiruvallur,45322,44046,571,705,24/03/2021
Thiruvannamalai,19597,19275,37,285,24/03/2021
Thiruvarur,11670,11383,175,112,24/03/2021
Thoothukudi,16461,16254,64,143,24/03/2021
Tirunelveli,15930,15607,108,215,24/03/2021
Tiruppur,18976,18482,270,224,24/03/2021
Trichy,15284,14967,133,184,24/03/2021
Vellore,21300,20840,107,353,24/03/2021
Villupuram,15368,15202,53,113,24/03/2021
Virudhunagar,16782,16520,30,232,24/03/2021
AirportSurveillance(International),969,959,9,1,24/03/2021
AirportSurveillance(Domestic),1048,1043,4,1,24/03/2021
RailwaySurveillance,428,428,0,0,24/03/2021
Ariyalur,4794,4713,32,49,25/03/2021
Chengalpattu,54976,53081,1088,807,25/03/2021
Chennai,243954,235654,4082,4218,25/03/2021
Coimbatore,57718,56093,936,689,25/03/2021
Cuddalore,25451,25028,134,289,25/03/2021
Dharmapuri,6737,6626,56,55,25/03/2021
Dindigul,11754,11438,116,200,25/03/2021
Erode,15172,14865,157,150,25/03/2021
Kallakurichi,10926,10811,7,108,25/03/2021
Kancheepuram,30141,29348,339,454,25/03/2021
Kanyakumari,17368,16980,126,262,25/03/2021
Karur,5600,5496,53,51,25/03/2021
Krishnagiri,8337,8121,98,118,25/03/2021
Madurai,21608,20920,226,462,25/03/2021
Nagapattinam,8869,8597,135,137,25/03/2021
Namakkal,11999,11783,105,111,25/03/2021
Nilgiris,8566,8412,104,50,25/03/2021
Perambalur,2302,2274,7,21,25/03/2021
Pudukottai,11777,11570,49,158,25/03/2021
Ramanathapuram,6521,6361,23,137,25/03/2021
Ranipet,16355,16100,65,190,25/03/2021
Salem,33203,32492,243,468,25/03/2021
Sivagangai,6909,6717,65,127,25/03/2021
Tenkasi,8660,8435,65,160,25/03/2021
Thanjavur,19107,18376,465,266,25/03/2021
Theni,17253,16998,48,207,25/03/2021
Thirupathur,7737,7544,66,127,25/03/2021
Thiruvallur,45399,44177,516,706,25/03/2021
Thiruvannamalai,19611,19285,41,285,25/03/2021
Thiruvarur,11723,11393,218,112,25/03/2021
Thoothukudi,16473,16257,73,143,25/03/2021
Tirunelveli,15945,15621,109,215,25/03/2021
Tiruppur,19008,18519,265,224,25/03/2021
Trichy,15318,14984,150,184,25/03/2021
Vellore,21326,20852,120,354,25/03/2021
Villupuram,15386,15207,66,113,25/03/2021
Virudhunagar,16791,16530,29,232,25/03/2021
AirportSurveillance(International),969,961,7,1,25/03/2021
AirportSurveillance(Domestic),1048,1044,3,1,25/03/2021
RailwaySurveillance,428,428,0,0,25/03/2021
Ariyalur,4800,4715,36,49,26/03/2021
Chengalpattu,55189,53184,1197,808,26/03/2021
Chennai,244686,236048,4416,4222,26/03/2021
Coimbatore,57891,56189,1013,689,26/03/2021
Cuddalore,25477,25036,152,289,26/03/2021
Dharmapuri,6746,6626,65,55,26/03/2021
Dindigul,11770,11455,115,200,26/03/2021
Erode,15190,14891,149,150,26/03/2021
Kallakurichi,10932,10811,13,108,26/03/2021
Kancheepuram,30211,29393,363,455,26/03/2021
Kanyakumari,17396,16994,140,262,26/03/2021
Karur,5605,5503,51,51,26/03/2021
Krishnagiri,8355,8126,110,119,26/03/2021
Madurai,21626,20944,219,463,26/03/2021
Nagapattinam,8902,8607,158,137,26/03/2021
Namakkal,12019,11796,112,111,26/03/2021
Nilgiris,8582,8422,110,50,26/03/2021
Perambalur,2302,2275,6,21,26/03/2021
Pudukottai,11792,11581,53,158,26/03/2021
Ramanathapuram,6527,6362,28,137,26/03/2021
Ranipet,16378,16100,88,190,26/03/2021
Salem,33242,32512,262,468,26/03/2021
Sivagangai,6921,6721,73,127,26/03/2021
Tenkasi,8666,8438,67,161,26/03/2021
Thanjavur,19219,18452,501,266,26/03/2021
Theni,17258,17003,48,207,26/03/2021
Thirupathur,7747,7547,73,127,26/03/2021
Thiruvallur,45507,44284,518,705,26/03/2021
Thiruvannamalai,19625,19292,48,285,26/03/2021
Thiruvarur,11766,11412,241,113,26/03/2021
Thoothukudi,16491,16270,78,143,26/03/2021
Tirunelveli,15964,15634,115,215,26/03/2021
Tiruppur,19046,18549,273,224,26/03/2021
Trichy,15353,15002,167,184,26/03/2021
Vellore,21357,20859,144,354,26/03/2021
Villupuram,15402,15220,69,113,26/03/2021
Virudhunagar,16802,16536,34,232,26/03/2021
AirportSurveillance(International),970,961,8,1,26/03/2021
AirportSurveillance(Domestic),1050,1044,5,1,26/03/2021
RailwaySurveillance,428,428,0,0,26/03/2021
Ariyalur,4807,4718,40,49,27/03/2021
Chengalpattu,55369,53306,1254,809,27/03/2021
Chennai,245483,236472,4785,4226,27/03/2021
Coimbatore,58077,56296,1092,689,27/03/2021
Cuddalore,25522,25048,185,289,27/03/2021
Dharmapuri,6752,6640,57,55,27/03/2021
Dindigul,11789,11466,123,200,27/03/2021
Erode,15222,14912,160,150,27/03/2021
Kallakurichi,10936,10811,17,108,27/03/2021
Kancheepuram,30288,29435,398,455,27/03/2021
Kanyakumari,17418,17007,149,262,27/03/2021
Karur,5614,5512,51,51,27/03/2021
Krishnagiri,8375,8142,114,119,27/03/2021
Madurai,21661,20970,227,464,27/03/2021
Nagapattinam,8951,8629,185,137,27/03/2021
Namakkal,12039,11807,121,111,27/03/2021
Nilgiris,8600,8435,115,50,27/03/2021
Perambalur,2303,2275,7,21,27/03/2021
Pudukottai,11808,11591,57,160,27/03/2021
Ramanathapuram,6532,6364,31,137,27/03/2021
Ranipet,16401,16110,101,190,27/03/2021
Salem,33298,32553,277,468,27/03/2021
Sivagangai,6940,6729,84,127,27/03/2021
Tenkasi,8674,8439,74,161,27/03/2021
Thanjavur,19281,18519,496,266,27/03/2021
Theni,17263,17008,48,207,27/03/2021
Thirupathur,7761,7552,82,127,27/03/2021
Thiruvallur,45609,44378,525,706,27/03/2021
Thiruvannamalai,19636,19296,55,285,27/03/2021
Thiruvarur,11805,11430,262,113,27/03/2021
Thoothukudi,16499,16279,77,143,27/03/2021
Tirunelveli,15991,15648,128,215,27/03/2021
Tiruppur,19105,18587,294,224,27/03/2021
Trichy,15402,15028,190,184,27/03/2021
Vellore,21376,20870,152,354,27/03/2021
Villupuram,15424,15228,83,113,27/03/2021
Virudhunagar,16819,16540,47,232,27/03/2021
AirportSurveillance(International),971,961,9,1,27/03/2021
AirportSurveillance(Domestic),1050,1044,5,1,27/03/2021
RailwaySurveillance,428,428,0,0,27/03/2021
Ariyalur,4809,4721,39,49,28/03/2021
Chengalpattu,55579,53435,1335,809,28/03/2021
Chennai,246339,236911,5198,4230,28/03/2021
Coimbatore,58258,56397,1172,689,28/03/2021
Cuddalore,25561,25063,209,289,28/03/2021
Dharmapuri,6760,6650,55,55,28/03/2021
Dindigul,11809,11480,129,200,28/03/2021
Erode,15252,14930,172,150,28/03/2021
Kallakurichi,10938,10813,17,108,28/03/2021
Kancheepuram,30358,29483,420,455,28/03/2021
Kanyakumari,17434,17022,149,263,28/03/2021
Karur,5621,5523,47,51,28/03/2021
Krishnagiri,8396,8161,116,119,28/03/2021
Madurai,21691,20993,234,464,28/03/2021
Nagapattinam,9005,8649,219,137,28/03/2021
Namakkal,12054,11815,128,111,28/03/2021
Nilgiris,8621,8445,126,50,28/03/2021
Perambalur,2303,2275,7,21,28/03/2021
Pudukottai,11820,11599,61,160,28/03/2021
Ramanathapuram,6539,6367,35,137,28/03/2021
Ranipet,16419,16119,110,190,28/03/2021
Salem,33348,32596,284,468,28/03/2021
Sivagangai,6950,6736,87,127,28/03/2021
Tenkasi,8683,8443,79,161,28/03/2021
Thanjavur,19388,18580,541,267,28/03/2021
Theni,17271,17011,53,207,28/03/2021
Thirupathur,7778,7556,94,128,28/03/2021
Thiruvallur,45718,44474,536,708,28/03/2021
Thiruvannamalai,19647,19299,63,285,28/03/2021
Thiruvarur,11855,11457,284,114,28/03/2021
Thoothukudi,16513,16286,84,143,28/03/2021
Tirunelveli,16013,15660,138,215,28/03/2021
Tiruppur,19167,18629,313,225,28/03/2021
Trichy,15451,15056,211,184,28/03/2021
Vellore,21399,20883,162,354,28/03/2021
Villupuram,15444,15238,93,113,28/03/2021
Virudhunagar,16832,16545,55,232,28/03/2021
AirportSurveillance(International),971,961,9,1,28/03/2021
AirportSurveillance(Domestic),1051,1044,6,1,28/03/2021
RailwaySurveillance,428,428,0,0,28/03/2021
Ariyalur,4812,4722,41,49,29/03/2021
Chengalpattu,55796,53568,1415,813,29/03/2021
Chennai,247148,237375,5541,4232,29/03/2021
Coimbatore,58471,56490,1290,691,29/03/2021
Cuddalore,25618,25093,235,290,29/03/2021
Dharmapuri,6767,6656,56,55,29/03/2021
Dindigul,11833,11490,143,200,29/03/2021
Erode,15291,14955,186,150,29/03/2021
Kallakurichi,10943,10816,19,108,29/03/2021
Kancheepuram,30420,29536,429,455,29/03/2021
Kanyakumari,17453,17036,154,263,29/03/2021
Karur,5629,5530,47,52,29/03/2021
Krishnagiri,8421,8176,126,119,29/03/2021
Madurai,21729,21012,252,465,29/03/2021
Nagapattinam,9061,8661,262,138,29/03/2021
Namakkal,12075,11826,138,111,29/03/2021
Nilgiris,8635,8456,129,50,29/03/2021
Perambalur,2305,2279,5,21,29/03/2021
Pudukottai,11838,11607,71,160,29/03/2021
Ramanathapuram,6543,6372,34,137,29/03/2021
Ranipet,16444,16131,123,190,29/03/2021
Salem,33397,32636,293,468,29/03/2021
Sivagangai,6962,6744,91,127,29/03/2021
Tenkasi,8690,8448,81,161,29/03/2021
Thanjavur,19518,18684,567,267,29/03/2021
Theni,17280,17018,55,207,29/03/2021
Thirupathur,7789,7566,95,128,29/03/2021
Thiruvallur,45843,44559,575,709,29/03/2021
Thiruvannamalai,19661,19307,69,285,29/03/2021
Thiruvarur,11914,11483,317,114,29/03/2021
Thoothukudi,16530,16291,96,143,29/03/2021
Tirunelveli,16024,15679,130,215,29/03/2021
Tiruppur,19216,18656,334,226,29/03/2021
Trichy,15511,15070,257,184,29/03/2021
Vellore,21419,20896,169,354,29/03/2021
Villupuram,15471,15254,104,113,29/03/2021
Virudhunagar,16844,16569,43,232,29/03/2021
AirportSurveillance(International),972,964,7,1,29/03/2021
AirportSurveillance(Domestic),1051,1046,4,1,29/03/2021
RailwaySurveillance,428,428,0,0,29/03/2021
Ariyalur,4812,4724,39,49,30/03/2021
Chengalpattu,56073,53692,1566,815,30/03/2021
Chennai,248031,237900,5895,4236,30/03/2021
Coimbatore,58679,56599,1387,693,30/03/2021
Cuddalore,25655,25112,253,290,30/03/2021
Dharmapuri,6773,6662,56,55,30/03/2021
Dindigul,11856,11507,148,201,30/03/2021
Erode,15316,14986,180,150,30/03/2021
Kallakurichi,10946,10817,21,108,30/03/2021
Kancheepuram,30483,29596,430,457,30/03/2021
Kanyakumari,17507,17054,190,263,30/03/2021
Karur,5639,5535,52,52,30/03/2021
Krishnagiri,8441,8193,129,119,30/03/2021
Madurai,21778,21027,286,465,30/03/2021
Nagapattinam,9122,8677,306,139,30/03/2021
Namakkal,12093,11840,142,111,30/03/2021
Nilgiris,8648,8468,130,50,30/03/2021
Perambalur,2305,2280,4,21,30/03/2021
Pudukottai,11852,11612,80,160,30/03/2021
Ramanathapuram,6550,6375,38,137,30/03/2021
Ranipet,16453,16141,122,190,30/03/2021
Salem,33436,32670,298,468,30/03/2021
Sivagangai,6983,6755,101,127,30/03/2021
Tenkasi,8699,8459,79,161,30/03/2021
Thanjavur,19636,18792,574,270,30/03/2021
Theni,17291,17031,53,207,30/03/2021
Thirupathur,7799,7582,89,128,30/03/2021
Thiruvallur,45920,44637,573,710,30/03/2021
Thiruvannamalai,19674,19317,72,285,30/03/2021
Thiruvarur,11966,11519,333,114,30/03/2021
Thoothukudi,16538,16298,97,143,30/03/2021
Tirunelveli,16058,15695,148,215,30/03/2021
Tiruppur,19269,18692,351,226,30/03/2021
Trichy,15558,15088,286,184,30/03/2021
Vellore,21455,20918,183,354,30/03/2021
Villupuram,15485,15271,101,113,30/03/2021
Virudhunagar,16862,16587,43,232,30/03/2021
AirportSurveillance(International),974,966,7,1,30/03/2021
AirportSurveillance(Domestic),1051,1046,4,1,30/03/2021
RailwaySurveillance,428,428,0,0,30/03/2021
Ariyalur,4814,4729,36,49,31/03/2021
Chengalpattu,56330,53822,1690,818,31/03/2021
Chennai,248965,238467,6255,4243,31/03/2021
Coimbatore,58960,56715,1551,694,31/03/2021
Cuddalore,25706,25132,283,291,31/03/2021
Dharmapuri,6781,6670,56,55,31/03/2021
Dindigul,11880,11526,152,202,31/03/2021
Erode,15352,15011,191,150,31/03/2021
Kallakurichi,10951,10818,25,108,31/03/2021
Kancheepuram,30584,29652,475,457,31/03/2021
Kanyakumari,17537,17076,198,263,31/03/2021
Karur,5650,5541,57,52,31/03/2021
Krishnagiri,8468,8204,145,119,31/03/2021
Madurai,21814,21048,301,465,31/03/2021
Nagapattinam,9164,8696,327,141,31/03/2021
Namakkal,12111,11853,147,111,31/03/2021
Nilgiris,8666,8484,132,50,31/03/2021
Perambalur,2307,2280,6,21,31/03/2021
Pudukottai,11874,11619,95,160,31/03/2021
Ramanathapuram,6554,6379,38,137,31/03/2021
Ranipet,16475,16149,136,190,31/03/2021
Salem,33488,32716,304,468,31/03/2021
Sivagangai,6998,6764,107,127,31/03/2021
Tenkasi,8717,8467,89,161,31/03/2021
Thanjavur,19741,18889,581,271,31/03/2021
Theni,17299,17039,53,207,31/03/2021
Thirupathur,7806,7594,84,128,31/03/2021
Thiruvallur,46060,44742,607,711,31/03/2021
Thiruvannamalai,19692,19329,78,285,31/03/2021
Thiruvarur,12014,11550,349,115,31/03/2021
Thoothukudi,16554,16304,107,143,31/03/2021
Tirunelveli,16092,15716,161,215,31/03/2021
Tiruppur,19324,18733,365,226,31/03/2021
Trichy,15615,15099,331,185,31/03/2021
Vellore,21490,20939,197,354,31/03/2021
Villupuram,15507,15288,106,113,31/03/2021
Virudhunagar,16875,16595,48,232,31/03/2021
AirportSurveillance(International),974,966,7,1,31/03/2021
AirportSurveillance(Domestic),1056,1046,9,1,31/03/2021
RailwaySurveillance,428,428,0,0,31/03/2021
