Ariyalur,5635,5238,344,53,01-05-2021
Chengalpattu,81477,72353,8170,954,01-05-2021
Chennai,339797,303531,31475,4791,01-05-2021
Coimbatore,79669,71658,7288,723,01-05-2021
Cuddalore,30474,28439,1706,329,01-05-2021
Dharmapuri,9668,8369,1234,65,01-05-2021
Dindigul,16017,14225,1578,214,01-05-2021
Erode,21617,18237,3214,166,01-05-2021
Kallakurichi,12694,11679,904,111,01-05-2021
Kancheepuram,38359,34995,2823,541,01-05-2021
Kanyakumari,21891,19890,1695,306,01-05-2021
Karur,7741,6686,997,58,01-05-2021
Krishnagiri,14944,11666,3149,129,01-05-2021
Madurai,31519,26757,4245,517,01-05-2021
Nagapattinam,13655,11794,1693,168,01-05-2021
Namakkal,16241,14284,1835,122,01-05-2021
Nilgiris,9910,9441,418,51,01-05-2021
Perambalur,2672,2443,205,24,01-05-2021
Pudukottai,13882,12858,861,163,01-05-2021
Ramanathapuram,8622,7301,1175,146,01-05-2021
Ranipet,20921,18638,2071,212,01-05-2021
Salem,41966,38010,3422,534,01-05-2021
Sivagangai,8677,7817,727,133,01-05-2021
Tenkasi,12074,10468,1428,178,01-05-2021
Thanjavur,26022,23394,2322,306,01-05-2021
Theni,20560,18586,1759,215,01-05-2021
Thirupathur,10204,9018,1038,148,01-05-2021
Thiruvallur,60371,54179,5385,807,01-05-2021
Thiruvannamalai,24024,21907,1813,304,01-05-2021
Thiruvarur,15408,14200,1085,123,01-05-2021
Thoothukudi,24045,20090,3800,155,01-05-2021
Tirunelveli,25416,20209,4967,240,01-05-2021
Tiruppur,26850,23443,3168,239,01-05-2021
Trichy,23897,20620,3061,216,01-05-2021
Vellore,27294,24420,2488,386,01-05-2021
Villupuram,19290,17137,2030,123,01-05-2021
Virudhunagar,20340,18274,1825,241,01-05-2021
AirportSurveillance(International),1000,997,2,1,01-05-2021
AirportSurveillance(Domestic),1073,1067,5,1,01-05-2021
RailwaySurveillance,428,428,0,0,01-05-2021
Ariyalur,5696,5295,348,53,02-05-2021
Chengalpattu,83039,73203,8866,970,02-05-2021
Chennai,345966,309233,31913,4820,02-05-2021
Coimbatore,81118,72709,7683,726,02-05-2021
Cuddalore,30844,28695,1820,329,02-05-2021
Dharmapuri,9838,8518,1253,67,02-05-2021
Dindigul,16281,14469,1598,214,02-05-2021
Erode,22165,18675,3323,167,02-05-2021
Kallakurichi,12770,11788,870,112,02-05-2021
Kancheepuram,38822,35543,2725,554,02-05-2021
Kanyakumari,22210,20144,1754,312,02-05-2021
Karur,7983,6859,1065,59,02-05-2021
Krishnagiri,15448,12106,3211,131,02-05-2021
Madurai,32398,27392,4482,524,02-05-2021
Nagapattinam,13819,11999,1650,170,02-05-2021
Namakkal,16549,14492,1933,124,02-05-2021
Nilgiris,9996,9529,416,51,02-05-2021
Perambalur,2702,2462,213,27,02-05-2021
Pudukottai,14047,12987,897,163,02-05-2021
Ramanathapuram,8799,7422,1231,146,02-05-2021
Ranipet,21335,18889,2229,217,02-05-2021
Salem,42555,38538,3471,546,02-05-2021
Sivagangai,8801,7903,764,134,02-05-2021
Tenkasi,12261,10729,1348,184,02-05-2021
Thanjavur,26285,23757,2221,307,02-05-2021
Theni,20951,18794,1940,217,02-05-2021
Thirupathur,10371,9123,1097,151,02-05-2021
Thiruvallur,61385,55036,5534,815,02-05-2021
Thiruvannamalai,24210,22289,1615,306,02-05-2021
Thiruvarur,15576,14347,1106,123,02-05-2021
Thoothukudi,24728,20545,4027,156,02-05-2021
Tirunelveli,26002,20803,4956,243,02-05-2021
Tiruppur,27230,23855,3134,241,02-05-2021
Trichy,24405,20988,3193,224,02-05-2021
Vellore,27802,24783,2624,395,02-05-2021
Villupuram,19642,17370,2149,123,02-05-2021
Virudhunagar,20581,18560,1778,243,02-05-2021
AirportSurveillance(International),1001,997,3,1,02-05-2021
AirportSurveillance(Domestic),1073,1068,4,1,02-05-2021
RailwaySurveillance,428,428,0,0,02-05-2021
Ariyalur,5736,5354,329,53,03-05-2021
Chengalpattu,84638,74405,9257,976,03-05-2021
Chennai,352260,314617,32785,4858,03-05-2021
Coimbatore,82689,73772,8188,729,03-05-2021
Cuddalore,31225,28935,1961,329,03-05-2021
Dharmapuri,10009,8669,1273,67,03-05-2021
Dindigul,16481,14663,1603,215,03-05-2021
Erode,22817,19231,3419,167,03-05-2021
Kallakurichi,12898,12060,725,113,03-05-2021
Kancheepuram,39615,36025,3026,564,03-05-2021
Kanyakumari,22598,20449,1832,317,03-05-2021
Karur,8217,6977,1181,59,03-05-2021
Krishnagiri,15892,12642,3118,132,03-05-2021
Madurai,32883,27899,4444,540,03-05-2021
Nagapattinam,14055,12212,1669,174,03-05-2021
Namakkal,16903,14763,2015,125,03-05-2021
Nilgiris,10101,9623,427,51,03-05-2021
Perambalur,2741,2491,222,28,03-05-2021
Pudukottai,14156,13139,854,163,03-05-2021
Ramanathapuram,8996,7623,1227,146,03-05-2021
Ranipet,21727,19144,2364,219,03-05-2021
Salem,43167,38980,3638,549,03-05-2021
Sivagangai,8928,8058,734,136,03-05-2021
Tenkasi,12392,11000,1208,184,03-05-2021
Thanjavur,26609,24109,2191,309,03-05-2021
Theni,21202,18963,2022,217,03-05-2021
Thirupathur,10478,9266,1060,152,03-05-2021
Thiruvallur,62504,55712,5973,819,03-05-2021
Thiruvannamalai,24421,22628,1486,307,03-05-2021
Thiruvarur,15774,14427,1222,125,03-05-2021
Thoothukudi,25437,21267,4013,157,03-05-2021
Tirunelveli,26405,21516,4641,248,03-05-2021
Tiruppur,27716,24374,3100,242,03-05-2021
Trichy,25065,21389,3448,228,03-05-2021
Vellore,28061,25090,2573,398,03-05-2021
Villupuram,20038,17579,2334,125,03-05-2021
Virudhunagar,20727,18792,1690,245,03-05-2021
AirportSurveillance(International),1001,997,3,1,03-05-2021
AirportSurveillance(Domestic),1074,1070,3,1,03-05-2021
RailwaySurveillance,428,428,0,0,03-05-2021
Ariyalur,5772,5378,341,53,04-05-2021
Chengalpattu,86265,75621,9663,981,04-05-2021
Chennai,358573,320457,33222,4894,04-05-2021
Coimbatore,84206,74877,8596,733,04-05-2021
Cuddalore,31525,29188,2001,336,04-05-2021
Dharmapuri,10268,8850,1351,67,04-05-2021
Dindigul,16648,14843,1588,217,04-05-2021
Erode,23388,19802,3419,167,04-05-2021
Kallakurichi,13037,12197,726,114,04-05-2021
Kancheepuram,40163,36566,3025,572,04-05-2021
Kanyakumari,23125,20771,2034,320,04-05-2021
Karur,8485,7073,1350,62,04-05-2021
Krishnagiri,16200,13192,2875,133,04-05-2021
Madurai,33669,28539,4585,545,04-05-2021
Nagapattinam,14444,12565,1703,176,04-05-2021
Namakkal,17232,15002,2105,125,04-05-2021
Nilgiris,10217,9666,500,51,04-05-2021
Perambalur,2776,2524,223,29,04-05-2021
Pudukottai,14232,13235,834,163,04-05-2021
Ramanathapuram,9089,7800,1143,146,04-05-2021
Ranipet,22461,19518,2722,221,04-05-2021
Salem,43800,39435,3801,564,04-05-2021
Sivagangai,9058,8166,756,136,04-05-2021
Tenkasi,12518,11227,1106,185,04-05-2021
Thanjavur,27059,24424,2323,312,04-05-2021
Theni,21385,19176,1990,219,04-05-2021
Thirupathur,10593,9442,995,156,04-05-2021
Thiruvallur,63618,56639,6148,831,04-05-2021
Thiruvannamalai,24650,22929,1411,310,04-05-2021
Thiruvarur,15904,14560,1218,126,04-05-2021
Thoothukudi,25796,21648,3989,159,04-05-2021
Tirunelveli,27129,22503,4378,248,04-05-2021
Tiruppur,28213,24924,3045,244,04-05-2021
Trichy,25495,21853,3410,232,04-05-2021
Vellore,28534,25492,2633,409,04-05-2021
Villupuram,20239,17829,2283,127,04-05-2021
Virudhunagar,21023,19044,1732,247,04-05-2021
AirportSurveillance(International),1001,997,3,1,04-05-2021
AirportSurveillance(Domestic),1074,1070,3,1,04-05-2021
RailwaySurveillance,428,428,0,0,04-05-2021
Ariyalur,5894,5434,407,53,05-05-2021
Chengalpattu,88192,76849,10346,997,05-05-2021
Chennai,364081,326212,32917,4952,05-05-2021
Coimbatore,86261,76206,9319,736,05-05-2021
Cuddalore,31831,29457,2034,340,05-05-2021
Dharmapuri,10478,9044,1365,69,05-05-2021
Dindigul,16930,15074,1638,218,05-05-2021
Erode,24016,20411,3437,168,05-05-2021
Kallakurichi,13172,12347,711,114,05-05-2021
Kancheepuram,40805,37141,3088,576,05-05-2021
Kanyakumari,23662,21109,2225,328,05-05-2021
Karur,8737,7200,1475,62,05-05-2021
Krishnagiri,16525,13768,2619,138,05-05-2021
Madurai,34631,29232,4846,553,05-05-2021
Nagapattinam,14844,12952,1714,178,05-05-2021
Namakkal,17609,15298,2185,126,05-05-2021
Nilgiris,10358,9720,587,51,05-05-2021
Perambalur,2894,2563,302,29,05-05-2021
Pudukottai,14392,13343,885,164,05-05-2021
Ramanathapuram,9353,7945,1262,146,05-05-2021
Ranipet,22666,19909,2528,229,05-05-2021
Salem,44427,39929,3927,571,05-05-2021
Sivagangai,9201,8256,809,136,05-05-2021
Tenkasi,12740,11479,1074,187,05-05-2021
Thanjavur,27393,24759,2317,317,05-05-2021
Theni,21776,19429,2124,223,05-05-2021
Thirupathur,10716,9625,933,158,05-05-2021
Thiruvallur,65110,57633,6641,836,05-05-2021
Thiruvannamalai,24851,23249,1291,311,05-05-2021
Thiruvarur,16145,14713,1305,127,05-05-2021
Thoothukudi,26544,22092,4291,161,05-05-2021
Tirunelveli,27806,23468,4088,250,05-05-2021
Tiruppur,28861,25520,3095,246,05-05-2021
Trichy,26156,22335,3586,235,05-05-2021
Vellore,29109,25938,2756,415,05-05-2021
Villupuram,20688,18077,2481,130,05-05-2021
Virudhunagar,21243,19299,1697,247,05-05-2021
AirportSurveillance(International),1003,997,5,1,05-05-2021
AirportSurveillance(Domestic),1074,1072,1,1,05-05-2021
RailwaySurveillance,428,428,0,0,05-05-2021
Ariyalur,5983,5501,429,53,06-05-2021
Chengalpattu,90264,78077,11174,1013,06-05-2021
Chennai,370596,332259,33316,5021,06-05-2021
Coimbatore,88342,77757,9845,740,06-05-2021
Cuddalore,32198,29764,2091,343,06-05-2021
Dharmapuri,10698,9250,1378,70,06-05-2021
Dindigul,17217,15319,1677,221,06-05-2021
Erode,24599,21010,3421,168,06-05-2021
Kallakurichi,13343,12488,740,115,06-05-2021
Kancheepuram,41668,37680,3399,589,06-05-2021
Kanyakumari,24111,21434,2335,342,06-05-2021
Karur,8972,7339,1567,66,06-05-2021
Krishnagiri,16925,14352,2435,138,06-05-2021
Madurai,35638,29947,5133,558,06-05-2021
Nagapattinam,15182,13263,1739,180,06-05-2021
Namakkal,17938,15617,2191,130,06-05-2021
Nilgiris,10472,9781,640,51,06-05-2021
Perambalur,2956,2605,322,29,06-05-2021
Pudukottai,14583,13454,963,166,06-05-2021
Ramanathapuram,9535,8102,1287,146,06-05-2021
Ranipet,22953,20317,2401,235,06-05-2021
Salem,45056,40602,3879,575,06-05-2021
Sivagangai,9334,8359,839,136,06-05-2021
Tenkasi,13026,11655,1180,191,06-05-2021
Thanjavur,27556,25117,2116,323,06-05-2021
Theni,22231,19716,2290,225,06-05-2021
Thirupathur,10889,9796,935,158,06-05-2021
Thiruvallur,66644,58838,6958,848,06-05-2021
Thiruvannamalai,25166,23560,1293,313,06-05-2021
Thiruvarur,16413,14899,1386,128,06-05-2021
Thoothukudi,27345,22791,4393,161,06-05-2021
Tirunelveli,28498,24450,3792,256,06-05-2021
Tiruppur,29311,26138,2926,247,06-05-2021
Trichy,26928,22887,3801,240,06-05-2021
Vellore,29738,26409,2912,417,06-05-2021
Villupuram,21166,18443,2591,132,06-05-2021
Virudhunagar,21519,19585,1686,248,06-05-2021
AirportSurveillance(International),1004,997,6,1,06-05-2021
AirportSurveillance(Domestic),1075,1072,2,1,06-05-2021
RailwaySurveillance,428,428,0,0,06-05-2021
Ariyalur,6095,5576,466,53,07-05-2021
Chengalpattu,92476,79320,12134,1022,07-05-2021
Chennai,377042,338893,33068,5081,07-05-2021
Coimbatore,90454,79248,10460,746,07-05-2021
Cuddalore,32662,30107,2207,348,07-05-2021
Dharmapuri,10943,9488,1384,71,07-05-2021
Dindigul,17547,15608,1715,224,07-05-2021
Erode,25240,21454,3615,171,07-05-2021
Kallakurichi,13547,12602,829,116,07-05-2021
Kancheepuram,42519,38017,3904,598,07-05-2021
Kanyakumari,24547,21672,2527,348,07-05-2021
Karur,9219,7517,1635,67,07-05-2021
Madurai,36716,30741,5403,572,07-05-2021
Nagapattinam,15556,13526,1847,183,07-05-2021
Namakkal,18299,15968,2199,132,07-05-2021
Nilgiris,10633,9849,733,51,07-05-2021
Perambalur,3057,2656,371,30,07-05-2021
Pudukottai,14751,13584,1000,167,07-05-2021
Ramanathapuram,9768,8294,1328,146,07-05-2021
Ranipet,23405,20746,2419,240,07-05-2021
Salem,45709,41354,3771,584,07-05-2021
Sivagangai,9441,8485,820,136,07-05-2021
Tenkasi,13340,11863,1281,196,07-05-2021
Thanjavur,27890,25521,2044,325,07-05-2021
Theni,22713,20055,2428,230,07-05-2021
Thirupathur,11158,9980,1015,163,07-05-2021
Thiruvallur,68121,60084,7174,863,07-05-2021
Thiruvannamalai,25603,23782,1504,317,07-05-2021
Thiruvarur,16750,15123,1498,129,07-05-2021
Thoothukudi,28200,23651,4388,161,07-05-2021
Tirunelveli,29181,25426,3495,260,07-05-2021
Tiruppur,29865,26794,2822,249,07-05-2021
Trichy,27740,23484,4010,246,07-05-2021
Vellore,30333,26926,2990,417,07-05-2021
Villupuram,21703,18822,2747,134,07-05-2021
Virudhunagar,21801,19883,1665,253,07-05-2021
AirportSurveillance(International),1004,997,6,1,07-05-2021
AirportSurveillance(Domestic),1075,1072,2,1,07-05-2021
RailwaySurveillance,428,428,0,0,07-05-2021
Ariyalur,6202,5666,483,53,08-05-2021
Chengalpattu,94964,80790,13142,1032,08-05-2021
Chennai,383644,345633,32858,5153,08-05-2021
Coimbatore,92579,80904,10925,750,08-05-2021
Cuddalore,33186,30491,2338,357,08-05-2021
Dharmapuri,11246,9765,1407,74,08-05-2021
Dindigul,17908,15932,1746,230,08-05-2021
Erode,26016,22005,3839,172,08-05-2021
Kallakurichi,13668,12688,862,118,08-05-2021
Kancheepuram,43439,38512,4315,612,08-05-2021
Kanyakumari,25091,21994,2740,357,08-05-2021
Karur,9503,7719,1713,71,08-05-2021
Krishnagiri,17863,15349,2370,144,08-05-2021
Madurai,37940,31566,5795,579,08-05-2021
Nagapattinam,15949,13686,2078,185,08-05-2021
Namakkal,18591,16353,2106,132,08-05-2021
Nilgiris,10781,9934,796,51,08-05-2021
Perambalur,3193,2711,452,30,08-05-2021
Pudukottai,14971,13729,1074,168,08-05-2021
Ramanathapuram,10019,8505,1368,146,08-05-2021
Ranipet,23736,21183,2312,241,08-05-2021
Salem,46265,42128,3543,594,08-05-2021
Sivagangai,9580,8645,799,136,08-05-2021
Tenkasi,13460,12077,1182,201,08-05-2021
Thanjavur,28750,25944,2474,332,08-05-2021
Theni,23239,20431,2576,232,08-05-2021
Thirupathur,11480,10176,1130,174,08-05-2021
Thiruvallur,69476,61312,7284,880,08-05-2021
Thiruvannamalai,25958,23984,1656,318,08-05-2021
Thiruvarur,17095,15371,1594,130,08-05-2021
Thoothukudi,29058,24538,4354,166,08-05-2021
Tirunelveli,29865,26002,3600,263,08-05-2021
Tiruppur,30529,27245,3032,252,08-05-2021
Trichy,28573,24117,4198,258,08-05-2021
Vellore,30910,27491,2997,422,08-05-2021
Villupuram,22031,19245,2647,139,08-05-2021
Virudhunagar,22097,20231,1608,258,08-05-2021
AirportSurveillance(International),1004,997,6,1,08-05-2021
AirportSurveillance(Domestic),1075,1072,2,1,08-05-2021
RailwaySurveillance,428,428,0,0,08-05-2021
Ariyalur,6316,5752,510,54,09-05-2021
Chengalpattu,97395,82419,13924,1052,09-05-2021
Chennai,390589,352517,32863,5209,09-05-2021
Coimbatore,95099,82609,11731,759,09-05-2021
Cuddalore,33670,30906,2404,360,09-05-2021
Dharmapuri,11599,10044,1481,74,09-05-2021
Dindigul,18257,16236,1786,235,09-05-2021
Erode,26701,22562,3966,173,09-05-2021
Kallakurichi,13952,12786,1048,118,09-05-2021
Kancheepuram,44487,39000,4856,631,09-05-2021
Kanyakumari,25612,22325,2929,358,09-05-2021
Karur,9792,7943,1778,71,09-05-2021
Krishnagiri,18353,15859,2347,147,09-05-2021
Madurai,39018,32409,6016,593,09-05-2021
Nagapattinam,16166,13856,2120,190,09-05-2021
Namakkal,18811,16741,1934,136,09-05-2021
Nilgiris,10933,10019,861,53,09-05-2021
Perambalur,3334,2747,557,30,09-05-2021
Pudukottai,15214,13895,1151,168,09-05-2021
Ramanathapuram,10157,8722,1288,147,09-05-2021
Ranipet,24140,21647,2246,247,09-05-2021
Salem,46911,42890,3423,598,09-05-2021
Sivagangai,9707,8806,765,136,09-05-2021
Tenkasi,13847,12275,1366,206,09-05-2021
Thanjavur,29652,26372,2941,339,09-05-2021
Theni,23692,20809,2650,233,09-05-2021
Thirupathur,11769,10358,1228,183,09-05-2021
Thiruvallur,71168,62523,7749,896,09-05-2021
Thiruvannamalai,26547,24200,2025,322,09-05-2021
Thiruvarur,17401,15642,1626,133,09-05-2021
Thoothukudi,29949,25429,4353,167,09-05-2021
Tirunelveli,30547,26557,3721,269,09-05-2021
Tiruppur,31177,27706,3218,253,09-05-2021
Trichy,29395,24742,4385,268,09-05-2021
Vellore,31502,28031,3034,437,09-05-2021
Villupuram,22424,19672,2611,141,09-05-2021
Virudhunagar,22469,20560,1649,260,09-05-2021
AirportSurveillance(International),1004,998,5,1,09-05-2021
AirportSurveillance(Domestic),1075,1072,2,1,09-05-2021
RailwaySurveillance,428,428,0,0,09-05-2021
Ariyalur,6464,5834,576,54,10-05-2021
Chengalpattu,99681,85631,12978,1072,10-05-2021
Chennai,397498,357069,35153,5276,10-05-2021
Coimbatore,97886,83706,13406,774,10-05-2021
Cuddalore,34199,31294,2543,362,10-05-2021
Dharmapuri,11894,10210,1610,74,10-05-2021
Dindigul,18589,16465,1888,236,10-05-2021
Erode,27459,23239,4046,174,10-05-2021
Kallakurichi,14110,12955,1037,118,10-05-2021
Kancheepuram,45034,39913,4477,644,10-05-2021
Kanyakumari,26327,22913,3036,378,10-05-2021
Karur,10038,8426,1541,71,10-05-2021
Krishnagiri,19250,16115,2984,151,10-05-2021
Madurai,40040,33256,6177,607,10-05-2021
Nagapattinam,16502,14323,1987,192,10-05-2021
Namakkal,19186,17149,1900,137,10-05-2021
Nilgiris,11118,10181,884,53,10-05-2021
Perambalur,3518,2779,708,31,10-05-2021
Pudukottai,15455,14082,1204,169,10-05-2021
Ramanathapuram,10373,8976,1250,147,10-05-2021
Ranipet,24582,22307,2027,248,10-05-2021
Salem,47448,43375,3469,604,10-05-2021
Sivagangai,9908,8916,855,137,10-05-2021
Tenkasi,14161,12366,1586,209,10-05-2021
Thanjavur,30490,26805,3340,345,10-05-2021
Theni,24171,21193,2742,236,10-05-2021
Thirupathur,12111,10467,1455,189,10-05-2021
Thiruvallur,72190,63104,8182,904,10-05-2021
Thiruvannamalai,27237,24438,2471,328,10-05-2021
Thiruvarur,17719,15792,1791,136,10-05-2021
Thoothukudi,30742,25666,4908,168,10-05-2021
Tirunelveli,31407,26931,4206,270,10-05-2021
Tiruppur,31931,28022,3654,255,10-05-2021
Trichy,30276,25330,4667,279,10-05-2021
Vellore,31809,28244,3123,442,10-05-2021
Villupuram,22809,20162,2503,144,10-05-2021
Virudhunagar,23118,20835,2019,264,10-05-2021
AirportSurveillance(International),1004,998,5,1,10-05-2021
AirportSurveillance(Domestic),1075,1073,1,1,10-05-2021
RailwaySurveillance,428,428,0,0,10-05-2021
Ariyalur,6573,5895,624,54,11-05-2021
Chengalpattu,102126,87997,13038,1091,11-05-2021
Chennai,404733,361652,37713,5368,11-05-2021
Coimbatore,100546,85429,14324,793,11-05-2021
Cuddalore,34638,31562,2708,368,11-05-2021
Dharmapuri,12087,10350,1662,75,11-05-2021
Dindigul,18890,16657,1994,239,11-05-2021
Erode,28384,23786,4421,177,11-05-2021
Kallakurichi,14537,13077,1342,118,11-05-2021
Kancheepuram,45718,40369,4696,653,11-05-2021
Kanyakumari,27326,23394,3544,388,11-05-2021
Karur,10204,8668,1459,77,11-05-2021
Krishnagiri,19734,16225,3358,151,11-05-2021
Madurai,41065,33884,6561,620,11-05-2021
Nagapattinam,16961,14696,2061,204,11-05-2021
Namakkal,19564,17362,2063,139,11-05-2021
Nilgiris,11289,10321,912,56,11-05-2021
Perambalur,3687,2817,839,31,11-05-2021
Pudukottai,15640,14236,1235,169,11-05-2021
Ramanathapuram,10598,9137,1314,147,11-05-2021
Ranipet,24997,22584,2162,251,11-05-2021
Salem,47929,43832,3475,622,11-05-2021
Sivagangai,10123,9047,938,138,11-05-2021
Tenkasi,14400,12518,1667,215,11-05-2021
Thanjavur,30943,27139,3450,354,11-05-2021
Theni,24591,21503,2844,244,11-05-2021
Thirupathur,12761,10597,1969,195,11-05-2021
Thiruvallur,73443,64413,8109,921,11-05-2021
Thiruvannamalai,27991,24618,3044,329,11-05-2021
Thiruvarur,17994,16034,1821,139,11-05-2021
Thoothukudi,31376,26299,4906,171,11-05-2021
Tirunelveli,32173,27271,4628,274,11-05-2021
Tiruppur,32525,28352,3912,261,11-05-2021
Trichy,31153,25985,4882,286,11-05-2021
Vellore,32481,28428,3607,446,11-05-2021
Villupuram,23248,20585,2517,146,11-05-2021
Virudhunagar,23574,20932,2376,266,11-05-2021
AirportSurveillance(International),1004,998,5,1,11-05-2021
AirportSurveillance(Domestic),1075,1073,1,1,11-05-2021
RailwaySurveillance,428,428,0,0,11-05-2021
Ariyalur,6718,5958,706,54,12-05-2021
Chengalpattu,104812,90403,13290,1119,12-05-2021
Chennai,412505,366434,40613,5458,12-05-2021
Coimbatore,103184,87195,15178,811,12-05-2021
Cuddalore,35167,31812,2978,377,12-05-2021
Dharmapuri,12284,10530,1679,75,12-05-2021
Dindigul,19230,16908,2077,245,12-05-2021
Erode,29346,24352,4815,179,12-05-2021
Kallakurichi,14681,13177,1386,118,12-05-2021
Kancheepuram,46410,41062,4682,666,12-05-2021
Kanyakumari,28406,23871,4143,392,12-05-2021
Karur,10445,8883,1482,80,12-05-2021
Krishnagiri,20235,16355,3728,152,12-05-2021
Madurai,42237,34534,7076,627,12-05-2021
Nagapattinam,17279,15025,2046,208,12-05-2021
Namakkal,19923,17662,2116,145,12-05-2021
Nilgiris,11475,10434,983,58,12-05-2021
Perambalur,3895,2858,1005,32,12-05-2021
Pudukottai,15902,14406,1325,171,12-05-2021
Ramanathapuram,10933,9265,1521,147,12-05-2021
Ranipet,25190,22836,2099,255,12-05-2021
Salem,48596,44139,3825,632,12-05-2021
Sivagangai,10315,9125,1051,139,12-05-2021
Tenkasi,14734,12680,1836,218,12-05-2021
Thanjavur,31599,27299,3939,361,12-05-2021
Theni,25037,21740,3049,248,12-05-2021
Thirupathur,13091,10811,2078,202,12-05-2021
Thiruvallur,74660,65904,7814,942,12-05-2021
Thiruvannamalai,28603,24942,3325,336,12-05-2021
Thiruvarur,18309,16306,1863,140,12-05-2021
Thoothukudi,32140,27016,4951,173,12-05-2021
Tirunelveli,32879,27656,4946,277,12-05-2021
Tiruppur,33180,28602,4314,264,12-05-2021
Trichy,31973,26240,5435,298,12-05-2021
Vellore,33044,28657,3933,454,12-05-2021
Villupuram,23819,21070,2602,147,12-05-2021
Virudhunagar,24121,21012,2840,269,12-05-2021
AirportSurveillance(International),1004,998,5,1,12-05-2021
AirportSurveillance(Domestic),1075,1073,1,1,12-05-2021
RailwaySurveillance,428,428,0,0,12-05-2021
Ariyalur,6895,5996,845,54,13-05-2021
Chengalpattu,107038,91793,14094,1151,13-05-2021
Chennai,419261,371136,42579,5546,13-05-2021
Coimbatore,106030,88935,16271,824,13-05-2021
Cuddalore,35840,32042,3416,382,13-05-2021
Dharmapuri,12500,10646,1776,78,13-05-2021
Dindigul,19634,17200,2182,252,13-05-2021
Erode,30254,24932,5142,180,13-05-2021
Kallakurichi,14831,13241,1472,118,13-05-2021
Kancheepuram,47085,41757,4649,679,13-05-2021
Kanyakumari,29489,24308,4771,410,13-05-2021
Karur,10766,9141,1542,83,13-05-2021
Krishnagiri,20851,16562,4136,153,13-05-2021
Madurai,43581,35340,7605,636,13-05-2021
Nagapattinam,17630,15398,2020,212,13-05-2021
Namakkal,20386,18000,2237,149,13-05-2021
Nilgiris,11699,10521,1119,59,13-05-2021
Perambalur,4083,2916,1135,32,13-05-2021
Pudukottai,16197,14533,1493,171,13-05-2021
Ramanathapuram,11229,9399,1683,147,13-05-2021
Ranipet,25622,23049,2309,264,13-05-2021
Salem,49371,44618,4115,638,13-05-2021
Sivagangai,10529,9190,1200,139,13-05-2021
Tenkasi,15092,12813,2055,224,13-05-2021
Thanjavur,32284,27461,4454,369,13-05-2021
Theni,25525,21936,3337,252,13-05-2021
Thirupathur,13489,11035,2243,211,13-05-2021
Thiruvallur,76000,67037,7999,964,13-05-2021
Thiruvannamalai,29206,25367,3502,337,13-05-2021
Thiruvarur,18687,16641,1902,144,13-05-2021
Thoothukudi,32632,27661,4792,179,13-05-2021
Tirunelveli,33664,28005,5378,281,13-05-2021
Tiruppur,33886,28867,4753,266,13-05-2021
Trichy,32932,26827,5797,308,13-05-2021
Vellore,33692,29419,3819,454,13-05-2021
Villupuram,24400,21603,2649,148,13-05-2021
Virudhunagar,24688,21117,3299,272,13-05-2021
AirportSurveillance(International),1004,1001,2,1,13-05-2021
AirportSurveillance(Domestic),1075,1074,0,1,13-05-2021
RailwaySurveillance,428,428,0,0,13-05-2021
Ariyalur,7105,6013,1037,55,14-05-2021
Chengalpattu,109301,94386,13742,1173,14-05-2021
Chennai,425603,375669,44313,5621,14-05-2021
Coimbatore,109233,90106,18290,837,14-05-2021
Cuddalore,36484,32315,3785,384,14-05-2021
Dharmapuri,12769,10756,1935,78,14-05-2021
Dindigul,20062,17565,2243,254,14-05-2021
Erode,31035,25545,5304,186,14-05-2021
Kallakurichi,15011,13322,1571,118,14-05-2021
Kancheepuram,47967,42386,4886,695,14-05-2021
Kanyakumari,30517,24595,5501,421,14-05-2021
Karur,11089,9431,1566,92,14-05-2021
Krishnagiri,21568,16881,4531,156,14-05-2021
Madurai,44832,36086,8099,647,14-05-2021
Nagapattinam,18030,15766,2050,214,14-05-2021
Namakkal,20947,18339,2455,153,14-05-2021
Nilgiris,12005,10606,1340,59,14-05-2021
Perambalur,4225,2996,1194,35,14-05-2021
Pudukottai,16543,14641,1731,171,14-05-2021
Ramanathapuram,11537,9581,1808,148,14-05-2021
Ranipet,26225,23214,2744,267,14-05-2021
Salem,50173,45289,4228,656,14-05-2021
Sivagangai,10752,9303,1308,141,14-05-2021
Tenkasi,15535,13084,2216,235,14-05-2021
Thanjavur,32903,27637,4891,375,14-05-2021
Theni,25975,22164,3555,256,14-05-2021
Thirupathur,13814,11345,2255,214,14-05-2021
Thiruvallur,77510,68540,7992,978,14-05-2021
Thiruvannamalai,29622,25520,3762,340,14-05-2021
Thiruvarur,19006,16987,1873,146,14-05-2021
Thoothukudi,33523,28266,5074,183,14-05-2021
Tirunelveli,34500,28351,5865,284,14-05-2021
Tiruppur,34661,29210,5179,272,14-05-2021
Trichy,34163,27519,6328,316,14-05-2021
Vellore,34249,30010,3775,464,14-05-2021
Villupuram,25082,21850,3079,153,14-05-2021
Virudhunagar,25314,21205,3832,277,14-05-2021
AirportSurveillance(International),1004,1001,2,1,14-05-2021
AirportSurveillance(Domestic),1075,1074,0,1,14-05-2021
RailwaySurveillance,428,428,0,0,14-05-2021
Ariyalur,7358,6080,1217,61,15-05-2021
Chengalpattu,111295,96386,13711,1198,15-05-2021
Chennai,432344,380274,46367,5703,15-05-2021
Coimbatore,112358,91328,20173,857,15-05-2021
Cuddalore,37201,32618,4194,389,15-05-2021
Dharmapuri,13055,10889,2085,81,15-05-2021
Dindigul,20511,17845,2409,257,15-05-2021
Erode,31865,26180,5497,188,15-05-2021
Kallakurichi,15324,13404,1802,118,15-05-2021
Kancheepuram,49459,42966,5789,704,15-05-2021
Kanyakumari,31756,24874,6443,439,15-05-2021
Karur,11443,9731,1617,95,15-05-2021
Krishnagiri,22245,17127,4960,158,15-05-2021
Madurai,46060,36705,8691,664,15-05-2021
Nagapattinam,18599,16008,2370,221,15-05-2021
Namakkal,21586,18650,2779,157,15-05-2021
Nilgiris,12339,10677,1603,59,15-05-2021
Perambalur,4405,3098,1271,36,15-05-2021
Pudukottai,16901,14783,1947,171,15-05-2021
Ramanathapuram,11936,9741,2047,148,15-05-2021
Ranipet,26667,23344,3052,271,15-05-2021
Salem,51003,46026,4309,668,15-05-2021
Sivagangai,10995,9433,1420,142,15-05-2021
Tenkasi,15959,13267,2456,236,15-05-2021
Thanjavur,33571,28500,4685,386,15-05-2021
Theni,26474,22414,3798,262,15-05-2021
Thirupathur,14276,11604,2454,218,15-05-2021
Thiruvallur,79022,70292,7730,1000,15-05-2021
Thiruvannamalai,30243,25730,4169,344,15-05-2021
Thiruvarur,19347,17276,1923,148,15-05-2021
Thoothukudi,34420,28916,5319,185,15-05-2021
Tirunelveli,35159,28741,6132,286,15-05-2021
Tiruppur,35671,29759,5639,273,15-05-2021
Trichy,35398,28341,6730,327,15-05-2021
Vellore,34794,30587,3734,473,15-05-2021
Villupuram,25603,22183,3266,154,15-05-2021
Virudhunagar,25886,21607,3999,280,15-05-2021
AirportSurveillance(International),1004,1001,2,1,15-05-2021
AirportSurveillance(Domestic),1075,1074,0,1,15-05-2021
RailwaySurveillance,428,428,0,0,15-05-2021
Ariyalur,7581,6104,1415,62,16-05-2021
Chengalpattu,113419,98401,13788,1230,16-05-2021
Chennai,438391,385297,47330,5764,16-05-2021
Coimbatore,115532,92479,22181,872,16-05-2021
Cuddalore,38062,32890,4773,399,16-05-2021
Dharmapuri,13390,11079,2226,85,16-05-2021
Dindigul,20891,18288,2342,261,16-05-2021
Erode,33100,26822,6088,190,16-05-2021
Kallakurichi,15846,13480,2248,118,16-05-2021
Kancheepuram,50601,44125,5764,712,16-05-2021
Kanyakumari,32794,25184,7159,451,16-05-2021
Karur,11627,9995,1527,105,16-05-2021
Krishnagiri,22936,17239,5539,158,16-05-2021
Madurai,47159,37239,9246,674,16-05-2021
Nagapattinam,19201,16335,2638,228,16-05-2021
Namakkal,21966,19095,2708,163,16-05-2021
Nilgiris,12716,10747,1910,59,16-05-2021
Perambalur,4661,3145,1478,38,16-05-2021
Pudukottai,17233,14932,2129,172,16-05-2021
Ramanathapuram,12153,9869,2135,149,16-05-2021
Ranipet,26911,23658,2976,277,16-05-2021
Salem,51829,46184,4969,676,16-05-2021
Sivagangai,11221,9572,1507,142,16-05-2021
Tenkasi,16416,13414,2761,241,16-05-2021
Thanjavur,34221,29403,4426,392,16-05-2021
Theni,27157,22816,4073,268,16-05-2021
Thirupathur,14778,11879,2674,225,16-05-2021
Thiruvallur,80850,71383,8452,1015,16-05-2021
Thiruvannamalai,30702,26147,4207,348,16-05-2021
Thiruvarur,19884,17617,2118,149,16-05-2021
Thoothukudi,35335,29762,5384,189,16-05-2021
Tirunelveli,35849,29011,6547,291,16-05-2021
Tiruppur,36592,30292,6025,275,16-05-2021
Trichy,36975,29156,7482,337,16-05-2021
Vellore,35302,31158,3630,514,16-05-2021
Villupuram,26098,22600,3341,157,16-05-2021
AirportSurveillance(International),1004,1001,2,1,16-05-2021
AirportSurveillance(Domestic),1075,1074,0,1,16-05-2021
RailwaySurveillance,428,428,0,0,16-05-2021
Ariyalur,7775,6244,1469,62,17-05-2021
Chengalpattu,115595,99426,14906,1263,17-05-2021
Chennai,444371,390364,48156,5851,17-05-2021
Coimbatore,118804,93723,24195,886,17-05-2021
Cuddalore,38830,33453,4977,400,17-05-2021
Dharmapuri,13730,11195,2447,88,17-05-2021
Dindigul,21256,18508,2479,269,17-05-2021
Erode,34189,27238,6753,198,17-05-2021
Kallakurichi,16225,13756,2351,118,17-05-2021
Kancheepuram,51848,45005,6119,724,17-05-2021
Kanyakumari,33865,25598,7802,465,17-05-2021
Karur,11888,10100,1681,107,17-05-2021
Krishnagiri,23655,17505,5991,159,17-05-2021
Madurai,48441,37918,9833,690,17-05-2021
Nagapattinam,19862,16518,3112,232,17-05-2021
Namakkal,22400,19353,2881,166,17-05-2021
Nilgiris,13087,10901,2126,60,17-05-2021
Perambalur,4802,3188,1574,40,17-05-2021
Pudukottai,17638,15217,2247,174,17-05-2021
Ramanathapuram,12498,9955,2392,151,17-05-2021
Ranipet,27336,24141,2911,284,17-05-2021
Salem,52442,46834,4923,685,17-05-2021
Sivagangai,11448,9744,1561,143,17-05-2021
Tenkasi,16788,13843,2703,242,17-05-2021
Thanjavur,35241,30233,4606,402,17-05-2021
Theni,27851,23024,4553,274,17-05-2021
Thirupathur,15428,12066,3136,226,17-05-2021
Thiruvallur,82735,71883,9817,1035,17-05-2021
Thiruvannamalai,31214,26583,4276,355,17-05-2021
Thiruvarur,20438,17782,2501,155,17-05-2021
Thoothukudi,36365,30703,5468,194,17-05-2021
Tirunelveli,36201,29376,6528,297,17-05-2021
Tiruppur,37480,30921,6279,280,17-05-2021
Trichy,38525,30016,8157,352,17-05-2021
Vellore,35525,31683,3321,521,17-05-2021
Villupuram,26452,22936,3347,169,17-05-2021
Virudhunagar,26556,22254,4016,286,17-05-2021
AirportSurveillance(International),1004,1001,2,1,17-05-2021
AirportSurveillance(Domestic),1075,1074,0,1,17-05-2021
RailwaySurveillance,428,428,0,0,17-05-2021
Ariyalur,7951,6378,1511,62,18-05-2021
Chengalpattu,117898,101427,15171,1300,18-05-2021
Chennai,450267,395873,48455,5939,18-05-2021
Coimbatore,121884,95028,25951,905,18-05-2021
Cuddalore,39434,33550,5481,403,18-05-2021
Dharmapuri,14025,11648,2287,90,18-05-2021
Dindigul,21574,18699,2600,275,18-05-2021
Erode,35760,27907,7652,201,18-05-2021
Kallakurichi,16500,14015,2367,118,18-05-2021
Kancheepuram,52653,45305,6605,743,18-05-2021
Kanyakumari,34729,25996,8248,485,18-05-2021
Karur,12202,10105,1981,116,18-05-2021
Krishnagiri,24267,17754,6352,161,18-05-2021
Madurai,49452,38630,10117,705,18-05-2021
Nagapattinam,20505,16783,3481,241,18-05-2021
Namakkal,22787,19473,3147,167,18-05-2021
Nilgiris,13427,11081,2282,64,18-05-2021
Perambalur,5045,3327,1676,42,18-05-2021
Pudukottai,17862,15444,2242,176,18-05-2021
Ramanathapuram,12691,9956,2584,151,18-05-2021
Ranipet,27877,24591,2998,288,18-05-2021
Salem,53099,47484,4914,701,18-05-2021
Sivagangai,11627,9966,1516,145,18-05-2021
Tenkasi,17131,14085,2802,244,18-05-2021
Thanjavur,35733,30688,4634,411,18-05-2021
Theni,28517,23466,4776,275,18-05-2021
Thirupathur,16238,12471,3537,230,18-05-2021
Thiruvallur,84641,72562,11017,1062,18-05-2021
Thiruvannamalai,31680,27045,4276,359,18-05-2021
Thiruvarur,21252,17888,3209,155,18-05-2021
Thoothukudi,37726,31209,6318,199,18-05-2021
Tirunelveli,36786,30052,6434,300,18-05-2021
Tiruppur,39037,31662,7092,283,18-05-2021
Trichy,39803,30893,8542,368,18-05-2021
Vellore,36049,32046,3471,532,18-05-2021
Villupuram,26700,23136,3386,178,18-05-2021
Virudhunagar,27034,22926,3815,293,18-05-2021
AirportSurveillance(International),1004,1001,2,1,18-05-2021
AirportSurveillance(Domestic),1075,1074,0,1,18-05-2021
RailwaySurveillance,428,428,0,0,18-05-2021
Ariyalur,8210,6522,1624,64,19-05-2021
Chengalpattu,120228,103643,15237,1348,19-05-2021
Chennai,456496,402139,48326,6031,19-05-2021
Coimbatore,125151,97040,27189,922,19-05-2021
Cuddalore,40290,33858,6016,416,19-05-2021
Dharmapuri,14360,11948,2321,91,19-05-2021
Dindigul,21970,19062,2631,277,19-05-2021
Erode,37107,28711,8186,210,19-05-2021
Kallakurichi,16865,14206,2541,118,19-05-2021
Kancheepuram,53480,46072,6657,751,19-05-2021
Kanyakumari,35614,26503,8603,508,19-05-2021
Karur,12582,10339,2122,121,19-05-2021
Krishnagiri,24986,18083,6738,165,19-05-2021
Madurai,50610,38765,11126,719,19-05-2021
Nagapattinam,21102,17131,3722,249,19-05-2021
Namakkal,23200,19835,3195,170,19-05-2021
Nilgiris,13747,11251,2432,64,19-05-2021
Perambalur,5264,3442,1780,42,19-05-2021
Pudukottai,18283,15650,2453,180,19-05-2021
Ramanathapuram,13066,10153,2761,152,19-05-2021
Ranipet,28217,24793,3129,295,19-05-2021
Salem,53895,48034,5145,716,19-05-2021
Sivagangai,11842,10164,1533,145,19-05-2021
Tenkasi,17558,14210,3103,245,19-05-2021
Thanjavur,36553,31337,4800,416,19-05-2021
Theni,29318,23852,5190,276,19-05-2021
Thirupathur,16761,12774,3748,239,19-05-2021
Thiruvallur,86333,73862,11390,1081,19-05-2021
Thiruvannamalai,32282,27325,4594,363,19-05-2021
Thiruvarur,21967,18196,3615,156,19-05-2021
Thoothukudi,38656,31973,6483,200,19-05-2021
Tirunelveli,37453,30520,6625,308,19-05-2021
Tiruppur,40610,32237,8088,285,19-05-2021
Trichy,41272,31289,9602,381,19-05-2021
Vellore,36654,32415,3695,544,19-05-2021
Villupuram,27249,23714,3351,184,19-05-2021
Virudhunagar,27487,23364,3823,300,19-05-2021
AirportSurveillance(International),1004,1001,2,1,19-05-2021
AirportSurveillance(Domestic),1075,1074,0,1,19-05-2021
RailwaySurveillance,428,428,0,0,19-05-2021
Ariyalur,8476,6654,1758,64,20-05-2021
Chengalpattu,122369,105734,15240,1395,20-05-2021
Chennai,462448,408676,47667,6105,20-05-2021
Coimbatore,128493,99188,28363,942,20-05-2021
Cuddalore,41148,34142,6585,421,20-05-2021
Dharmapuri,14727,12028,2607,92,20-05-2021
Dindigul,22353,19455,2602,296,20-05-2021
Erode,38614,29494,8904,216,20-05-2021
Kallakurichi,17264,14303,2842,119,20-05-2021
Kancheepuram,54373,46764,6834,775,20-05-2021
Kanyakumari,36711,27079,9106,526,20-05-2021
Karur,12879,10674,2074,131,20-05-2021
Krishnagiri,25714,18541,7003,170,20-05-2021
Madurai,51881,39393,11758,730,20-05-2021
Nagapattinam,21817,17470,4095,252,20-05-2021
Namakkal,23581,20189,3220,172,20-05-2021
Nilgiris,14072,11436,2570,66,20-05-2021
Perambalur,5467,3569,1856,42,20-05-2021
Pudukottai,18729,15877,2671,181,20-05-2021
Ramanathapuram,13416,10314,2950,152,20-05-2021
Ranipet,28949,25258,3381,310,20-05-2021
Salem,54567,48887,4953,727,20-05-2021
Sivagangai,12074,10378,1551,145,20-05-2021
Tenkasi,18011,14466,3296,249,20-05-2021
Thanjavur,37231,32026,4781,424,20-05-2021
Theni,30003,24406,5314,283,20-05-2021
Thirupathur,17328,13070,4008,250,20-05-2021
Thiruvallur,88095,75197,11797,1101,20-05-2021
Thiruvannamalai,32964,27631,4965,368,20-05-2021
Thiruvarur,22703,18572,3972,159,20-05-2021
Thoothukudi,39658,32414,7040,204,20-05-2021
Tirunelveli,38049,31017,6722,310,20-05-2021
Tiruppur,42192,32864,9038,290,20-05-2021
Trichy,42651,31790,10467,394,20-05-2021
Vellore,37216,32954,3687,575,20-05-2021
Villupuram,27788,24096,3503,189,20-05-2021
Virudhunagar,28286,23774,4208,304,20-05-2021
AirportSurveillance(International),1004,1001,2,1,20-05-2021
AirportSurveillance(Domestic),1075,1074,0,1,20-05-2021
RailwaySurveillance,428,428,0,0,20-05-2021
Ariyalur,8759,6789,1906,64,21-05-2021
Chengalpattu,124672,107907,15330,1435,21-05-2021
Chennai,468262,413266,48782,6214,21-05-2021
Coimbatore,131744,101432,29345,967,21-05-2021
Cuddalore,42018,34505,7084,429,21-05-2021
Dharmapuri,15113,12226,2793,94,21-05-2021
Dindigul,22778,19750,2716,312,21-05-2021
Erode,40254,30306,9722,226,21-05-2021
Kallakurichi,17565,14392,3053,120,21-05-2021
Kancheepuram,55543,47631,7125,787,21-05-2021
Kanyakumari,37965,27374,10048,543,21-05-2021
Karur,13224,10980,2105,139,21-05-2021
Krishnagiri,26455,18838,7444,173,21-05-2021
Madurai,53243,40180,12306,757,21-05-2021
Nagapattinam,22402,17847,4287,268,21-05-2021
Namakkal,23993,20577,3236,180,21-05-2021
Nilgiris,14429,11660,2702,67,21-05-2021
Perambalur,5674,3652,1979,43,21-05-2021
Pudukottai,19154,15988,2983,183,21-05-2021
Ramanathapuram,13787,10639,2994,154,21-05-2021
Ranipet,29587,26008,3257,322,21-05-2021
Salem,55296,49322,5234,740,21-05-2021
Sivagangai,12287,10562,1579,146,21-05-2021
Tenkasi,18448,14728,3469,251,21-05-2021
Thanjavur,38057,32225,5399,433,21-05-2021
Theni,30726,25034,5403,289,21-05-2021
Thirupathur,17957,13561,4140,256,21-05-2021
Thiruvallur,89681,76502,12046,1133,21-05-2021
Thiruvannamalai,33697,27925,5396,376,21-05-2021
Thiruvarur,23442,18897,4385,160,21-05-2021
Thoothukudi,40549,33328,7011,210,21-05-2021
Tirunelveli,38724,31605,6806,313,21-05-2021
Tiruppur,44000,33568,10132,300,21-05-2021
Trichy,43993,32723,10861,409,21-05-2021
Vellore,37581,33528,3465,588,21-05-2021
Villupuram,28282,24774,3310,198,21-05-2021
Virudhunagar,29140,24029,4794,317,21-05-2021
AirportSurveillance(International),1004,1001,2,1,21-05-2021
AirportSurveillance(Domestic),1075,1074,0,1,21-05-2021
RailwaySurveillance,428,428,0,0,21-05-2021
Ariyalur,9034,7018,1950,66,22-05-2021
Chengalpattu,126657,110062,15121,1474,22-05-2021
Chennai,473671,418137,49236,6298,22-05-2021
Coimbatore,134912,103809,30104,999,22-05-2021
Cuddalore,42825,34818,7572,435,22-05-2021
Dharmapuri,15474,12444,2934,96,22-05-2021
Dindigul,23234,20140,2779,315,22-05-2021
Erode,42007,31287,10484,236,22-05-2021
Kallakurichi,17832,14513,3198,121,22-05-2021
Kancheepuram,56574,48671,7101,802,22-05-2021
Kanyakumari,39587,27790,11234,563,22-05-2021
Karur,13539,11316,2082,141,22-05-2021
Krishnagiri,27236,18947,8114,175,22-05-2021
Madurai,54588,40928,12875,785,22-05-2021
Nagapattinam,23057,18418,4368,271,22-05-2021
Namakkal,24598,20988,3425,185,22-05-2021
Nilgiris,14815,11970,2778,67,22-05-2021
Perambalur,5895,3748,2100,47,22-05-2021
Pudukottai,19554,16214,3154,186,22-05-2021
Ramanathapuram,14154,10790,3185,179,22-05-2021
Ranipet,30095,26210,3555,330,22-05-2021
Salem,56042,49683,5601,758,22-05-2021
Sivagangai,12450,10793,1511,146,22-05-2021
Tenkasi,19002,15029,3713,260,22-05-2021
Thanjavur,38944,32748,5758,438,22-05-2021
Theni,31431,25600,5541,290,22-05-2021
Thirupathur,18455,13914,4269,272,22-05-2021
Thiruvallur,91238,77989,12095,1154,22-05-2021
Thiruvannamalai,34461,28383,5700,378,22-05-2021
Thiruvarur,24013,19241,4609,163,22-05-2021
Thoothukudi,41445,34147,7077,221,22-05-2021
Tirunelveli,39312,32386,6608,318,22-05-2021
Tiruppur,45472,34326,10823,323,22-05-2021
Trichy,45353,33955,10973,425,22-05-2021
Vellore,38161,33680,3880,601,22-05-2021
Villupuram,28806,25293,3312,201,22-05-2021
Virudhunagar,30431,24649,5457,325,22-05-2021
AirportSurveillance(International),1004,1001,2,1,22-05-2021
AirportSurveillance(Domestic),1075,1074,0,1,22-05-2021
RailwaySurveillance,428,428,0,0,22-05-2021
Ariyalur,9327,7235,2020,72,23-05-2021
Chengalpattu,128677,111634,15540,1503,23-05-2021
Chennai,478710,423276,49055,6379,23-05-2021
Coimbatore,138861,106263,31578,1020,23-05-2021
Cuddalore,43547,35451,7653,443,23-05-2021
Dharmapuri,15825,12710,3018,97,23-05-2021
Dindigul,23769,20335,3114,320,23-05-2021
Erode,43346,31908,11198,240,23-05-2021
Kallakurichi,18255,14760,3374,121,23-05-2021
Kancheepuram,57469,49509,7143,817,23-05-2021
Kanyakumari,40752,28830,11339,583,23-05-2021
Karur,13815,11463,2203,149,23-05-2021
Krishnagiri,28048,19157,8714,177,23-05-2021
Madurai,55726,41837,13091,798,23-05-2021
Nagapattinam,23518,18786,4458,274,23-05-2021
Namakkal,25637,21499,3950,188,23-05-2021
Nilgiris,15216,12300,2846,70,23-05-2021
Perambalur,6370,3825,2496,49,23-05-2021
Pudukottai,19973,16426,3358,189,23-05-2021
Ramanathapuram,14411,10975,3252,184,23-05-2021
Ranipet,30808,26454,4017,337,23-05-2021
Salem,57016,50560,5683,773,23-05-2021
Sivagangai,12665,10913,1605,147,23-05-2021
Tenkasi,19341,15200,3870,271,23-05-2021
Thanjavur,40123,33311,6355,457,23-05-2021
Theni,32000,25987,5711,302,23-05-2021
Thirupathur,19122,14078,4761,283,23-05-2021
Thiruvallur,92536,79228,12126,1182,23-05-2021
Thiruvannamalai,35485,28882,6221,382,23-05-2021
Thiruvarur,24587,19633,4786,168,23-05-2021
Thoothukudi,42292,34798,7267,227,23-05-2021
Tirunelveli,39794,33120,6352,322,23-05-2021
Tiruppur,46927,35089,11504,334,23-05-2021
Trichy,46762,35181,11143,438,23-05-2021
Vellore,38712,33768,4311,633,23-05-2021
Villupuram,29310,25631,3476,203,23-05-2021
Virudhunagar,31105,25218,5553,334,23-05-2021
AirportSurveillance(International),1004,1001,2,1,23-05-2021
AirportSurveillance(Domestic),1075,1074,0,1,23-05-2021
RailwaySurveillance,428,428,0,0,23-05-2021
Ariyalur,9575,7465,2036,74,24-05-2021
Chengalpattu,130587,112788,16257,1542,24-05-2021
Chennai,483757,429146,48151,6460,24-05-2021
Coimbatore,143164,108791,33325,1048,24-05-2021
Cuddalore,44261,36079,7733,449,24-05-2021
Dharmapuri,16201,12994,3107,100,24-05-2021
Dindigul,24200,20709,3166,325,24-05-2021
Erode,44818,32756,11810,252,24-05-2021
Kallakurichi,18593,14987,3485,121,24-05-2021
Kancheepuram,58300,50316,7153,831,24-05-2021
Kanyakumari,41835,29978,11252,605,24-05-2021
Karur,14145,11584,2408,153,24-05-2021
Krishnagiri,28882,20325,8376,181,24-05-2021
Madurai,57182,42752,13616,814,24-05-2021
Nagapattinam,24097,19048,4772,277,24-05-2021
Namakkal,26378,21882,4303,193,24-05-2021
Nilgiris,15651,12677,2901,73,24-05-2021
Perambalur,6505,4021,2434,50,24-05-2021
Pudukottai,20367,16632,3543,192,24-05-2021
Ramanathapuram,14707,11363,3154,190,24-05-2021
Ranipet,31173,26673,4154,346,24-05-2021
Salem,57913,51395,5707,811,24-05-2021
Sivagangai,12880,10998,1729,153,24-05-2021
Tenkasi,19797,15545,3978,274,24-05-2021
Thanjavur,41043,33962,6620,461,24-05-2021
Theni,32541,26265,5973,303,24-05-2021
Thirupathur,19680,14539,4842,299,24-05-2021
Thiruvallur,93674,79846,12630,1198,24-05-2021
Thiruvannamalai,36611,29386,6842,383,24-05-2021
Thiruvarur,25299,19773,5356,170,24-05-2021
Thoothukudi,43154,35118,7802,234,24-05-2021
Tirunelveli,40281,34052,5907,322,24-05-2021
Tiruppur,48697,35647,12711,339,24-05-2021
Trichy,48041,36801,10780,460,24-05-2021
Vellore,39126,34213,4271,642,24-05-2021
Villupuram,29778,25990,3582,206,24-05-2021
AirportSurveillance(International),1004,1001,2,1,24-05-2021
AirportSurveillance(Domestic),1075,1074,0,1,24-05-2021
RailwaySurveillance,428,428,0,0,24-05-2021
Ariyalur,9790,7546,2166,78,25-05-2021
Chengalpattu,132492,114283,16630,1579,25-05-2021
Chennai,487691,433592,47553,6546,25-05-2021
Coimbatore,146805,111480,34253,1072,25-05-2021
Cuddalore,44863,36896,7509,458,25-05-2021
Dharmapuri,16591,13335,3153,103,25-05-2021
Dindigul,24734,21075,3318,341,25-05-2021
Erode,46366,33712,12389,265,25-05-2021
Kallakurichi,18973,15347,3500,126,25-05-2021
Kancheepuram,59200,51393,6951,856,25-05-2021
Kanyakumari,42971,31435,10929,607,25-05-2021
Karur,14459,11735,2561,163,25-05-2021
Krishnagiri,29671,21945,7543,183,25-05-2021
Madurai,58536,43679,14034,823,25-05-2021
Nagapattinam,24711,19597,4817,297,25-05-2021
Namakkal,27092,22311,4586,195,25-05-2021
Nilgiris,16126,13048,3005,73,25-05-2021
Perambalur,6801,4195,2556,50,25-05-2021
Pudukottai,20717,16901,3624,192,25-05-2021
Ranipet,31611,26890,4369,352,25-05-2021
Salem,58850,52224,5795,831,25-05-2021
Sivagangai,13198,11084,1961,153,25-05-2021
Tenkasi,20185,15874,4023,288,25-05-2021
Thanjavur,42151,34995,6677,479,25-05-2021
Theni,33116,26405,6401,310,25-05-2021
Thirupathur,20163,15126,4728,309,25-05-2021
Thiruvannamalai,37578,30028,7163,387,25-05-2021
Thiruvarur,26205,20214,5817,174,25-05-2021
Thoothukudi,43844,35636,7966,242,25-05-2021
Tirunelveli,40763,34765,5670,328,25-05-2021
Tiruppur,50554,36383,13807,364,25-05-2021
Trichy,49158,38353,10328,477,25-05-2021
Vellore,39609,34403,4560,646,25-05-2021
Villupuram,30394,26348,3831,215,25-05-2021
Virudhunagar,32828,26164,6315,349,25-05-2021
AirportSurveillance(International),1004,1001,2,1,25-05-2021
AirportSurveillance(Domestic),1075,1074,0,1,25-05-2021
RailwaySurveillance,428,428,0,0,25-05-2021
Ariyalur,10013,7693,2235,85,26-05-2021
Chengalpattu,133825,116432,15776,1617,26-05-2021
Chennai,491197,438815,45738,6644,26-05-2021
Coimbatore,151077,114267,35707,1103,26-05-2021
Cuddalore,45514,37513,7538,463,26-05-2021
Dharmapuri,16954,13684,3162,108,26-05-2021
Dindigul,25215,21498,3368,349,26-05-2021
Erode,47998,34733,12986,279,26-05-2021
Kallakurichi,19397,15517,3752,128,26-05-2021
Kanyakumari,44089,32588,10871,630,26-05-2021
Karur,14822,11987,2666,169,26-05-2021
Krishnagiri,30342,22762,7396,184,26-05-2021
Madurai,60074,44142,15096,836,26-05-2021
Nagapattinam,25528,20248,4978,302,26-05-2021
Namakkal,27792,22702,4890,200,26-05-2021
Nilgiris,16550,13389,3086,75,26-05-2021
Perambalur,7028,4348,2628,52,26-05-2021
Pudukottai,21040,17271,3576,193,26-05-2021
Ramanathapuram,15320,12040,3081,199,26-05-2021
Ranipet,32154,27236,4551,367,26-05-2021
Salem,59699,52821,6016,862,26-05-2021
Sivagangai,13433,11257,2024,152,26-05-2021
Tenkasi,20518,16133,4095,290,26-05-2021
Thanjavur,43154,35475,7199,480,26-05-2021
Theni,33645,26654,6666,325,26-05-2021
Thirupathur,20496,15848,4332,316,26-05-2021
Thiruvallur,96302,82681,12355,1266,26-05-2021
Thiruvannamalai,38281,30514,7376,391,26-05-2021
Thiruvarur,27004,20880,5946,178,26-05-2021
Thoothukudi,44357,36235,7872,250,26-05-2021
Tirunelveli,41243,35404,5507,332,26-05-2021
Tiruppur,52438,37150,14909,379,26-05-2021
Trichy,50937,39617,10823,497,26-05-2021
Vellore,40033,35299,4073,661,26-05-2021
Villupuram,31149,27015,3913,221,26-05-2021
Virudhunagar,34033,26682,6991,360,26-05-2021
AirportSurveillance(International),1004,1001,2,1,26-05-2021
AirportSurveillance(Domestic),1075,1074,0,1,26-05-2021
RailwaySurveillance,428,428,0,0,26-05-2021
Ariyalur,10283,7797,2393,93,27-05-2021
Chengalpattu,135289,118762,14858,1669,27-05-2021
Chennai,493881,443534,43624,6723,27-05-2021
Coimbatore,155820,117197,37488,1135,27-05-2021
Cuddalore,46137,38083,7582,472,27-05-2021
Dharmapuri,17265,13981,3172,112,27-05-2021
Dindigul,25576,21789,3427,360,27-05-2021
Erode,49685,35879,13516,290,27-05-2021
Kallakurichi,19833,15712,3993,128,27-05-2021
Kancheepuram,60789,52908,6990,891,27-05-2021
Kanyakumari,45069,33893,10536,640,27-05-2021
Karur,15233,12177,2884,172,27-05-2021
Krishnagiri,30810,23840,6783,187,27-05-2021
Madurai,61478,44831,15801,846,27-05-2021
Nagapattinam,26299,20890,5103,306,27-05-2021
Namakkal,28681,23118,5354,209,27-05-2021
Nilgiris,16985,13709,3198,78,27-05-2021
Perambalur,7305,4516,2737,52,27-05-2021
Pudukottai,21424,17499,3732,193,27-05-2021
Ramanathapuram,15581,12254,3123,204,27-05-2021
Ranipet,32718,27818,4510,390,27-05-2021
Salem,60689,53458,6338,893,27-05-2021
Sivagangai,13599,11428,2015,156,27-05-2021
Tenkasi,20995,16552,4139,304,27-05-2021
Thanjavur,44093,36131,7469,493,27-05-2021
Theni,34211,27177,6705,329,27-05-2021
Thirupathur,21012,16307,4381,324,27-05-2021
Thiruvallur,97566,84668,11608,1290,27-05-2021
Thiruvannamalai,39026,30979,7651,396,27-05-2021
Thiruvarur,27495,21444,5868,183,27-05-2021
Thoothukudi,45035,36944,7838,253,27-05-2021
Tirunelveli,41670,35894,5442,334,27-05-2021
Tiruppur,54524,38059,16052,413,27-05-2021
Trichy,52563,41013,11043,507,27-05-2021
Vellore,40488,35916,3907,665,27-05-2021
Villupuram,31954,27541,4187,226,27-05-2021
Virudhunagar,35053,27083,7599,371,27-05-2021
AirportSurveillance(International),1004,1001,2,1,27-05-2021
AirportSurveillance(Domestic),1075,1074,0,1,27-05-2021
RailwaySurveillance,428,428,0,0,27-05-2021
Ariyalur,11034,8354,2569,111,30-05-2021
Chengalpattu,139263,125981,11493,1789,30-05-2021
Chennai,501930,459499,35423,7008,30-05-2021
Coimbatore,167003,126721,39047,1235,30-05-2021
Cuddalore,48038,40513,7016,509,30-05-2021
Dharmapuri,18288,15061,3100,127,30-05-2021
Dindigul,26666,22794,3480,392,30-05-2021
Erode,54914,39367,15207,340,30-05-2021
Kallakurichi,20829,16412,4287,130,30-05-2021
Kancheepuram,62912,55350,6614,948,30-05-2021
Kanyakumari,47910,37216,9991,703,30-05-2021
Karur,16732,12996,3539,197,30-05-2021
Krishnagiri,32282,26879,5208,195,30-05-2021
Madurai,64207,47504,15815,888,30-05-2021
Nagapattinam,28376,22819,5231,326,30-05-2021
Namakkal,31304,24511,6553,240,30-05-2021
Nilgiris,18491,14777,3626,88,30-05-2021
Perambalur,8206,5457,2694,55,30-05-2021
Pudukottai,22521,18241,4076,204,30-05-2021
Ramanathapuram,16498,12941,3335,222,30-05-2021
Ranipet,34132,28730,4962,440,30-05-2021
Salem,64454,55408,8096,950,30-05-2021
Sivagangai,14236,12100,1977,159,30-05-2021
Tenkasi,22168,17850,3989,329,30-05-2021
Thanjavur,46524,38684,7330,510,30-05-2021
Theni,35893,29190,6355,348,30-05-2021
Thirupathur,22414,17877,4189,348,30-05-2021
Thiruvallur,100475,90421,8691,1363,30-05-2021
Thiruvannamalai,40836,32671,7754,411,30-05-2021
Thiruvarur,29236,23336,5709,191,30-05-2021
Thoothukudi,47162,38919,7969,274,30-05-2021
Tirunelveli,42920,37802,4776,342,30-05-2021
Tiruppur,59563,41065,18035,463,30-05-2021
Trichy,56090,44723,10816,551,30-05-2021
Vellore,41760,37534,3501,725,30-05-2021
Villupuram,33802,28700,4856,246,30-05-2021
Virudhunagar,37004,28374,8235,395,30-05-2021
AirportSurveillance(International),1004,1001,2,1,30-05-2021
AirportSurveillance(Domestic),1075,1074,0,1,30-05-2021
RailwaySurveillance,428,428,0,0,30-05-2021
