Ariyalur,16693,16345,93,255,01/10/2021
Chengalpattu,168871,165309,1087,2475,01/10/2021
Chennai,550020,539583,1952,8485,01/10/2021
Coimbatore,242664,238300,2022,2342,01/10/2021
Cuddalore,63437,62196,383,858,01/10/2021
Dharmapuri,27722,27084,379,259,01/10/2021
Dindigul,32819,32054,127,638,01/10/2021
Erode,102007,100170,1165,672,01/10/2021
Kallakurichi,30969,30512,248,209,01/10/2021
Kancheepuram,73992,72359,385,1248,01/10/2021
Kanyakumari,61796,60481,273,1042,01/10/2021
Karur,23607,23075,177,355,01/10/2021
Krishnagiri,42876,42196,341,339,01/10/2021
Madurai,74624,73192,268,1164,01/10/2021
Mayiladuthurai,22843,22317,220,306,01/10/2021
Nagapattinam,20507,19857,322,328,01/10/2021
Namakkal,50680,49663,530,487,01/10/2021
Nilgiris,32774,32219,354,201,01/10/2021
Perambalur,11949,11623,88,238,01/10/2021
Pudukottai,29758,29126,223,409,01/10/2021
Ramanathapuram,20356,19935,65,356,01/10/2021
Ranipet,43060,42119,173,768,01/10/2021
Salem,98176,95765,745,1666,01/10/2021
Sivagangai,19863,19475,186,202,01/10/2021
Tenkasi,27285,26745,56,484,01/10/2021
Thanjavur,73541,71812,791,938,01/10/2021
Theni,43428,42827,84,517,01/10/2021
Thirupathur,29006,28175,212,619,01/10/2021
Thiruvallur,117853,115334,696,1823,01/10/2021
Thiruvannamalai,54370,53349,358,663,01/10/2021
Thiruvarur,40361,39411,538,412,01/10/2021
Thoothukudi,55874,55296,174,404,01/10/2021
Tirunelveli,48912,48254,228,430,01/10/2021
Tiruppur,93107,91279,873,955,01/10/2021
Trichy,76106,74420,654,1032,01/10/2021
Vellore,49417,48047,249,1121,01/10/2021
Villupuram,45474,44885,235,354,01/10/2021
Virudhunagar,46053,45364,142,547,01/10/2021
AirportSurveillance(International),1025,1022,2,1,01/10/2021
AirportSurveillance(Domestic),1083,1081,1,1,01/10/2021
RailwaySurveillance,428,428,0,0,01/10/2021
Ariyalur,16702,16352,95,255,02/10/2021
Chengalpattu,168978,165405,1096,2477,02/10/2021
Chennai,550214,539787,1937,8490,02/10/2021
Coimbatore,242830,238498,1990,2342,02/10/2021
Cuddalore,63467,62238,370,859,02/10/2021
Dharmapuri,27756,27117,380,259,02/10/2021
Dindigul,32828,32064,126,638,02/10/2021
Erode,102101,100278,1151,672,02/10/2021
Kallakurichi,30987,30547,231,209,02/10/2021
Kancheepuram,74023,72406,366,1251,02/10/2021
Kanyakumari,61822,60500,280,1042,02/10/2021
Karur,23632,23089,188,355,02/10/2021
Krishnagiri,42907,42228,339,340,02/10/2021
Madurai,74658,73208,286,1164,02/10/2021
Mayiladuthurai,22889,22347,236,306,02/10/2021
Nagapattinam,20521,19891,302,328,02/10/2021
Namakkal,50726,49709,529,488,02/10/2021
Nilgiris,32807,32248,357,202,02/10/2021
Perambalur,11957,11629,89,239,02/10/2021
Pudukottai,29776,29144,223,409,02/10/2021
Ramanathapuram,20364,19938,70,356,02/10/2021
Ranipet,43081,42133,180,768,02/10/2021
Salem,98236,95834,735,1667,02/10/2021
Sivagangai,19875,19486,187,202,02/10/2021
Tenkasi,27287,26752,51,484,02/10/2021
Thanjavur,73640,71906,795,939,02/10/2021
Theni,43436,42835,84,517,02/10/2021
Thirupathur,29030,28188,223,619,02/10/2021
Thiruvallur,117909,115390,694,1825,02/10/2021
Thiruvannamalai,54398,53380,354,664,02/10/2021
Thiruvarur,40420,39448,558,414,02/10/2021
Thoothukudi,55889,55316,169,404,02/10/2021
Tirunelveli,48938,48279,229,430,02/10/2021
Tiruppur,93188,91371,862,955,02/10/2021
Trichy,76163,74468,663,1032,02/10/2021
Vellore,49430,48062,245,1123,02/10/2021
Villupuram,45491,44913,224,354,02/10/2021
Virudhunagar,46072,45376,149,547,02/10/2021
AirportSurveillance(International),1025,1022,2,1,02/10/2021
AirportSurveillance(Domestic),1083,1081,1,1,02/10/2021
RailwaySurveillance,428,428,0,0,02/10/2021
Ariyalur,16710,16361,94,255,03/10/2021
Chengalpattu,169081,165496,1106,2479,03/10/2021
Chennai,550398,539981,1926,8491,03/10/2021
Coimbatore,242988,238704,1941,2343,03/10/2021
Cuddalore,63499,62276,364,859,03/10/2021
Dharmapuri,27789,27151,376,262,03/10/2021
Dindigul,32838,32072,128,638,03/10/2021
Erode,102188,100381,1135,672,03/10/2021
Kallakurichi,31005,30573,223,209,03/10/2021
Kancheepuram,74056,72445,359,1252,03/10/2021
Kanyakumari,61847,60521,283,1043,03/10/2021
Karur,23649,23105,189,355,03/10/2021
Krishnagiri,42950,42269,340,341,03/10/2021
Madurai,74687,73221,302,1164,03/10/2021
Mayiladuthurai,22916,22382,227,307,03/10/2021
Nagapattinam,20550,19920,300,330,03/10/2021
Namakkal,50776,49745,543,488,03/10/2021
Nilgiris,32846,32273,371,202,03/10/2021
Perambalur,11965,11636,89,240,03/10/2021
Pudukottai,29803,29172,220,411,03/10/2021
Ramanathapuram,20373,19943,74,356,03/10/2021
Ranipet,43100,42151,181,768,03/10/2021
Salem,98291,95908,716,1667,03/10/2021
Sivagangai,19890,19503,184,203,03/10/2021
Tenkasi,27288,26758,46,484,03/10/2021
Thanjavur,73727,71993,794,940,03/10/2021
Theni,43443,42839,87,517,03/10/2021
Thirupathur,29051,28202,229,620,03/10/2021
Thiruvallur,117972,115438,709,1825,03/10/2021
Thiruvannamalai,54424,53417,342,665,03/10/2021
Thiruvarur,40479,39479,584,416,03/10/2021
Thoothukudi,55902,55333,165,404,03/10/2021
Tirunelveli,48959,48307,222,430,03/10/2021
Tiruppur,93268,91457,855,956,03/10/2021
Trichy,76218,74527,659,1032,03/10/2021
Vellore,49439,48081,235,1123,03/10/2021
Villupuram,45506,44935,217,354,03/10/2021
Virudhunagar,46088,45386,155,547,03/10/2021
AirportSurveillance(International),1025,1022,2,1,03/10/2021
AirportSurveillance(Domestic),1083,1082,0,1,03/10/2021
RailwaySurveillance,428,428,0,0,03/10/2021
Ariyalur,16716,16374,87,255,04/10/2021
Chengalpattu,169188,165583,1126,2479,04/10/2021
Chennai,550582,540170,1917,8495,04/10/2021
Coimbatore,243143,238899,1901,2343,04/10/2021
Cuddalore,63530,62311,360,859,04/10/2021
Dharmapuri,27820,27178,380,262,04/10/2021
Dindigul,32849,32078,133,638,04/10/2021
Erode,102267,100486,1109,672,04/10/2021
Kallakurichi,31021,30597,215,209,04/10/2021
Kancheepuram,74089,72481,356,1252,04/10/2021
Kanyakumari,61871,60547,281,1043,04/10/2021
Karur,23667,23117,195,355,04/10/2021
Krishnagiri,42988,42316,329,343,04/10/2021
Madurai,74716,73240,310,1166,04/10/2021
Mayiladuthurai,22943,22410,226,307,04/10/2021
Nagapattinam,20573,19942,301,330,04/10/2021
Namakkal,50827,49783,556,488,04/10/2021
Nilgiris,32881,32302,377,202,04/10/2021
Perambalur,11970,11644,86,240,04/10/2021
Pudukottai,29824,29204,208,412,04/10/2021
Ramanathapuram,20381,19947,78,356,04/10/2021
Ranipet,43117,42166,183,768,04/10/2021
Salem,98343,95989,687,1667,04/10/2021
Sivagangai,19901,19523,175,203,04/10/2021
Tenkasi,27290,26765,41,484,04/10/2021
Thanjavur,73815,72067,805,943,04/10/2021
Theni,43450,42844,89,517,04/10/2021
Thirupathur,29069,28218,231,620,04/10/2021
Thiruvallur,118025,115492,706,1827,04/10/2021
Thiruvannamalai,54447,53448,334,665,04/10/2021
Thiruvarur,40535,39516,602,417,04/10/2021
Thoothukudi,55920,55346,169,405,04/10/2021
Tirunelveli,48976,48332,214,430,04/10/2021
Tiruppur,93347,91539,852,956,04/10/2021
Trichy,76267,74590,645,1032,04/10/2021
Vellore,49456,48098,235,1123,04/10/2021
Villupuram,45519,44958,207,354,04/10/2021
Virudhunagar,46102,45400,155,547,04/10/2021
AirportSurveillance(International),1026,1022,3,1,04/10/2021
AirportSurveillance(Domestic),1083,1082,0,1,04/10/2021
RailwaySurveillance,428,428,0,0,04/10/2021
Ariyalur,16723,16383,85,255,05/10/2021
Chengalpattu,169301,165669,1153,2479,05/10/2021
Chennai,550759,540362,1900,8497,05/10/2021
Coimbatore,243294,239107,1842,2345,05/10/2021
Cuddalore,63556,62343,354,859,05/10/2021
Dharmapuri,27851,27206,382,263,05/10/2021
Dindigul,32860,32085,137,638,05/10/2021
Erode,102357,100584,1100,673,05/10/2021
Kallakurichi,31036,30617,210,209,05/10/2021
Kancheepuram,74123,72515,355,1253,05/10/2021
Kanyakumari,61894,60576,275,1043,05/10/2021
Karur,23685,23130,200,355,05/10/2021
Krishnagiri,43022,42359,320,343,05/10/2021
Madurai,74745,73266,313,1166,05/10/2021
Mayiladuthurai,22969,22422,239,308,05/10/2021
Nagapattinam,20595,19957,308,330,05/10/2021
Namakkal,50872,49824,560,488,05/10/2021
Nilgiris,32915,32339,372,204,05/10/2021
Perambalur,11976,11648,88,240,05/10/2021
Pudukottai,29845,29231,202,412,05/10/2021
Ramanathapuram,20388,19952,80,356,05/10/2021
Ranipet,43130,42177,185,768,05/10/2021
Salem,98396,96076,653,1667,05/10/2021
Sivagangai,19912,19540,169,203,05/10/2021
Tenkasi,27293,26771,38,484,05/10/2021
Thanjavur,73895,72132,817,946,05/10/2021
Theni,43460,42848,95,517,05/10/2021
Thirupathur,29083,28243,219,621,05/10/2021
Thiruvallur,118087,115554,706,1827,05/10/2021
Thiruvannamalai,54470,53481,324,665,05/10/2021
Thiruvarur,40585,39547,621,417,05/10/2021
Thoothukudi,55937,55356,176,405,05/10/2021
Tirunelveli,49001,48350,221,430,05/10/2021
Tiruppur,93421,91618,846,957,05/10/2021
Trichy,76319,74664,622,1033,05/10/2021
Vellore,49468,48120,225,1123,05/10/2021
Villupuram,45533,44977,202,354,05/10/2021
Virudhunagar,46118,45418,153,547,05/10/2021
AirportSurveillance(International),1026,1023,2,1,05/10/2021
AirportSurveillance(Domestic),1083,1082,0,1,05/10/2021
RailwaySurveillance,428,428,0,0,05/10/2021
Ariyalur,16727,16391,81,255,06/10/2021
Chengalpattu,169412,165763,1169,2480,06/10/2021
Chennai,550936,540549,1885,8502,06/10/2021
Coimbatore,243443,239291,1803,2349,06/10/2021
Cuddalore,63582,62372,350,860,06/10/2021
Dharmapuri,27884,27232,388,264,06/10/2021
Dindigul,32873,32094,141,638,06/10/2021
Erode,102430,100687,1070,673,06/10/2021
Kallakurichi,31050,30633,208,209,06/10/2021
Kancheepuram,74156,72543,361,1252,06/10/2021
Kanyakumari,61915,60599,273,1043,06/10/2021
Karur,23700,23141,204,355,06/10/2021
Krishnagiri,43054,42390,319,345,06/10/2021
Madurai,74771,73296,309,1166,06/10/2021
Mayiladuthurai,22992,22435,249,308,06/10/2021
Nagapattinam,20620,19975,314,331,06/10/2021
Namakkal,50923,49873,562,488,06/10/2021
Nilgiris,32953,32381,367,205,06/10/2021
Perambalur,11981,11655,86,240,06/10/2021
Pudukottai,29866,29253,201,412,06/10/2021
Ramanathapuram,20398,19956,86,356,06/10/2021
Ranipet,43143,42192,182,769,06/10/2021
Salem,98446,96148,631,1667,06/10/2021
Sivagangai,19921,19559,159,203,06/10/2021
Tenkasi,27298,26776,38,484,06/10/2021
Thanjavur,73973,72184,842,947,06/10/2021
Theni,43469,42854,96,519,06/10/2021
Thirupathur,29098,28270,207,621,06/10/2021
Thiruvallur,118143,115623,693,1827,06/10/2021
Thiruvannamalai,54490,53516,309,665,06/10/2021
Thiruvarur,40652,39584,649,419,06/10/2021
Thoothukudi,55952,55370,177,405,06/10/2021
Tirunelveli,49018,48360,228,430,06/10/2021
Tiruppur,93501,91702,839,960,06/10/2021
Trichy,76371,74742,595,1034,06/10/2021
Vellore,49480,48144,213,1123,06/10/2021
Villupuram,45553,44998,201,354,06/10/2021
Virudhunagar,46132,45435,150,547,06/10/2021
AirportSurveillance(International),1026,1023,2,1,06/10/2021
AirportSurveillance(Domestic),1083,1082,0,1,06/10/2021
RailwaySurveillance,428,428,0,0,06/10/2021
Ariyalur,16732,16398,78,256,07/10/2021
Chengalpattu,169516,165860,1175,2481,07/10/2021
Chennai,551110,540740,1865,8505,07/10/2021
Coimbatore,243589,239478,1755,2356,07/10/2021
Cuddalore,63605,62403,342,860,07/10/2021
Dharmapuri,27913,27256,392,265,07/10/2021
Dindigul,32882,32104,140,638,07/10/2021
Erode,102511,100792,1045,674,07/10/2021
Kallakurichi,31062,30654,199,209,07/10/2021
Kancheepuram,74187,72569,366,1252,07/10/2021
Kanyakumari,61938,60621,274,1043,07/10/2021
Karur,23714,23153,206,355,07/10/2021
Krishnagiri,43084,42417,322,345,07/10/2021
Madurai,74794,73328,300,1166,07/10/2021
Mayiladuthurai,23020,22449,261,310,07/10/2021
Nagapattinam,20645,19991,322,332,07/10/2021
Namakkal,50984,49918,576,490,07/10/2021
Nilgiris,32989,32420,364,205,07/10/2021
Perambalur,11985,11660,85,240,07/10/2021
Pudukottai,29882,29272,198,412,07/10/2021
Ramanathapuram,20411,19962,93,356,07/10/2021
Ranipet,43156,42212,175,769,07/10/2021
Salem,98494,96217,608,1669,07/10/2021
Sivagangai,19929,19576,150,203,07/10/2021
Tenkasi,27299,26780,35,484,07/10/2021
Thanjavur,74051,72232,871,948,07/10/2021
Theni,43475,42862,94,519,07/10/2021
Thirupathur,29110,28298,190,622,07/10/2021
Thiruvallur,118197,115688,682,1827,07/10/2021
Thiruvannamalai,54508,53546,297,665,07/10/2021
Thiruvarur,40709,39619,669,421,07/10/2021
Thoothukudi,55965,55383,177,405,07/10/2021
Tirunelveli,49038,48369,239,430,07/10/2021
Tiruppur,93577,91780,835,962,07/10/2021
Trichy,76424,74813,577,1034,07/10/2021
Vellore,49496,48167,206,1123,07/10/2021
Villupuram,45573,45016,203,354,07/10/2021
Virudhunagar,46142,45450,145,547,07/10/2021
AirportSurveillance(International),1026,1023,2,1,07/10/2021
AirportSurveillance(Domestic),1083,1082,0,1,07/10/2021
RailwaySurveillance,428,428,0,0,07/10/2021
Ariyalur,16736,16406,73,257,08/10/2021
Chengalpattu,169619,165962,1175,2482,08/10/2021
Chennai,551275,540924,1843,8508,08/10/2021
Coimbatore,243732,239671,1704,2357,08/10/2021
Cuddalore,63626,62437,328,861,08/10/2021
Dharmapuri,27939,27284,387,268,08/10/2021
Dindigul,32892,32117,136,639,08/10/2021
Erode,102592,100889,1029,674,08/10/2021
Kallakurichi,31076,30671,196,209,08/10/2021
Kancheepuram,74216,72590,374,1252,08/10/2021
Kanyakumari,61963,60637,283,1043,08/10/2021
Karur,23726,23163,208,355,08/10/2021
Krishnagiri,43121,42440,335,346,08/10/2021
Madurai,74814,73355,293,1166,08/10/2021
Mayiladuthurai,23038,22467,260,311,08/10/2021
Nagapattinam,20669,20015,322,332,08/10/2021
Namakkal,51041,49969,582,490,08/10/2021
Nilgiris,33021,32452,364,205,08/10/2021
Perambalur,11988,11667,81,240,08/10/2021
Pudukottai,29897,29286,199,412,08/10/2021
Ramanathapuram,20423,19966,101,356,08/10/2021
Ranipet,43175,42223,182,770,08/10/2021
Salem,98540,96279,592,1669,08/10/2021
Sivagangai,19944,19591,150,203,08/10/2021
Tenkasi,27300,26785,31,484,08/10/2021
Thanjavur,74121,72278,893,950,08/10/2021
Theni,43481,42868,94,519,08/10/2021
Thirupathur,29120,28320,178,622,08/10/2021
Thiruvallur,118256,115751,676,1829,08/10/2021
Thiruvannamalai,54524,53582,277,665,08/10/2021
Thiruvarur,40767,39667,677,423,08/10/2021
Thoothukudi,55989,55402,182,405,08/10/2021
Tirunelveli,49056,48382,244,430,08/10/2021
Tiruppur,93650,91864,824,962,08/10/2021
Trichy,76477,74880,563,1034,08/10/2021
Vellore,49511,48188,200,1123,08/10/2021
Villupuram,45589,45036,199,354,08/10/2021
Virudhunagar,46151,45462,142,547,08/10/2021
AirportSurveillance(International),1026,1023,2,1,08/10/2021
AirportSurveillance(Domestic),1083,1082,0,1,08/10/2021
RailwaySurveillance,428,428,0,0,08/10/2021
Ariyalur,16738,16412,70,256,09/10/2021
Chengalpattu,169723,166066,1175,2482,09/10/2021
Chennai,551440,541093,1839,8508,09/10/2021
Coimbatore,243871,239852,1659,2360,09/10/2021
Cuddalore,63647,62464,320,863,09/10/2021
Dharmapuri,27964,27315,380,269,09/10/2021
Dindigul,32903,32127,137,639,09/10/2021
Erode,102666,100991,999,676,09/10/2021
Kallakurichi,31087,30686,192,209,09/10/2021
Kancheepuram,74243,72614,377,1252,09/10/2021
Kanyakumari,61985,60657,285,1043,09/10/2021
Karur,23740,23175,210,355,09/10/2021
Krishnagiri,43150,42459,344,347,09/10/2021
Madurai,74832,73380,286,1166,09/10/2021
Mayiladuthurai,23057,22488,258,311,09/10/2021
Nagapattinam,20686,20045,309,332,09/10/2021
Namakkal,51118,50025,603,490,09/10/2021
Nilgiris,33068,32486,377,205,09/10/2021
Perambalur,11990,11672,78,240,09/10/2021
Pudukottai,29914,29295,207,412,09/10/2021
Ramanathapuram,20433,19969,108,356,09/10/2021
Ranipet,43191,42237,184,770,09/10/2021
Salem,98599,96338,592,1669,09/10/2021
Sivagangai,19953,19608,142,203,09/10/2021
Tenkasi,27303,26789,30,484,09/10/2021
Thanjavur,74195,72317,927,951,09/10/2021
Theni,43493,42872,102,519,09/10/2021
Thirupathur,29126,28333,171,622,09/10/2021
Thiruvallur,118309,115818,662,1829,09/10/2021
Thiruvannamalai,54542,53614,263,665,09/10/2021
Thiruvarur,40818,39724,668,426,09/10/2021
Thoothukudi,56005,55424,176,405,09/10/2021
Tirunelveli,49070,48398,242,430,09/10/2021
Tiruppur,93725,91953,810,962,09/10/2021
Trichy,76529,74949,545,1035,09/10/2021
Vellore,49526,48206,196,1124,09/10/2021
Villupuram,45601,45059,188,354,09/10/2021
Virudhunagar,46159,45473,139,547,09/10/2021
AirportSurveillance(International),1026,1023,2,1,09/10/2021
AirportSurveillance(Domestic),1083,1082,0,1,09/10/2021
RailwaySurveillance,428,428,0,0,09/10/2021
Ariyalur,16746,16417,73,256,10/10/2021
Chengalpattu,169821,166185,1152,2484,10/10/2021
Chennai,551611,541257,1846,8508,10/10/2021
Coimbatore,244003,240009,1634,2360,10/10/2021
Cuddalore,63672,62488,321,863,10/10/2021
Dharmapuri,27990,27344,377,269,10/10/2021
Dindigul,32916,32135,142,639,10/10/2021
Erode,102737,101097,964,676,10/10/2021
Kallakurichi,31105,30707,189,209,10/10/2021
Kancheepuram,74278,72642,384,1252,10/10/2021
Kanyakumari,62006,60680,283,1043,10/10/2021
Karur,23752,23189,208,355,10/10/2021
Krishnagiri,43177,42472,358,347,10/10/2021
Madurai,74847,73399,281,1167,10/10/2021
Mayiladuthurai,23073,22504,258,311,10/10/2021
Nagapattinam,20705,20078,293,334,10/10/2021
Namakkal,51181,50089,602,490,10/10/2021
Nilgiris,33107,32516,386,205,10/10/2021
Perambalur,11994,11680,73,241,10/10/2021
Pudukottai,29926,29306,208,412,10/10/2021
Ramanathapuram,20443,19976,111,356,10/10/2021
Ranipet,43205,42255,180,770,10/10/2021
Salem,98654,96400,583,1671,10/10/2021
Sivagangai,19964,19620,141,203,10/10/2021
Tenkasi,27305,26791,30,484,10/10/2021
Thanjavur,74256,72365,938,953,10/10/2021
Theni,43501,42878,104,519,10/10/2021
Thirupathur,29132,28343,167,622,10/10/2021
Thiruvallur,118363,115883,651,1829,10/10/2021
Thiruvannamalai,54563,53640,258,665,10/10/2021
Thiruvarur,40868,39792,647,429,10/10/2021
Thoothukudi,56020,55441,174,405,10/10/2021
Tirunelveli,49081,48418,233,430,10/10/2021
Tiruppur,93820,92039,819,962,10/10/2021
Trichy,76582,75006,541,1035,10/10/2021
Vellore,49541,48221,194,1126,10/10/2021
Villupuram,45615,45075,186,354,10/10/2021
Virudhunagar,46168,45482,139,547,10/10/2021
AirportSurveillance(International),1026,1023,2,1,10/10/2021
AirportSurveillance(Domestic),1083,1082,0,1,10/10/2021
RailwaySurveillance,428,428,0,0,10/10/2021
Ariyalur,16757,16429,72,256,12/10/2021
Chengalpattu,170019,166393,1139,2487,12/10/2021
Chennai,551951,541597,1842,8512,12/10/2021
Coimbatore,244271,240311,1594,2366,12/10/2021
Cuddalore,63717,62543,310,864,12/10/2021
Dharmapuri,28040,27400,371,269,12/10/2021
Dindigul,32938,32162,136,640,12/10/2021
Erode,102878,101272,929,677,12/10/2021
Kallakurichi,31138,30749,180,209,12/10/2021
Kancheepuram,74348,72710,386,1252,12/10/2021
Kanyakumari,62050,60736,271,1043,12/10/2021
Karur,23777,23226,196,355,12/10/2021
Krishnagiri,43220,42513,360,347,12/10/2021
Madurai,74884,73445,271,1168,12/10/2021
Mayiladuthurai,23096,22542,242,312,12/10/2021
Nagapattinam,20754,20136,283,335,12/10/2021
Namakkal,51289,50204,595,490,12/10/2021
Nilgiris,33172,32572,393,207,12/10/2021
Perambalur,12003,11695,66,242,12/10/2021
Pudukottai,29957,29336,209,412,12/10/2021
Ramanathapuram,20458,19990,112,356,12/10/2021
Ranipet,43229,42284,175,770,12/10/2021
Salem,98767,96519,575,1673,12/10/2021
Sivagangai,19983,19647,132,204,12/10/2021
Tenkasi,27307,26794,29,484,12/10/2021
Thanjavur,74368,72484,930,954,12/10/2021
Theni,43514,42895,100,519,12/10/2021
Thirupathur,29146,28368,155,623,12/10/2021
Thiruvallur,118488,116004,654,1830,12/10/2021
Thiruvannamalai,54605,53693,246,666,12/10/2021
Thiruvarur,40953,39908,615,430,12/10/2021
Thoothukudi,56050,55470,175,405,12/10/2021
Tirunelveli,49114,48457,227,430,12/10/2021
Tiruppur,93988,92216,810,962,12/10/2021
Trichy,76681,75101,543,1037,12/10/2021
Vellore,49585,48250,210,1125,12/10/2021
Villupuram,45642,45117,171,354,12/10/2021
Virudhunagar,46183,45500,136,547,12/10/2021
AirportSurveillance(International),1026,1023,2,1,12/10/2021
AirportSurveillance(Domestic),1083,1082,0,1,12/10/2021
RailwaySurveillance,428,428,0,0,12/10/2021
Ariyalur,16770,16444,70,256,14/10/2021
Chengalpattu,170215,166594,1132,2489,14/10/2021
Chennai,552284,541942,1825,8517,14/10/2021
Coimbatore,244559,240592,1596,2371,14/10/2021
Cuddalore,63752,62596,292,864,14/10/2021
Dharmapuri,28092,27466,355,271,14/10/2021
Dindigul,32953,32186,126,641,14/10/2021
Erode,103037,101431,928,678,14/10/2021
Kallakurichi,31170,30789,172,209,14/10/2021
Kancheepuram,74419,72787,378,1254,14/10/2021
Kanyakumari,62090,60800,246,1044,14/10/2021
Karur,23800,23271,174,355,14/10/2021
Krishnagiri,43253,42575,331,347,14/10/2021
Madurai,74924,73496,259,1169,14/10/2021
Mayiladuthurai,23116,22593,209,314,14/10/2021
Nagapattinam,20791,20200,256,335,14/10/2021
Namakkal,51407,50324,591,492,14/10/2021
Nilgiris,33230,32648,375,207,14/10/2021
Perambalur,12009,11709,58,242,14/10/2021
Pudukottai,29986,29375,199,412,14/10/2021
Ramanathapuram,20477,20002,119,356,14/10/2021
Ranipet,43252,42315,167,770,14/10/2021
Salem,98882,96632,574,1676,14/10/2021
Sivagangai,20005,19666,135,204,14/10/2021
Tenkasi,27310,26799,27,484,14/10/2021
Thanjavur,74485,72607,923,955,14/10/2021
Theni,43522,42906,96,520,14/10/2021
Thirupathur,29167,28391,153,623,14/10/2021
Thiruvallur,118613,116130,652,1831,14/10/2021
Thiruvannamalai,54644,53747,231,666,14/10/2021
Thiruvarur,41023,40019,573,431,14/10/2021
Thoothukudi,56083,55504,172,407,14/10/2021
Tirunelveli,49147,48502,215,430,14/10/2021
Tiruppur,94144,92364,815,965,14/10/2021
Trichy,76770,75207,525,1038,14/10/2021
Vellore,49616,48279,211,1126,14/10/2021
Villupuram,45663,45149,160,354,14/10/2021
Virudhunagar,46198,45522,128,548,14/10/2021
AirportSurveillance(International),1027,1023,3,1,14/10/2021
AirportSurveillance(Domestic),1083,1082,0,1,14/10/2021
RailwaySurveillance,428,428,0,0,14/10/2021
Ariyalur,16781,16453,72,256,15/10/2021
Chengalpattu,170302,166699,1112,2491,15/10/2021
Chennai,552459,542110,1830,8519,15/10/2021
Coimbatore,244699,240735,1587,2377,15/10/2021
Cuddalore,63770,62623,283,864,15/10/2021
Dharmapuri,28120,27504,345,271,15/10/2021
Dindigul,32960,32199,119,642,15/10/2021
Erode,103115,101516,921,678,15/10/2021
Kallakurichi,31186,30810,167,209,15/10/2021
Kancheepuram,74454,72827,373,1254,15/10/2021
Kanyakumari,62107,60823,240,1044,15/10/2021
Karur,23814,23290,169,355,15/10/2021
Krishnagiri,43275,42605,323,347,15/10/2021
Madurai,74943,73524,250,1169,15/10/2021
Mayiladuthurai,23126,22613,199,314,15/10/2021
Nagapattinam,20806,20225,246,335,15/10/2021
Namakkal,51462,50376,594,492,15/10/2021
Nilgiris,33259,32677,375,207,15/10/2021
Perambalur,12012,11714,56,242,15/10/2021
Pudukottai,30000,29397,190,413,15/10/2021
Ramanathapuram,20485,20008,121,356,15/10/2021
Ranipet,43262,42327,165,770,15/10/2021
Salem,98934,96690,568,1676,15/10/2021
Sivagangai,20018,19677,137,204,15/10/2021
Tenkasi,27314,26801,29,484,15/10/2021
Thanjavur,74542,72685,902,955,15/10/2021
Theni,43524,42913,91,520,15/10/2021
Thirupathur,29173,28407,142,624,15/10/2021
Thiruvallur,118668,116199,638,1831,15/10/2021
Thiruvannamalai,54665,53771,228,666,15/10/2021
Thiruvarur,41055,40067,557,431,15/10/2021
Thoothukudi,56100,55517,175,408,15/10/2021
Tirunelveli,49160,48520,210,430,15/10/2021
Tiruppur,94220,92440,815,965,15/10/2021
Trichy,76819,75258,521,1040,15/10/2021
Vellore,49635,48297,212,1126,15/10/2021
Villupuram,45675,45164,157,354,15/10/2021
Virudhunagar,46202,45539,115,548,15/10/2021
AirportSurveillance(International),1027,1024,2,1,15/10/2021
AirportSurveillance(Domestic),1085,1082,2,1,15/10/2021
RailwaySurveillance,428,428,0,0,15/10/2021
Ariyalur,16790,16459,75,256,16/10/2021
Chengalpattu,170391,166798,1102,2491,16/10/2021
Chennai,552617,542283,1810,8524,16/10/2021
Coimbatore,244836,240883,1575,2378,16/10/2021
Cuddalore,63793,62645,284,864,16/10/2021
Dharmapuri,28144,27538,335,271,16/10/2021
Dindigul,32972,32210,120,642,16/10/2021
Erode,103196,101610,908,678,16/10/2021
Kallakurichi,31202,30823,170,209,16/10/2021
Kancheepuram,74485,72865,366,1254,16/10/2021
Kanyakumari,62124,60842,238,1044,16/10/2021
Karur,23821,23313,153,355,16/10/2021
Krishnagiri,43295,42633,315,347,16/10/2021
Madurai,74961,73549,243,1169,16/10/2021
Mayiladuthurai,23142,22631,196,315,16/10/2021
Nagapattinam,20828,20251,242,335,16/10/2021
Namakkal,51506,50419,595,492,16/10/2021
Nilgiris,33283,32709,367,207,16/10/2021
Perambalur,12014,11722,50,242,16/10/2021
Pudukottai,30011,29415,183,413,16/10/2021
Ramanathapuram,20494,20015,123,356,16/10/2021
Ranipet,43278,42344,164,770,16/10/2021
Salem,98993,96752,563,1678,16/10/2021
Sivagangai,20028,19687,137,204,16/10/2021
Tenkasi,27316,26805,27,484,16/10/2021
Thanjavur,74614,72783,875,956,16/10/2021
Theni,43527,42918,89,520,16/10/2021
Thirupathur,29180,28427,129,624,16/10/2021
Thiruvallur,118729,116262,636,1831,16/10/2021
Thiruvannamalai,54686,53798,222,666,16/10/2021
Thiruvarur,41082,40113,537,432,16/10/2021
Thoothukudi,56113,55532,173,408,16/10/2021
Tirunelveli,49176,48541,205,430,16/10/2021
Tiruppur,94303,92514,822,967,16/10/2021
Trichy,76868,75306,520,1042,16/10/2021
Vellore,49644,48313,205,1126,16/10/2021
Villupuram,45688,45173,161,354,16/10/2021
Virudhunagar,46204,45553,103,548,16/10/2021
AirportSurveillance(International),1027,1024,2,1,16/10/2021
AirportSurveillance(Domestic),1085,1082,2,1,16/10/2021
RailwaySurveillance,428,428,0,0,16/10/2021
Ariyalur,16797,16466,75,256,17/10/2021
Chengalpattu,170479,166900,1088,2491,17/10/2021
Chennai,552773,542453,1794,8526,17/10/2021
Coimbatore,244968,241034,1552,2382,17/10/2021
Cuddalore,63813,62669,280,864,17/10/2021
Dharmapuri,28167,27573,323,271,17/10/2021
Dindigul,32980,32222,116,642,17/10/2021
Erode,103286,101701,906,679,17/10/2021
Kallakurichi,31217,30834,174,209,17/10/2021
Kancheepuram,74515,72899,362,1254,17/10/2021
Kanyakumari,62138,60858,236,1044,17/10/2021
Karur,23832,23334,143,355,17/10/2021
Krishnagiri,43318,42659,312,347,17/10/2021
Madurai,74979,73572,238,1169,17/10/2021
Mayiladuthurai,23155,22648,192,315,17/10/2021
Nagapattinam,20850,20276,239,335,17/10/2021
Namakkal,51557,50460,605,492,17/10/2021
Nilgiris,33304,32739,358,207,17/10/2021
Perambalur,12018,11727,49,242,17/10/2021
Pudukottai,30021,29434,174,413,17/10/2021
Ramanathapuram,20502,20023,123,356,17/10/2021
Ranipet,43290,42359,161,770,17/10/2021
Salem,99049,96811,560,1678,17/10/2021
Sivagangai,20039,19696,139,204,17/10/2021
Tenkasi,27318,26808,26,484,17/10/2021
Thanjavur,74682,72886,840,956,17/10/2021
Theni,43531,42922,89,520,17/10/2021
Thirupathur,29193,28449,120,624,17/10/2021
Thiruvallur,118784,116327,626,1831,17/10/2021
Thiruvannamalai,54705,53826,212,667,17/10/2021
Thiruvarur,41110,40156,520,434,17/10/2021
Thoothukudi,56125,55546,171,408,17/10/2021
Tirunelveli,49196,48561,205,430,17/10/2021
Tiruppur,94376,92590,818,968,17/10/2021
Trichy,76913,75355,514,1044,17/10/2021
Vellore,49660,48325,207,1128,17/10/2021
Villupuram,45699,45181,164,354,17/10/2021
Virudhunagar,46213,45566,99,548,17/10/2021
AirportSurveillance(International),1027,1024,2,1,17/10/2021
AirportSurveillance(Domestic),1085,1082,2,1,17/10/2021
RailwaySurveillance,428,428,0,0,17/10/2021
Ariyalur,16805,16472,77,256,18/10/2021
Chengalpattu,170566,166997,1077,2492,18/10/2021
Chennai,552920,542619,1774,8527,18/10/2021
Coimbatore,245099,241188,1528,2383,18/10/2021
Cuddalore,63832,62696,272,864,18/10/2021
Dharmapuri,28195,27605,319,271,18/10/2021
Dindigul,32988,32231,115,642,18/10/2021
Erode,103364,101795,890,679,18/10/2021
Kallakurichi,31231,30847,175,209,18/10/2021
Kancheepuram,74545,72937,354,1254,18/10/2021
Kanyakumari,62145,60878,222,1045,18/10/2021
Karur,23847,23352,140,355,18/10/2021
Krishnagiri,43336,42689,300,347,18/10/2021
Madurai,74999,73597,233,1169,18/10/2021
Mayiladuthurai,23171,22669,187,315,18/10/2021
Nagapattinam,20866,20304,227,335,18/10/2021
Namakkal,51611,50504,615,492,18/10/2021
Nilgiris,33325,32766,352,207,18/10/2021
Perambalur,12022,11734,46,242,18/10/2021
Pudukottai,30035,29450,172,413,18/10/2021
Ramanathapuram,20511,20033,122,356,18/10/2021
Ranipet,43304,42378,155,771,18/10/2021
Salem,99105,96873,554,1678,18/10/2021
Sivagangai,20050,19708,138,204,18/10/2021
Tenkasi,27317,26809,24,484,18/10/2021
Thanjavur,74722,72978,786,958,18/10/2021
Theni,43534,42930,84,520,18/10/2021
Thirupathur,29205,28473,107,625,18/10/2021
Thiruvallur,118841,116387,622,1832,18/10/2021
Thiruvannamalai,54728,53849,212,667,18/10/2021
Thiruvarur,41145,40195,516,434,18/10/2021
Thoothukudi,56136,55561,167,408,18/10/2021
Tirunelveli,49219,48583,206,430,18/10/2021
Tiruppur,94455,92664,823,968,18/10/2021
Trichy,76960,75407,506,1047,18/10/2021
Vellore,49676,48338,209,1129,18/10/2021
Villupuram,45711,45192,165,354,18/10/2021
Virudhunagar,46223,45580,95,548,18/10/2021
AirportSurveillance(International),1027,1024,2,1,18/10/2021
AirportSurveillance(Domestic),1085,1082,2,1,18/10/2021
RailwaySurveillance,428,428,0,0,18/10/2021
Ariyalur,16809,16479,74,256,19/10/2021
Chengalpattu,170664,167092,1080,2492,19/10/2021
Chennai,553079,542778,1771,8530,19/10/2021
Coimbatore,245226,241336,1506,2384,19/10/2021
Cuddalore,63855,62721,270,864,19/10/2021
Dharmapuri,28219,27635,313,271,19/10/2021
Dindigul,33001,32242,117,642,19/10/2021
Erode,103440,101883,878,679,19/10/2021
Kallakurichi,31246,30862,175,209,19/10/2021
Kancheepuram,74580,72973,353,1254,19/10/2021
Kanyakumari,62157,60896,216,1045,19/10/2021
Karur,23862,23366,141,355,19/10/2021
Krishnagiri,43352,42722,283,347,19/10/2021
Madurai,75015,73623,223,1169,19/10/2021
Mayiladuthurai,23181,22692,174,315,19/10/2021
Nagapattinam,20881,20333,213,335,19/10/2021
Namakkal,51666,50553,620,493,19/10/2021
Nilgiris,33343,32794,341,208,19/10/2021
Perambalur,12028,11739,46,243,19/10/2021
Pudukottai,30044,29467,164,413,19/10/2021
Ramanathapuram,20519,20045,118,356,19/10/2021
Ranipet,43318,42399,148,771,19/10/2021
Salem,99165,96937,549,1679,19/10/2021
Sivagangai,20060,19721,134,205,19/10/2021
Tenkasi,27321,26812,25,484,19/10/2021
Thanjavur,74782,73065,759,958,19/10/2021
Theni,43540,42936,84,520,19/10/2021
Thirupathur,29216,28493,98,625,19/10/2021
Thiruvallur,118893,116449,612,1832,19/10/2021
Thiruvannamalai,54750,53871,212,667,19/10/2021
Thiruvarur,41167,40236,496,435,19/10/2021
Thoothukudi,56146,55577,161,408,19/10/2021
Tirunelveli,49232,48602,199,431,19/10/2021
Tiruppur,94529,92736,823,970,19/10/2021
Trichy,77005,75461,495,1049,19/10/2021
Vellore,49686,48356,201,1129,19/10/2021
Villupuram,45720,45201,164,355,19/10/2021
Virudhunagar,46226,45592,86,548,19/10/2021
AirportSurveillance(International),1027,1024,2,1,19/10/2021
AirportSurveillance(Domestic),1085,1082,2,1,19/10/2021
RailwaySurveillance,428,428,0,0,19/10/2021
Ariyalur,16813,16483,74,256,20/10/2021
Chengalpattu,170741,167191,1056,2494,20/10/2021
Chennai,553221,542939,1751,8531,20/10/2021
Coimbatore,245369,241479,1500,2390,20/10/2021
Cuddalore,63877,62750,263,864,20/10/2021
Dharmapuri,28240,27666,302,272,20/10/2021
Dindigul,33009,32255,112,642,20/10/2021
Erode,103529,101974,876,679,20/10/2021
Kallakurichi,31258,30880,169,209,20/10/2021
Kancheepuram,74629,73008,366,1255,20/10/2021
Kanyakumari,62167,60917,204,1046,20/10/2021
Karur,23881,23383,143,355,20/10/2021
Krishnagiri,43370,42750,273,347,20/10/2021
Madurai,75041,73647,225,1169,20/10/2021
Mayiladuthurai,23192,22719,158,315,20/10/2021
Nagapattinam,20897,20349,212,336,20/10/2021
Namakkal,51715,50605,617,493,20/10/2021
Nilgiris,33362,32824,330,208,20/10/2021
Perambalur,12031,11746,42,243,20/10/2021
Pudukottai,30056,29489,153,414,20/10/2021
Ramanathapuram,20528,20060,112,356,20/10/2021
Ranipet,43329,42422,136,771,20/10/2021
Salem,99227,96990,557,1680,20/10/2021
Sivagangai,20071,19736,130,205,20/10/2021
Tenkasi,27324,26813,27,484,20/10/2021
Thanjavur,74826,73159,708,959,20/10/2021
Theni,43543,42947,76,520,20/10/2021
Thirupathur,29223,28507,91,625,20/10/2021
Thiruvallur,118945,116506,606,1833,20/10/2021
Thiruvannamalai,54770,53887,216,667,20/10/2021
Thiruvarur,41192,40280,477,435,20/10/2021
Thoothukudi,56161,55596,157,408,20/10/2021
Tirunelveli,49243,48622,190,431,20/10/2021
Tiruppur,94596,92810,815,971,20/10/2021
Trichy,77050,75517,482,1051,20/10/2021
Vellore,49702,48368,205,1129,20/10/2021
Villupuram,45732,45219,158,355,20/10/2021
Virudhunagar,46233,45600,85,548,20/10/2021
AirportSurveillance(International),1027,1024,2,1,20/10/2021
AirportSurveillance(Domestic),1085,1082,2,1,20/10/2021
RailwaySurveillance,428,428,0,0,20/10/2021
Ariyalur,16814,16489,68,257,21/10/2021
Chengalpattu,170857,167293,1070,2494,21/10/2021
Chennai,553371,543104,1735,8532,21/10/2021
Coimbatore,245507,241627,1488,2392,21/10/2021
Cuddalore,63898,62783,248,867,21/10/2021
Dharmapuri,28260,27700,288,272,21/10/2021
Dindigul,33014,32270,100,644,21/10/2021
Erode,103617,102058,878,681,21/10/2021
Kallakurichi,31269,30893,167,209,21/10/2021
Kancheepuram,74646,73036,354,1256,21/10/2021
Kanyakumari,62183,60941,196,1046,21/10/2021
Karur,23897,23394,148,355,21/10/2021
Krishnagiri,43389,42785,257,347,21/10/2021
Madurai,75061,73665,227,1169,21/10/2021
Mayiladuthurai,23202,22735,152,315,21/10/2021
Nagapattinam,20915,20370,209,336,21/10/2021
Namakkal,51757,50659,604,494,21/10/2021
Nilgiris,33382,32850,324,208,21/10/2021
Perambalur,12035,11751,41,243,21/10/2021
Pudukottai,30062,29509,139,414,21/10/2021
Ramanathapuram,20533,20077,99,357,21/10/2021
Ranipet,43342,42446,125,771,21/10/2021
Salem,99291,97031,580,1680,21/10/2021
Sivagangai,20087,19748,134,205,21/10/2021
Tenkasi,27329,26816,29,484,21/10/2021
Thanjavur,74884,73246,677,961,21/10/2021
Theni,43548,42961,67,520,21/10/2021
Thirupathur,29230,28516,89,625,21/10/2021
Thiruvallur,118992,116567,591,1834,21/10/2021
Thiruvannamalai,54789,53906,216,667,21/10/2021
Thiruvarur,41209,40328,446,435,21/10/2021
Thoothukudi,56176,55621,147,408,21/10/2021
Tirunelveli,49253,48644,178,431,21/10/2021
Tiruppur,94669,92889,808,972,21/10/2021
Trichy,77097,75569,475,1053,21/10/2021
Vellore,49710,48376,205,1129,21/10/2021
Villupuram,45745,45242,148,355,21/10/2021
Virudhunagar,46237,45610,79,548,21/10/2021
AirportSurveillance(International),1027,1024,2,1,21/10/2021
AirportSurveillance(Domestic),1085,1082,2,1,21/10/2021
RailwaySurveillance,428,428,0,0,21/10/2021
Ariyalur,16815,16494,64,257,22/10/2021
Chengalpattu,170950,167400,1056,2494,22/10/2021
Chennai,553509,543272,1704,8533,22/10/2021
Coimbatore,245647,241779,1471,2397,22/10/2021
Cuddalore,63915,62813,235,867,22/10/2021
Dharmapuri,28280,27737,271,272,22/10/2021
Dindigul,33019,32279,96,644,22/10/2021
Erode,103696,102134,881,681,22/10/2021
Kallakurichi,31283,30908,166,209,22/10/2021
Kancheepuram,74678,73068,354,1256,22/10/2021
Kanyakumari,62203,60967,188,1048,22/10/2021
Karur,23918,23406,157,355,22/10/2021
Krishnagiri,43404,42819,238,347,22/10/2021
Madurai,75080,73685,226,1169,22/10/2021
Mayiladuthurai,23212,22753,144,315,22/10/2021
Nagapattinam,20932,20393,203,336,22/10/2021
Namakkal,51823,50717,611,495,22/10/2021
Nilgiris,33404,32881,315,208,22/10/2021
Perambalur,12038,11755,40,243,22/10/2021
Pudukottai,30077,29523,140,414,22/10/2021
Ramanathapuram,20535,20088,90,357,22/10/2021
Ranipet,43353,42463,119,771,22/10/2021
Salem,99351,97077,593,1681,22/10/2021
Sivagangai,20100,19759,136,205,22/10/2021
Tenkasi,27329,26817,28,484,22/10/2021
Thanjavur,74935,73318,654,963,22/10/2021
Theni,43551,42974,57,520,22/10/2021
Thirupathur,29237,28522,90,625,22/10/2021
Thiruvallur,119039,116634,568,1837,22/10/2021
Thiruvannamalai,54808,53922,219,667,22/10/2021
Thiruvarur,41229,40387,406,436,22/10/2021
Thoothukudi,56192,55636,148,408,22/10/2021
Tirunelveli,49267,48661,175,431,22/10/2021
Tiruppur,94737,92970,793,974,22/10/2021
Trichy,77142,75617,471,1054,22/10/2021
Vellore,49721,48386,206,1129,22/10/2021
Villupuram,45756,45261,140,355,22/10/2021
Virudhunagar,46244,45622,74,548,22/10/2021
AirportSurveillance(International),1027,1024,2,1,22/10/2021
AirportSurveillance(Domestic),1085,1082,2,1,22/10/2021
RailwaySurveillance,428,428,0,0,22/10/2021
Ariyalur,16818,16500,58,260,23/10/2021
Chengalpattu,171051,167509,1046,2496,23/10/2021
Chennai,553651,543443,1674,8534,23/10/2021
Coimbatore,245782,241933,1449,2400,23/10/2021
Cuddalore,63935,62840,228,867,23/10/2021
Dharmapuri,28298,27768,257,273,23/10/2021
Dindigul,33030,32287,99,644,23/10/2021
Erode,103762,102201,880,681,23/10/2021
Kallakurichi,31291,30924,157,210,23/10/2021
Kancheepuram,74711,73096,359,1256,23/10/2021
Kanyakumari,62222,60990,184,1048,23/10/2021
Karur,23934,23421,158,355,23/10/2021
Krishnagiri,43419,42849,223,347,23/10/2021
Madurai,75101,73709,223,1169,23/10/2021
Mayiladuthurai,23227,22772,139,316,23/10/2021
Nagapattinam,20953,20419,198,336,23/10/2021
Namakkal,51877,50781,600,496,23/10/2021
Nilgiris,33422,32910,304,208,23/10/2021
Perambalur,12039,11760,36,243,23/10/2021
Pudukottai,30094,29540,140,414,23/10/2021
Ramanathapuram,20537,20097,83,357,23/10/2021
Ranipet,43361,42476,113,772,23/10/2021
Salem,99407,97126,600,1681,23/10/2021
Sivagangai,20105,19769,130,206,23/10/2021
Tenkasi,27330,26818,28,484,23/10/2021
Thanjavur,74988,73383,641,964,23/10/2021
Theni,43554,42986,48,520,23/10/2021
Thirupathur,29240,28529,86,625,23/10/2021
Thiruvallur,119076,116690,549,1837,23/10/2021
Thiruvannamalai,54829,53940,222,667,23/10/2021
Thiruvarur,41260,40449,374,437,23/10/2021
Thoothukudi,56207,55650,149,408,23/10/2021
Tirunelveli,49275,48672,172,431,23/10/2021
Tiruppur,94823,93057,792,974,23/10/2021
Trichy,77187,75659,474,1054,23/10/2021
Vellore,49735,48402,204,1129,23/10/2021
Villupuram,45767,45281,131,355,23/10/2021
Virudhunagar,46251,45635,68,548,23/10/2021
AirportSurveillance(International),1027,1024,2,1,23/10/2021
AirportSurveillance(Domestic),1085,1082,2,1,23/10/2021
RailwaySurveillance,428,428,0,0,23/10/2021
Ariyalur,16819,16504,55,260,24/10/2021
Chengalpattu,171150,167621,1028,2501,24/10/2021
Chennai,553792,543608,1650,8534,24/10/2021
Coimbatore,245911,242082,1428,2401,24/10/2021
Cuddalore,63956,62865,224,867,24/10/2021
Dharmapuri,28315,27796,246,273,24/10/2021
Dindigul,33041,32297,100,644,24/10/2021
Erode,103826,102263,881,682,24/10/2021
Kallakurichi,31298,30938,150,210,24/10/2021
Kancheepuram,74745,73127,362,1256,24/10/2021
Kanyakumari,62242,61010,184,1048,24/10/2021
Karur,23955,23433,167,355,24/10/2021
Krishnagiri,43436,42876,213,347,24/10/2021
Madurai,75116,73731,216,1169,24/10/2021
Mayiladuthurai,23239,22798,125,316,24/10/2021
Nagapattinam,20977,20440,201,336,24/10/2021
Namakkal,51930,50856,578,496,24/10/2021
Nilgiris,33442,32944,289,209,24/10/2021
Perambalur,12041,11763,35,243,24/10/2021
Pudukottai,30108,29559,135,414,24/10/2021
Ramanathapuram,20539,20103,79,357,24/10/2021
Ranipet,43367,42484,110,773,24/10/2021
Salem,99466,97177,607,1682,24/10/2021
Sivagangai,20113,19776,131,206,24/10/2021
Tenkasi,27332,26820,28,484,24/10/2021
Thanjavur,75042,73446,630,966,24/10/2021
Theni,43556,42995,41,520,24/10/2021
Thirupathur,29251,28534,92,625,24/10/2021
Thiruvallur,119118,116742,537,1839,24/10/2021
Thiruvannamalai,54848,53964,217,667,24/10/2021
Thiruvarur,41291,40507,347,437,24/10/2021
Thoothukudi,56219,55667,144,408,24/10/2021
Tirunelveli,49281,48687,163,431,24/10/2021
Tiruppur,94901,93146,781,974,24/10/2021
Trichy,77232,75704,474,1054,24/10/2021
Vellore,49747,48425,192,1130,24/10/2021
Villupuram,45778,45299,124,355,24/10/2021
Virudhunagar,46256,45642,66,548,24/10/2021
AirportSurveillance(International),1027,1024,2,1,24/10/2021
AirportSurveillance(Domestic),1085,1082,2,1,24/10/2021
RailwaySurveillance,428,428,0,0,24/10/2021
Ariyalur,16821,16509,51,261,25/10/2021
Chengalpattu,171243,167735,1006,2502,25/10/2021
Chennai,553938,543776,1625,8537,25/10/2021
Coimbatore,246043,242233,1407,2403,25/10/2021
Cuddalore,63976,62888,221,867,25/10/2021
Dharmapuri,28334,27817,244,273,25/10/2021
Dindigul,33049,32308,96,645,25/10/2021
Erode,103893,102330,881,682,25/10/2021
Kallakurichi,31308,30950,148,210,25/10/2021
Kancheepuram,74781,73163,362,1256,25/10/2021
Kanyakumari,62256,61032,176,1048,25/10/2021
Karur,23972,23448,169,355,25/10/2021
Krishnagiri,43454,42900,207,347,25/10/2021
Madurai,75129,73749,210,1170,25/10/2021
Mayiladuthurai,23250,22818,116,316,25/10/2021
Nagapattinam,20994,20456,201,337,25/10/2021
Namakkal,51976,50925,555,496,25/10/2021
Nilgiris,33461,32982,270,209,25/10/2021
Perambalur,12044,11765,36,243,25/10/2021
Pudukottai,30119,29569,135,415,25/10/2021
Ramanathapuram,20543,20110,76,357,25/10/2021
Ranipet,43375,42490,112,773,25/10/2021
Salem,99526,97235,608,1683,25/10/2021
Sivagangai,20122,19784,132,206,25/10/2021
Tenkasi,27337,26821,32,484,25/10/2021
Thanjavur,75091,73508,616,967,25/10/2021
Theni,43558,42999,39,520,25/10/2021
Thirupathur,29255,28546,84,625,25/10/2021
Thiruvallur,119156,116799,518,1839,25/10/2021
Thiruvannamalai,54866,53985,214,667,25/10/2021
Thiruvarur,41322,40559,326,437,25/10/2021
Thoothukudi,56230,55680,142,408,25/10/2021
Tirunelveli,49289,48704,154,431,25/10/2021
Tiruppur,94980,93238,768,974,25/10/2021
Trichy,77282,75745,482,1055,25/10/2021
Vellore,49759,48450,179,1130,25/10/2021
Villupuram,45791,45313,123,355,25/10/2021
Virudhunagar,46265,45651,66,548,25/10/2021
AirportSurveillance(International),1027,1024,2,1,25/10/2021
AirportSurveillance(Domestic),1085,1082,2,1,25/10/2021
RailwaySurveillance,428,428,0,0,25/10/2021
Ariyalur,16829,16516,52,261,26/10/2021
Chengalpattu,171340,167844,993,2503,26/10/2021
Chennai,554058,543948,1573,8537,26/10/2021
Coimbatore,246172,242387,1381,2404,26/10/2021
Cuddalore,63995,62909,219,867,26/10/2021
Dharmapuri,28352,27841,238,273,26/10/2021
Dindigul,33060,32313,102,645,26/10/2021
Erode,103953,102399,872,682,26/10/2021
Kallakurichi,31315,30965,140,210,26/10/2021
Kancheepuram,74815,73201,358,1256,26/10/2021
Kanyakumari,62273,61048,177,1048,26/10/2021
Karur,23992,23459,177,356,26/10/2021
Krishnagiri,43473,42920,206,347,26/10/2021
Madurai,75143,73763,209,1171,26/10/2021
Mayiladuthurai,23256,22826,114,316,26/10/2021
Nagapattinam,21007,20473,193,341,26/10/2021
Namakkal,52022,50990,536,496,26/10/2021
Nilgiris,33479,33017,253,209,26/10/2021
Perambalur,12048,11769,36,243,26/10/2021
Pudukottai,30131,29582,134,415,26/10/2021
Ramanathapuram,20545,20118,70,357,26/10/2021
Ranipet,43381,42500,107,774,26/10/2021
Salem,99588,97297,608,1683,26/10/2021
Sivagangai,20134,19796,132,206,26/10/2021
Tenkasi,27343,26822,37,484,26/10/2021
Thanjavur,75140,73575,595,970,26/10/2021
Theni,43561,43001,40,520,26/10/2021
Thirupathur,29258,28555,78,625,26/10/2021
Thiruvallur,119197,116858,499,1840,26/10/2021
Thiruvannamalai,54883,54003,213,667,26/10/2021
Thiruvarur,41349,40602,309,438,26/10/2021
Thoothukudi,56240,55697,135,408,26/10/2021
Tirunelveli,49305,48723,151,431,26/10/2021
Tiruppur,95058,93332,752,974,26/10/2021
Trichy,77329,75793,481,1055,26/10/2021
Vellore,49783,48473,180,1130,26/10/2021
Villupuram,45803,45324,123,356,26/10/2021
Virudhunagar,46267,45657,62,548,26/10/2021
AirportSurveillance(International),1028,1024,3,1,26/10/2021
AirportSurveillance(Domestic),1085,1082,2,1,26/10/2021
RailwaySurveillance,428,428,0,0,26/10/2021
Ariyalur,16836,16522,53,261,27/10/2021
Chengalpattu,171427,167948,976,2503,27/10/2021
Chennai,554188,544117,1533,8538,27/10/2021
Coimbatore,246298,242538,1353,2407,27/10/2021
Cuddalore,64012,62929,216,867,27/10/2021
Dharmapuri,28369,27863,233,273,27/10/2021
Dindigul,33070,32320,105,645,27/10/2021
Erode,104017,102470,865,682,27/10/2021
Kallakurichi,31316,30977,129,210,27/10/2021
Kancheepuram,74844,73237,350,1257,27/10/2021
Kanyakumari,62293,61065,180,1048,27/10/2021
Karur,24012,23475,181,356,27/10/2021
Krishnagiri,43496,42943,206,347,27/10/2021
Madurai,75155,73776,207,1172,27/10/2021
Mayiladuthurai,23262,22831,115,316,27/10/2021
Nagapattinam,21023,20488,194,341,27/10/2021
Namakkal,52065,51049,520,496,27/10/2021
Nilgiris,33494,33049,235,210,27/10/2021
Perambalur,12051,11773,35,243,27/10/2021
Pudukottai,30143,29596,132,415,27/10/2021
Ramanathapuram,20552,20127,68,357,27/10/2021
Ranipet,43389,42511,104,774,27/10/2021
Salem,99647,97361,603,1683,27/10/2021
Sivagangai,20148,19809,133,206,27/10/2021
Tenkasi,27347,26824,39,484,27/10/2021
Thanjavur,75187,73640,577,970,27/10/2021
Theni,43563,43004,39,520,27/10/2021
Thirupathur,29263,28563,75,625,27/10/2021
Thiruvallur,119235,116913,480,1842,27/10/2021
Thiruvannamalai,54902,54022,213,667,27/10/2021
Thiruvarur,41369,40647,284,438,27/10/2021
Thoothukudi,56253,55718,127,408,27/10/2021
Tirunelveli,49326,48741,154,431,27/10/2021
Tiruppur,95130,93429,724,977,27/10/2021
Trichy,77376,75843,478,1055,27/10/2021
Vellore,49805,48498,177,1130,27/10/2021
Villupuram,45817,45334,127,356,27/10/2021
Virudhunagar,46272,45661,63,548,27/10/2021
AirportSurveillance(International),1028,1024,3,1,27/10/2021
AirportSurveillance(Domestic),1085,1082,2,1,27/10/2021
RailwaySurveillance,428,428,0,0,27/10/2021
Ariyalur,16843,16532,50,261,28/10/2021
Chengalpattu,171514,168042,969,2503,28/10/2021
Chennai,554323,544274,1508,8541,28/10/2021
Coimbatore,246423,242683,1330,2410,28/10/2021
Cuddalore,64032,62947,218,867,28/10/2021
Dharmapuri,28385,27887,225,273,28/10/2021
Dindigul,33075,32328,102,645,28/10/2021
Erode,104094,102553,859,682,28/10/2021
Kallakurichi,31325,30994,121,210,28/10/2021
Kancheepuram,74873,73276,340,1257,28/10/2021
Kanyakumari,62311,61079,184,1048,28/10/2021
Karur,24031,23487,188,356,28/10/2021
Krishnagiri,43519,42969,203,347,28/10/2021
Madurai,75170,73795,203,1172,28/10/2021
Mayiladuthurai,23264,22840,108,316,28/10/2021
Nagapattinam,21034,20506,185,343,28/10/2021
Namakkal,52112,51101,515,496,28/10/2021
Nilgiris,33511,33078,223,210,28/10/2021
Perambalur,12055,11775,37,243,28/10/2021
Pudukottai,30152,29607,130,415,28/10/2021
Ramanathapuram,20556,20134,65,357,28/10/2021
Ranipet,43401,42523,104,774,28/10/2021
Salem,99709,97422,604,1683,28/10/2021
Sivagangai,20158,19824,128,206,28/10/2021
Tenkasi,27348,26826,38,484,28/10/2021
Thanjavur,75231,73698,563,970,28/10/2021
Theni,43564,43007,37,520,28/10/2021
Thirupathur,29274,28569,80,625,28/10/2021
Thiruvallur,119271,116972,457,1842,28/10/2021
Thiruvannamalai,54916,54044,205,667,28/10/2021
Thiruvarur,41393,40685,269,439,28/10/2021
Thoothukudi,56269,55731,130,408,28/10/2021
Tirunelveli,49340,48766,143,431,28/10/2021
Tiruppur,95195,93511,706,978,28/10/2021
Trichy,77418,75897,464,1057,28/10/2021
Vellore,49820,48519,171,1130,28/10/2021
Villupuram,45828,45350,122,356,28/10/2021
Virudhunagar,46276,45666,62,548,28/10/2021
AirportSurveillance(International),1028,1024,3,1,28/10/2021
AirportSurveillance(Domestic),1085,1082,2,1,28/10/2021
RailwaySurveillance,428,428,0,0,28/10/2021
Ariyalur,16847,16541,45,261,29/10/2021
Chengalpattu,171608,168139,966,2503,29/10/2021
Chennai,554439,544420,1477,8542,29/10/2021
Coimbatore,246544,242820,1312,2412,29/10/2021
Cuddalore,64051,62962,222,867,29/10/2021
Dharmapuri,28398,27913,211,274,29/10/2021
Dindigul,33083,32333,105,645,29/10/2021
Erode,104164,102645,837,682,29/10/2021
Kallakurichi,31336,31012,114,210,29/10/2021
Kancheepuram,74910,73310,343,1257,29/10/2021
Kanyakumari,62328,61091,189,1048,29/10/2021
Karur,24048,23496,196,356,29/10/2021
Krishnagiri,43536,42997,191,348,29/10/2021
Madurai,75188,73818,198,1172,29/10/2021
Mayiladuthurai,23273,22853,104,316,29/10/2021
Nagapattinam,21046,20522,181,343,29/10/2021
Namakkal,52154,51149,507,498,29/10/2021
Nilgiris,33529,33110,209,210,29/10/2021
Perambalur,12059,11779,37,243,29/10/2021
Pudukottai,30163,29614,133,416,29/10/2021
Ramanathapuram,20559,20144,58,357,29/10/2021
Ranipet,43412,42531,107,774,29/10/2021
Salem,99771,97488,600,1683,29/10/2021
Sivagangai,20171,19838,127,206,29/10/2021
Tenkasi,27350,26827,39,484,29/10/2021
Thanjavur,75273,73754,547,972,29/10/2021
Theni,43565,43009,36,520,29/10/2021
Thirupathur,29283,28582,76,625,29/10/2021
Thiruvallur,119309,117026,441,1842,29/10/2021
Thiruvannamalai,54935,54068,200,667,29/10/2021
Thiruvarur,41415,40714,262,439,29/10/2021
Thoothukudi,56281,55742,131,408,29/10/2021
Tirunelveli,49351,48785,135,431,29/10/2021
Tiruppur,95265,93579,708,978,29/10/2021
Trichy,77457,75944,456,1057,29/10/2021
Vellore,49830,48536,163,1131,29/10/2021
Villupuram,45838,45362,120,356,29/10/2021
Virudhunagar,46283,45672,63,548,29/10/2021
AirportSurveillance(International),1028,1025,2,1,29/10/2021
AirportSurveillance(Domestic),1085,1082,2,1,29/10/2021
RailwaySurveillance,428,428,0,0,29/10/2021
Ariyalur,16849,16545,43,261,30/10/2021
Chengalpattu,171694,168234,956,2504,30/10/2021
Chennai,554554,544558,1454,8542,30/10/2021
Coimbatore,246660,242944,1301,2415,30/10/2021
Cuddalore,64069,62979,223,867,30/10/2021
Dharmapuri,28409,27936,199,274,30/10/2021
Dindigul,33090,32341,104,645,30/10/2021
Erode,104235,102742,809,684,30/10/2021
Kallakurichi,31350,31033,107,210,30/10/2021
Kancheepuram,74940,73349,333,1258,30/10/2021
Kanyakumari,62345,61100,197,1048,30/10/2021
Karur,24071,23507,208,356,30/10/2021
Krishnagiri,43554,43017,189,348,30/10/2021
Madurai,75202,73836,194,1172,30/10/2021
Mayiladuthurai,23277,22868,93,316,30/10/2021
Nagapattinam,21058,20541,172,345,30/10/2021
Namakkal,52202,51202,502,498,30/10/2021
Nilgiris,33546,33139,197,210,30/10/2021
Perambalur,12065,11785,37,243,30/10/2021
Pudukottai,30171,29619,136,416,30/10/2021
Ramanathapuram,20561,20152,52,357,30/10/2021
Ranipet,43422,42543,104,775,30/10/2021
Salem,99831,97552,595,1684,30/10/2021
Sivagangai,20182,19845,131,206,30/10/2021
Tenkasi,27353,26830,39,484,30/10/2021
Thanjavur,75315,73815,528,972,30/10/2021
Theni,43570,43013,37,520,30/10/2021
Thirupathur,29291,28592,74,625,30/10/2021
Thiruvallur,119342,117083,417,1842,30/10/2021
Thiruvannamalai,54950,54094,189,667,30/10/2021
Thiruvarur,41438,40738,260,440,30/10/2021
Thoothukudi,56293,55748,137,408,30/10/2021
Tirunelveli,49363,48799,133,431,30/10/2021
Tiruppur,95336,93630,728,978,30/10/2021
Trichy,77497,75989,449,1059,30/10/2021
Vellore,49852,48549,172,1131,30/10/2021
Villupuram,45847,45371,120,356,30/10/2021
Virudhunagar,46289,45679,62,548,30/10/2021
AirportSurveillance(International),1028,1025,2,1,30/10/2021
AirportSurveillance(Domestic),1085,1082,2,1,30/10/2021
RailwaySurveillance,428,428,0,0,30/10/2021
Ariyalur,16854,16548,45,261,31/10/2021
Chengalpattu,171777,168327,944,2506,31/10/2021
Chennai,554672,544701,1425,8546,31/10/2021
Coimbatore,246780,243070,1294,2416,31/10/2021
Cuddalore,64085,62997,221,867,31/10/2021
Dharmapuri,28425,27957,194,274,31/10/2021
Dindigul,33099,32348,106,645,31/10/2021
Erode,104303,102836,781,686,31/10/2021
Kallakurichi,31364,31056,98,210,31/10/2021
Kancheepuram,74970,73386,326,1258,31/10/2021
Kanyakumari,62362,61112,202,1048,31/10/2021
Karur,24091,23523,212,356,31/10/2021
Krishnagiri,43570,43036,186,348,31/10/2021
Madurai,75215,73853,190,1172,31/10/2021
Mayiladuthurai,23280,22878,86,316,31/10/2021
Nagapattinam,21074,20561,167,346,31/10/2021
Namakkal,52245,51253,494,498,31/10/2021
Nilgiris,33566,33164,190,212,31/10/2021
Perambalur,12067,11790,34,243,31/10/2021
Pudukottai,30183,29627,140,416,31/10/2021
Ramanathapuram,20564,20158,49,357,31/10/2021
Ranipet,43436,42557,104,775,31/10/2021
Salem,99893,97619,589,1685,31/10/2021
Sivagangai,20195,19854,135,206,31/10/2021
Tenkasi,27357,26834,39,484,31/10/2021
Thanjavur,75352,73874,506,972,31/10/2021
Theni,43571,43018,32,521,31/10/2021
Thirupathur,29301,28600,76,625,31/10/2021
Thiruvallur,119370,117138,390,1842,31/10/2021
Thiruvannamalai,54968,54122,179,667,31/10/2021
Thiruvarur,41461,40760,259,442,31/10/2021
Thoothukudi,56304,55757,138,409,31/10/2021
Tirunelveli,49374,48812,130,432,31/10/2021
Tiruppur,95405,93683,743,979,31/10/2021
Trichy,77534,76038,437,1059,31/10/2021
Vellore,49864,48564,169,1131,31/10/2021
Villupuram,45857,45382,119,356,31/10/2021
Virudhunagar,46294,45687,59,548,31/10/2021
AirportSurveillance(International),1028,1025,2,1,31/10/2021
AirportSurveillance(Domestic),1085,1082,2,1,31/10/2021
RailwaySurveillance,428,428,0,0,31/10/2021
